[0.047s] DEBUG:colcon:Command line arguments: ['/usr/bin/colcon', 'build']
[0.047s] DEBUG:colcon:Parsed command line arguments: Namespace(log_base=None, log_level=None, verb_name='build', build_base='build', install_base='install', merge_install=False, symlink_install=False, test_result_base=None, continue_on_error=False, executor='parallel', parallel_workers=28, event_handlers=None, ignore_user_meta=False, metas=['./colcon.meta'], base_paths=['.'], packages_ignore=None, packages_ignore_regex=None, paths=None, packages_up_to=None, packages_up_to_regex=None, packages_above=None, packages_above_and_dependencies=None, packages_above_depth=None, packages_select_by_dep=None, packages_skip_by_dep=None, packages_skip_up_to=None, packages_select_build_failed=False, packages_skip_build_finished=False, packages_select_test_failures=False, packages_skip_test_passed=False, packages_select=None, packages_skip=None, packages_select_regex=None, packages_skip_regex=None, packages_start=None, packages_end=None, allow_overriding=[], cmake_args=None, cmake_target=None, cmake_target_skip_unavailable=False, cmake_clean_cache=False, cmake_clean_first=False, cmake_force_configure=False, ament_cmake_args=None, catkin_cmake_args=None, catkin_skip_building_tests=False, mixin_files=None, mixin=None, verb_parser=<colcon_mixin.mixin.mixin_argument.MixinArgumentDecorator object at 0x7a59c3d52c20>, verb_extension=<colcon_core.verb.build.BuildVerb object at 0x7a59c3d52740>, main=<bound method BuildVerb.main of <colcon_core.verb.build.BuildVerb object at 0x7a59c3d52740>>, mixin_verb=('build',))
[0.118s] Level 1:colcon.colcon_core.package_discovery:discover_packages(colcon_meta) check parameters
[0.118s] Level 1:colcon.colcon_core.package_discovery:discover_packages(recursive) check parameters
[0.118s] Level 1:colcon.colcon_core.package_discovery:discover_packages(ignore) check parameters
[0.118s] Level 1:colcon.colcon_core.package_discovery:discover_packages(path) check parameters
[0.118s] Level 1:colcon.colcon_core.package_discovery:discover_packages(colcon_meta) discover
[0.118s] Level 1:colcon.colcon_core.package_discovery:discover_packages(recursive) discover
[0.118s] INFO:colcon.colcon_core.package_discovery:Crawling recursively for packages in '/home/aiv/ev_ws/perception'
[0.118s] Level 1:colcon.colcon_core.package_identification:_identify(.) by extensions ['ignore', 'ignore_ament_install']
[0.118s] Level 1:colcon.colcon_core.package_identification:_identify(.) by extension 'ignore'
[0.118s] Level 1:colcon.colcon_core.package_identification:_identify(.) by extension 'ignore_ament_install'
[0.118s] Level 1:colcon.colcon_core.package_identification:_identify(.) by extensions ['colcon_pkg']
[0.118s] Level 1:colcon.colcon_core.package_identification:_identify(.) by extension 'colcon_pkg'
[0.118s] Level 1:colcon.colcon_core.package_identification:_identify(.) by extensions ['colcon_meta']
[0.118s] Level 1:colcon.colcon_core.package_identification:_identify(.) by extension 'colcon_meta'
[0.118s] Level 1:colcon.colcon_core.package_identification:_identify(.) by extensions ['ros']
[0.118s] Level 1:colcon.colcon_core.package_identification:_identify(.) by extension 'ros'
[0.123s] Level 1:colcon.colcon_core.package_identification:_identify(.) by extensions ['cmake', 'python']
[0.123s] Level 1:colcon.colcon_core.package_identification:_identify(.) by extension 'cmake'
[0.123s] Level 1:colcon.colcon_core.package_identification:_identify(.) by extension 'python'
[0.123s] Level 1:colcon.colcon_core.package_identification:_identify(.) by extensions ['python_setup_py']
[0.123s] Level 1:colcon.colcon_core.package_identification:_identify(.) by extension 'python_setup_py'
[0.123s] Level 1:colcon.colcon_core.package_identification:_identify(build) by extensions ['ignore', 'ignore_ament_install']
[0.123s] Level 1:colcon.colcon_core.package_identification:_identify(build) by extension 'ignore'
[0.123s] Level 1:colcon.colcon_core.package_identification:_identify(build) ignored
[0.123s] Level 1:colcon.colcon_core.package_identification:_identify(install) by extensions ['ignore', 'ignore_ament_install']
[0.123s] Level 1:colcon.colcon_core.package_identification:_identify(install) by extension 'ignore'
[0.123s] Level 1:colcon.colcon_core.package_identification:_identify(install) ignored
[0.123s] Level 1:colcon.colcon_core.package_identification:_identify(log) by extensions ['ignore', 'ignore_ament_install']
[0.123s] Level 1:colcon.colcon_core.package_identification:_identify(log) by extension 'ignore'
[0.123s] Level 1:colcon.colcon_core.package_identification:_identify(log) ignored
[0.123s] Level 1:colcon.colcon_core.package_identification:_identify(rosbag) by extensions ['ignore', 'ignore_ament_install']
[0.123s] Level 1:colcon.colcon_core.package_identification:_identify(rosbag) by extension 'ignore'
[0.123s] Level 1:colcon.colcon_core.package_identification:_identify(rosbag) by extension 'ignore_ament_install'
[0.123s] Level 1:colcon.colcon_core.package_identification:_identify(rosbag) by extensions ['colcon_pkg']
[0.123s] Level 1:colcon.colcon_core.package_identification:_identify(rosbag) by extension 'colcon_pkg'
[0.123s] Level 1:colcon.colcon_core.package_identification:_identify(rosbag) by extensions ['colcon_meta']
[0.123s] Level 1:colcon.colcon_core.package_identification:_identify(rosbag) by extension 'colcon_meta'
[0.123s] Level 1:colcon.colcon_core.package_identification:_identify(rosbag) by extensions ['ros']
[0.123s] Level 1:colcon.colcon_core.package_identification:_identify(rosbag) by extension 'ros'
[0.123s] Level 1:colcon.colcon_core.package_identification:_identify(rosbag) by extensions ['cmake', 'python']
[0.123s] Level 1:colcon.colcon_core.package_identification:_identify(rosbag) by extension 'cmake'
[0.123s] Level 1:colcon.colcon_core.package_identification:_identify(rosbag) by extension 'python'
[0.124s] Level 1:colcon.colcon_core.package_identification:_identify(rosbag) by extensions ['python_setup_py']
[0.124s] Level 1:colcon.colcon_core.package_identification:_identify(rosbag) by extension 'python_setup_py'
[0.124s] Level 1:colcon.colcon_core.package_identification:_identify(rosbag/0214) by extensions ['ignore', 'ignore_ament_install']
[0.124s] Level 1:colcon.colcon_core.package_identification:_identify(rosbag/0214) by extension 'ignore'
[0.124s] Level 1:colcon.colcon_core.package_identification:_identify(rosbag/0214) by extension 'ignore_ament_install'
[0.124s] Level 1:colcon.colcon_core.package_identification:_identify(rosbag/0214) by extensions ['colcon_pkg']
[0.124s] Level 1:colcon.colcon_core.package_identification:_identify(rosbag/0214) by extension 'colcon_pkg'
[0.124s] Level 1:colcon.colcon_core.package_identification:_identify(rosbag/0214) by extensions ['colcon_meta']
[0.124s] Level 1:colcon.colcon_core.package_identification:_identify(rosbag/0214) by extension 'colcon_meta'
[0.124s] Level 1:colcon.colcon_core.package_identification:_identify(rosbag/0214) by extensions ['ros']
[0.124s] Level 1:colcon.colcon_core.package_identification:_identify(rosbag/0214) by extension 'ros'
[0.124s] Level 1:colcon.colcon_core.package_identification:_identify(rosbag/0214) by extensions ['cmake', 'python']
[0.124s] Level 1:colcon.colcon_core.package_identification:_identify(rosbag/0214) by extension 'cmake'
[0.124s] Level 1:colcon.colcon_core.package_identification:_identify(rosbag/0214) by extension 'python'
[0.124s] Level 1:colcon.colcon_core.package_identification:_identify(rosbag/0214) by extensions ['python_setup_py']
[0.124s] Level 1:colcon.colcon_core.package_identification:_identify(rosbag/0214) by extension 'python_setup_py'
[0.124s] Level 1:colcon.colcon_core.package_identification:_identify(rosbag/trimmed) by extensions ['ignore', 'ignore_ament_install']
[0.124s] Level 1:colcon.colcon_core.package_identification:_identify(rosbag/trimmed) by extension 'ignore'
[0.124s] Level 1:colcon.colcon_core.package_identification:_identify(rosbag/trimmed) by extension 'ignore_ament_install'
[0.124s] Level 1:colcon.colcon_core.package_identification:_identify(rosbag/trimmed) by extensions ['colcon_pkg']
[0.124s] Level 1:colcon.colcon_core.package_identification:_identify(rosbag/trimmed) by extension 'colcon_pkg'
[0.124s] Level 1:colcon.colcon_core.package_identification:_identify(rosbag/trimmed) by extensions ['colcon_meta']
[0.124s] Level 1:colcon.colcon_core.package_identification:_identify(rosbag/trimmed) by extension 'colcon_meta'
[0.124s] Level 1:colcon.colcon_core.package_identification:_identify(rosbag/trimmed) by extensions ['ros']
[0.124s] Level 1:colcon.colcon_core.package_identification:_identify(rosbag/trimmed) by extension 'ros'
[0.124s] Level 1:colcon.colcon_core.package_identification:_identify(rosbag/trimmed) by extensions ['cmake', 'python']
[0.124s] Level 1:colcon.colcon_core.package_identification:_identify(rosbag/trimmed) by extension 'cmake'
[0.124s] Level 1:colcon.colcon_core.package_identification:_identify(rosbag/trimmed) by extension 'python'
[0.124s] Level 1:colcon.colcon_core.package_identification:_identify(rosbag/trimmed) by extensions ['python_setup_py']
[0.124s] Level 1:colcon.colcon_core.package_identification:_identify(rosbag/trimmed) by extension 'python_setup_py'
[0.124s] Level 1:colcon.colcon_core.package_identification:_identify(src) by extensions ['ignore', 'ignore_ament_install']
[0.124s] Level 1:colcon.colcon_core.package_identification:_identify(src) by extension 'ignore'
[0.124s] Level 1:colcon.colcon_core.package_identification:_identify(src) by extension 'ignore_ament_install'
[0.124s] Level 1:colcon.colcon_core.package_identification:_identify(src) by extensions ['colcon_pkg']
[0.124s] Level 1:colcon.colcon_core.package_identification:_identify(src) by extension 'colcon_pkg'
[0.124s] Level 1:colcon.colcon_core.package_identification:_identify(src) by extensions ['colcon_meta']
[0.124s] Level 1:colcon.colcon_core.package_identification:_identify(src) by extension 'colcon_meta'
[0.124s] Level 1:colcon.colcon_core.package_identification:_identify(src) by extensions ['ros']
[0.124s] Level 1:colcon.colcon_core.package_identification:_identify(src) by extension 'ros'
[0.124s] Level 1:colcon.colcon_core.package_identification:_identify(src) by extensions ['cmake', 'python']
[0.124s] Level 1:colcon.colcon_core.package_identification:_identify(src) by extension 'cmake'
[0.124s] Level 1:colcon.colcon_core.package_identification:_identify(src) by extension 'python'
[0.124s] Level 1:colcon.colcon_core.package_identification:_identify(src) by extensions ['python_setup_py']
[0.124s] Level 1:colcon.colcon_core.package_identification:_identify(src) by extension 'python_setup_py'
[0.124s] Level 1:colcon.colcon_core.package_identification:_identify(src/lidar) by extensions ['ignore', 'ignore_ament_install']
[0.124s] Level 1:colcon.colcon_core.package_identification:_identify(src/lidar) by extension 'ignore'
[0.124s] Level 1:colcon.colcon_core.package_identification:_identify(src/lidar) by extension 'ignore_ament_install'
[0.124s] Level 1:colcon.colcon_core.package_identification:_identify(src/lidar) by extensions ['colcon_pkg']
[0.124s] Level 1:colcon.colcon_core.package_identification:_identify(src/lidar) by extension 'colcon_pkg'
[0.124s] Level 1:colcon.colcon_core.package_identification:_identify(src/lidar) by extensions ['colcon_meta']
[0.124s] Level 1:colcon.colcon_core.package_identification:_identify(src/lidar) by extension 'colcon_meta'
[0.124s] Level 1:colcon.colcon_core.package_identification:_identify(src/lidar) by extensions ['ros']
[0.124s] Level 1:colcon.colcon_core.package_identification:_identify(src/lidar) by extension 'ros'
[0.124s] Level 1:colcon.colcon_core.package_identification:_identify(src/lidar) by extensions ['cmake', 'python']
[0.125s] Level 1:colcon.colcon_core.package_identification:_identify(src/lidar) by extension 'cmake'
[0.125s] Level 1:colcon.colcon_core.package_identification:_identify(src/lidar) by extension 'python'
[0.125s] Level 1:colcon.colcon_core.package_identification:_identify(src/lidar) by extensions ['python_setup_py']
[0.125s] Level 1:colcon.colcon_core.package_identification:_identify(src/lidar) by extension 'python_setup_py'
[0.125s] Level 1:colcon.colcon_core.package_identification:_identify(src/lidar/cluster_filter) by extensions ['ignore', 'ignore_ament_install']
[0.125s] Level 1:colcon.colcon_core.package_identification:_identify(src/lidar/cluster_filter) by extension 'ignore'
[0.125s] Level 1:colcon.colcon_core.package_identification:_identify(src/lidar/cluster_filter) by extension 'ignore_ament_install'
[0.125s] Level 1:colcon.colcon_core.package_identification:_identify(src/lidar/cluster_filter) by extensions ['colcon_pkg']
[0.125s] Level 1:colcon.colcon_core.package_identification:_identify(src/lidar/cluster_filter) by extension 'colcon_pkg'
[0.125s] Level 1:colcon.colcon_core.package_identification:_identify(src/lidar/cluster_filter) by extensions ['colcon_meta']
[0.125s] Level 1:colcon.colcon_core.package_identification:_identify(src/lidar/cluster_filter) by extension 'colcon_meta'
[0.125s] Level 1:colcon.colcon_core.package_identification:_identify(src/lidar/cluster_filter) by extensions ['ros']
[0.125s] Level 1:colcon.colcon_core.package_identification:_identify(src/lidar/cluster_filter) by extension 'ros'
[0.132s] DEBUG:colcon.colcon_core.package_identification:Package 'src/lidar/cluster_filter' with type 'ros.ament_cmake' and name 'cluster_filter'
[0.132s] Level 1:colcon.colcon_core.package_identification:_identify(src/lidar/lidar_clustering) by extensions ['ignore', 'ignore_ament_install']
[0.132s] Level 1:colcon.colcon_core.package_identification:_identify(src/lidar/lidar_clustering) by extension 'ignore'
[0.132s] Level 1:colcon.colcon_core.package_identification:_identify(src/lidar/lidar_clustering) by extension 'ignore_ament_install'
[0.132s] Level 1:colcon.colcon_core.package_identification:_identify(src/lidar/lidar_clustering) by extensions ['colcon_pkg']
[0.132s] Level 1:colcon.colcon_core.package_identification:_identify(src/lidar/lidar_clustering) by extension 'colcon_pkg'
[0.132s] Level 1:colcon.colcon_core.package_identification:_identify(src/lidar/lidar_clustering) by extensions ['colcon_meta']
[0.132s] Level 1:colcon.colcon_core.package_identification:_identify(src/lidar/lidar_clustering) by extension 'colcon_meta'
[0.132s] Level 1:colcon.colcon_core.package_identification:_identify(src/lidar/lidar_clustering) by extensions ['ros']
[0.132s] Level 1:colcon.colcon_core.package_identification:_identify(src/lidar/lidar_clustering) by extension 'ros'
[0.132s] DEBUG:colcon.colcon_core.package_identification:Package 'src/lidar/lidar_clustering' with type 'ros.ament_cmake' and name 'lidar_clustering'
[0.132s] Level 1:colcon.colcon_core.package_identification:_identify(src/lidar/lidar_interfaces) by extensions ['ignore', 'ignore_ament_install']
[0.132s] Level 1:colcon.colcon_core.package_identification:_identify(src/lidar/lidar_interfaces) by extension 'ignore'
[0.132s] Level 1:colcon.colcon_core.package_identification:_identify(src/lidar/lidar_interfaces) by extension 'ignore_ament_install'
[0.132s] Level 1:colcon.colcon_core.package_identification:_identify(src/lidar/lidar_interfaces) by extensions ['colcon_pkg']
[0.132s] Level 1:colcon.colcon_core.package_identification:_identify(src/lidar/lidar_interfaces) by extension 'colcon_pkg'
[0.133s] Level 1:colcon.colcon_core.package_identification:_identify(src/lidar/lidar_interfaces) by extensions ['colcon_meta']
[0.133s] Level 1:colcon.colcon_core.package_identification:_identify(src/lidar/lidar_interfaces) by extension 'colcon_meta'
[0.133s] Level 1:colcon.colcon_core.package_identification:_identify(src/lidar/lidar_interfaces) by extensions ['ros']
[0.133s] Level 1:colcon.colcon_core.package_identification:_identify(src/lidar/lidar_interfaces) by extension 'ros'
[0.133s] DEBUG:colcon.colcon_core.package_identification:Package 'src/lidar/lidar_interfaces' with type 'ros.ament_cmake' and name 'lidar_interfaces'
[0.133s] Level 1:colcon.colcon_core.package_identification:_identify(src/lidar/lidar_tracking) by extensions ['ignore', 'ignore_ament_install']
[0.133s] Level 1:colcon.colcon_core.package_identification:_identify(src/lidar/lidar_tracking) by extension 'ignore'
[0.133s] Level 1:colcon.colcon_core.package_identification:_identify(src/lidar/lidar_tracking) by extension 'ignore_ament_install'
[0.133s] Level 1:colcon.colcon_core.package_identification:_identify(src/lidar/lidar_tracking) by extensions ['colcon_pkg']
[0.133s] Level 1:colcon.colcon_core.package_identification:_identify(src/lidar/lidar_tracking) by extension 'colcon_pkg'
[0.133s] Level 1:colcon.colcon_core.package_identification:_identify(src/lidar/lidar_tracking) by extensions ['colcon_meta']
[0.133s] Level 1:colcon.colcon_core.package_identification:_identify(src/lidar/lidar_tracking) by extension 'colcon_meta'
[0.133s] Level 1:colcon.colcon_core.package_identification:_identify(src/lidar/lidar_tracking) by extensions ['ros']
[0.133s] Level 1:colcon.colcon_core.package_identification:_identify(src/lidar/lidar_tracking) by extension 'ros'
[0.134s] DEBUG:colcon.colcon_core.package_identification:Package 'src/lidar/lidar_tracking' with type 'ros.ament_cmake' and name 'lidar_tracking'
[0.134s] Level 1:colcon.colcon_core.package_identification:_identify(src/lidar/lidar_voxel_grid) by extensions ['ignore', 'ignore_ament_install']
[0.134s] Level 1:colcon.colcon_core.package_identification:_identify(src/lidar/lidar_voxel_grid) by extension 'ignore'
[0.134s] Level 1:colcon.colcon_core.package_identification:_identify(src/lidar/lidar_voxel_grid) by extension 'ignore_ament_install'
[0.134s] Level 1:colcon.colcon_core.package_identification:_identify(src/lidar/lidar_voxel_grid) by extensions ['colcon_pkg']
[0.134s] Level 1:colcon.colcon_core.package_identification:_identify(src/lidar/lidar_voxel_grid) by extension 'colcon_pkg'
[0.134s] Level 1:colcon.colcon_core.package_identification:_identify(src/lidar/lidar_voxel_grid) by extensions ['colcon_meta']
[0.134s] Level 1:colcon.colcon_core.package_identification:_identify(src/lidar/lidar_voxel_grid) by extension 'colcon_meta'
[0.134s] Level 1:colcon.colcon_core.package_identification:_identify(src/lidar/lidar_voxel_grid) by extensions ['ros']
[0.134s] Level 1:colcon.colcon_core.package_identification:_identify(src/lidar/lidar_voxel_grid) by extension 'ros'
[0.135s] DEBUG:colcon.colcon_core.package_identification:Package 'src/lidar/lidar_voxel_grid' with type 'ros.ament_cmake' and name 'lidar_voxel_grid'
[0.135s] Level 1:colcon.colcon_core.package_identification:_identify(src/lidar/patchwork-plusplus) by extensions ['ignore', 'ignore_ament_install']
[0.135s] Level 1:colcon.colcon_core.package_identification:_identify(src/lidar/patchwork-plusplus) by extension 'ignore'
[0.135s] Level 1:colcon.colcon_core.package_identification:_identify(src/lidar/patchwork-plusplus) by extension 'ignore_ament_install'
[0.135s] Level 1:colcon.colcon_core.package_identification:_identify(src/lidar/patchwork-plusplus) by extensions ['colcon_pkg']
[0.135s] Level 1:colcon.colcon_core.package_identification:_identify(src/lidar/patchwork-plusplus) by extension 'colcon_pkg'
[0.135s] Level 1:colcon.colcon_core.package_identification:_identify(src/lidar/patchwork-plusplus) by extensions ['colcon_meta']
[0.135s] Level 1:colcon.colcon_core.package_identification:_identify(src/lidar/patchwork-plusplus) by extension 'colcon_meta'
[0.135s] Level 1:colcon.colcon_core.package_identification:_identify(src/lidar/patchwork-plusplus) by extensions ['ros']
[0.135s] Level 1:colcon.colcon_core.package_identification:_identify(src/lidar/patchwork-plusplus) by extension 'ros'
[0.135s] Level 1:colcon.colcon_core.package_identification:_identify(src/lidar/patchwork-plusplus) by extensions ['cmake', 'python']
[0.135s] Level 1:colcon.colcon_core.package_identification:_identify(src/lidar/patchwork-plusplus) by extension 'cmake'
[0.135s] Level 1:colcon.colcon_core.package_identification:_identify(src/lidar/patchwork-plusplus) by extension 'python'
[0.135s] Level 1:colcon.colcon_core.package_identification:_identify(src/lidar/patchwork-plusplus) by extensions ['python_setup_py']
[0.135s] Level 1:colcon.colcon_core.package_identification:_identify(src/lidar/patchwork-plusplus) by extension 'python_setup_py'
[0.135s] Level 1:colcon.colcon_core.package_identification:_identify(src/lidar/patchwork-plusplus/cpp) by extensions ['ignore', 'ignore_ament_install']
[0.135s] Level 1:colcon.colcon_core.package_identification:_identify(src/lidar/patchwork-plusplus/cpp) by extension 'ignore'
[0.135s] Level 1:colcon.colcon_core.package_identification:_identify(src/lidar/patchwork-plusplus/cpp) ignored
[0.135s] Level 1:colcon.colcon_core.package_identification:_identify(src/lidar/patchwork-plusplus/data) by extensions ['ignore', 'ignore_ament_install']
[0.135s] Level 1:colcon.colcon_core.package_identification:_identify(src/lidar/patchwork-plusplus/data) by extension 'ignore'
[0.135s] Level 1:colcon.colcon_core.package_identification:_identify(src/lidar/patchwork-plusplus/data) by extension 'ignore_ament_install'
[0.135s] Level 1:colcon.colcon_core.package_identification:_identify(src/lidar/patchwork-plusplus/data) by extensions ['colcon_pkg']
[0.136s] Level 1:colcon.colcon_core.package_identification:_identify(src/lidar/patchwork-plusplus/data) by extension 'colcon_pkg'
[0.136s] Level 1:colcon.colcon_core.package_identification:_identify(src/lidar/patchwork-plusplus/data) by extensions ['colcon_meta']
[0.136s] Level 1:colcon.colcon_core.package_identification:_identify(src/lidar/patchwork-plusplus/data) by extension 'colcon_meta'
[0.136s] Level 1:colcon.colcon_core.package_identification:_identify(src/lidar/patchwork-plusplus/data) by extensions ['ros']
[0.136s] Level 1:colcon.colcon_core.package_identification:_identify(src/lidar/patchwork-plusplus/data) by extension 'ros'
[0.136s] Level 1:colcon.colcon_core.package_identification:_identify(src/lidar/patchwork-plusplus/data) by extensions ['cmake', 'python']
[0.136s] Level 1:colcon.colcon_core.package_identification:_identify(src/lidar/patchwork-plusplus/data) by extension 'cmake'
[0.136s] Level 1:colcon.colcon_core.package_identification:_identify(src/lidar/patchwork-plusplus/data) by extension 'python'
[0.136s] Level 1:colcon.colcon_core.package_identification:_identify(src/lidar/patchwork-plusplus/data) by extensions ['python_setup_py']
[0.136s] Level 1:colcon.colcon_core.package_identification:_identify(src/lidar/patchwork-plusplus/data) by extension 'python_setup_py'
[0.136s] Level 1:colcon.colcon_core.package_identification:_identify(src/lidar/patchwork-plusplus/pictures) by extensions ['ignore', 'ignore_ament_install']
[0.136s] Level 1:colcon.colcon_core.package_identification:_identify(src/lidar/patchwork-plusplus/pictures) by extension 'ignore'
[0.136s] Level 1:colcon.colcon_core.package_identification:_identify(src/lidar/patchwork-plusplus/pictures) by extension 'ignore_ament_install'
[0.136s] Level 1:colcon.colcon_core.package_identification:_identify(src/lidar/patchwork-plusplus/pictures) by extensions ['colcon_pkg']
[0.136s] Level 1:colcon.colcon_core.package_identification:_identify(src/lidar/patchwork-plusplus/pictures) by extension 'colcon_pkg'
[0.136s] Level 1:colcon.colcon_core.package_identification:_identify(src/lidar/patchwork-plusplus/pictures) by extensions ['colcon_meta']
[0.136s] Level 1:colcon.colcon_core.package_identification:_identify(src/lidar/patchwork-plusplus/pictures) by extension 'colcon_meta'
[0.136s] Level 1:colcon.colcon_core.package_identification:_identify(src/lidar/patchwork-plusplus/pictures) by extensions ['ros']
[0.136s] Level 1:colcon.colcon_core.package_identification:_identify(src/lidar/patchwork-plusplus/pictures) by extension 'ros'
[0.136s] Level 1:colcon.colcon_core.package_identification:_identify(src/lidar/patchwork-plusplus/pictures) by extensions ['cmake', 'python']
[0.136s] Level 1:colcon.colcon_core.package_identification:_identify(src/lidar/patchwork-plusplus/pictures) by extension 'cmake'
[0.136s] Level 1:colcon.colcon_core.package_identification:_identify(src/lidar/patchwork-plusplus/pictures) by extension 'python'
[0.136s] Level 1:colcon.colcon_core.package_identification:_identify(src/lidar/patchwork-plusplus/pictures) by extensions ['python_setup_py']
[0.136s] Level 1:colcon.colcon_core.package_identification:_identify(src/lidar/patchwork-plusplus/pictures) by extension 'python_setup_py'
[0.136s] Level 1:colcon.colcon_core.package_identification:_identify(src/lidar/patchwork-plusplus/python) by extensions ['ignore', 'ignore_ament_install']
[0.136s] Level 1:colcon.colcon_core.package_identification:_identify(src/lidar/patchwork-plusplus/python) by extension 'ignore'
[0.136s] Level 1:colcon.colcon_core.package_identification:_identify(src/lidar/patchwork-plusplus/python) ignored
[0.136s] Level 1:colcon.colcon_core.package_identification:_identify(src/lidar/patchwork-plusplus/ros) by extensions ['ignore', 'ignore_ament_install']
[0.136s] Level 1:colcon.colcon_core.package_identification:_identify(src/lidar/patchwork-plusplus/ros) by extension 'ignore'
[0.136s] Level 1:colcon.colcon_core.package_identification:_identify(src/lidar/patchwork-plusplus/ros) by extension 'ignore_ament_install'
[0.136s] Level 1:colcon.colcon_core.package_identification:_identify(src/lidar/patchwork-plusplus/ros) by extensions ['colcon_pkg']
[0.136s] Level 1:colcon.colcon_core.package_identification:_identify(src/lidar/patchwork-plusplus/ros) by extension 'colcon_pkg'
[0.136s] Level 1:colcon.colcon_core.package_identification:_identify(src/lidar/patchwork-plusplus/ros) by extensions ['colcon_meta']
[0.136s] Level 1:colcon.colcon_core.package_identification:_identify(src/lidar/patchwork-plusplus/ros) by extension 'colcon_meta'
[0.136s] Level 1:colcon.colcon_core.package_identification:_identify(src/lidar/patchwork-plusplus/ros) by extensions ['ros']
[0.136s] Level 1:colcon.colcon_core.package_identification:_identify(src/lidar/patchwork-plusplus/ros) by extension 'ros'
[0.137s] DEBUG:colcon.colcon_core.package_identification:Package 'src/lidar/patchwork-plusplus/ros' with type 'ros.ament_cmake' and name 'patchworkpp'
[0.137s] Level 1:colcon.colcon_core.package_identification:_identify(src/lidar/patchwork-plusplus/scripts) by extensions ['ignore', 'ignore_ament_install']
[0.137s] Level 1:colcon.colcon_core.package_identification:_identify(src/lidar/patchwork-plusplus/scripts) by extension 'ignore'
[0.137s] Level 1:colcon.colcon_core.package_identification:_identify(src/lidar/patchwork-plusplus/scripts) by extension 'ignore_ament_install'
[0.137s] Level 1:colcon.colcon_core.package_identification:_identify(src/lidar/patchwork-plusplus/scripts) by extensions ['colcon_pkg']
[0.137s] Level 1:colcon.colcon_core.package_identification:_identify(src/lidar/patchwork-plusplus/scripts) by extension 'colcon_pkg'
[0.137s] Level 1:colcon.colcon_core.package_identification:_identify(src/lidar/patchwork-plusplus/scripts) by extensions ['colcon_meta']
[0.137s] Level 1:colcon.colcon_core.package_identification:_identify(src/lidar/patchwork-plusplus/scripts) by extension 'colcon_meta'
[0.137s] Level 1:colcon.colcon_core.package_identification:_identify(src/lidar/patchwork-plusplus/scripts) by extensions ['ros']
[0.137s] Level 1:colcon.colcon_core.package_identification:_identify(src/lidar/patchwork-plusplus/scripts) by extension 'ros'
[0.137s] Level 1:colcon.colcon_core.package_identification:_identify(src/lidar/patchwork-plusplus/scripts) by extensions ['cmake', 'python']
[0.137s] Level 1:colcon.colcon_core.package_identification:_identify(src/lidar/patchwork-plusplus/scripts) by extension 'cmake'
[0.137s] Level 1:colcon.colcon_core.package_identification:_identify(src/lidar/patchwork-plusplus/scripts) by extension 'python'
[0.137s] Level 1:colcon.colcon_core.package_identification:_identify(src/lidar/patchwork-plusplus/scripts) by extensions ['python_setup_py']
[0.137s] Level 1:colcon.colcon_core.package_identification:_identify(src/lidar/patchwork-plusplus/scripts) by extension 'python_setup_py'
[0.137s] Level 1:colcon.colcon_core.package_identification:_identify(src/lidar/velodyne) by extensions ['ignore', 'ignore_ament_install']
[0.137s] Level 1:colcon.colcon_core.package_identification:_identify(src/lidar/velodyne) by extension 'ignore'
[0.137s] Level 1:colcon.colcon_core.package_identification:_identify(src/lidar/velodyne) by extension 'ignore_ament_install'
[0.137s] Level 1:colcon.colcon_core.package_identification:_identify(src/lidar/velodyne) by extensions ['colcon_pkg']
[0.137s] Level 1:colcon.colcon_core.package_identification:_identify(src/lidar/velodyne) by extension 'colcon_pkg'
[0.137s] Level 1:colcon.colcon_core.package_identification:_identify(src/lidar/velodyne) by extensions ['colcon_meta']
[0.137s] Level 1:colcon.colcon_core.package_identification:_identify(src/lidar/velodyne) by extension 'colcon_meta'
[0.137s] Level 1:colcon.colcon_core.package_identification:_identify(src/lidar/velodyne) by extensions ['ros']
[0.137s] Level 1:colcon.colcon_core.package_identification:_identify(src/lidar/velodyne) by extension 'ros'
[0.138s] DEBUG:colcon.colcon_core.package_identification:Package 'src/lidar/velodyne' with type 'ros.ament_cmake' and name 'velodyne'
[0.138s] Level 1:colcon.colcon_core.package_identification:_identify(src/lidar/velodyne_cropbox) by extensions ['ignore', 'ignore_ament_install']
[0.138s] Level 1:colcon.colcon_core.package_identification:_identify(src/lidar/velodyne_cropbox) by extension 'ignore'
[0.138s] Level 1:colcon.colcon_core.package_identification:_identify(src/lidar/velodyne_cropbox) by extension 'ignore_ament_install'
[0.138s] Level 1:colcon.colcon_core.package_identification:_identify(src/lidar/velodyne_cropbox) by extensions ['colcon_pkg']
[0.138s] Level 1:colcon.colcon_core.package_identification:_identify(src/lidar/velodyne_cropbox) by extension 'colcon_pkg'
[0.138s] Level 1:colcon.colcon_core.package_identification:_identify(src/lidar/velodyne_cropbox) by extensions ['colcon_meta']
[0.138s] Level 1:colcon.colcon_core.package_identification:_identify(src/lidar/velodyne_cropbox) by extension 'colcon_meta'
[0.138s] Level 1:colcon.colcon_core.package_identification:_identify(src/lidar/velodyne_cropbox) by extensions ['ros']
[0.138s] Level 1:colcon.colcon_core.package_identification:_identify(src/lidar/velodyne_cropbox) by extension 'ros'
[0.138s] DEBUG:colcon.colcon_core.package_identification:Package 'src/lidar/velodyne_cropbox' with type 'ros.ament_cmake' and name 'velodyne_cropbox'
[0.138s] Level 1:colcon.colcon_core.package_identification:_identify(src/lidar/velodyne_driver) by extensions ['ignore', 'ignore_ament_install']
[0.138s] Level 1:colcon.colcon_core.package_identification:_identify(src/lidar/velodyne_driver) by extension 'ignore'
[0.138s] Level 1:colcon.colcon_core.package_identification:_identify(src/lidar/velodyne_driver) by extension 'ignore_ament_install'
[0.138s] Level 1:colcon.colcon_core.package_identification:_identify(src/lidar/velodyne_driver) by extensions ['colcon_pkg']
[0.138s] Level 1:colcon.colcon_core.package_identification:_identify(src/lidar/velodyne_driver) by extension 'colcon_pkg'
[0.138s] Level 1:colcon.colcon_core.package_identification:_identify(src/lidar/velodyne_driver) by extensions ['colcon_meta']
[0.138s] Level 1:colcon.colcon_core.package_identification:_identify(src/lidar/velodyne_driver) by extension 'colcon_meta'
[0.138s] Level 1:colcon.colcon_core.package_identification:_identify(src/lidar/velodyne_driver) by extensions ['ros']
[0.138s] Level 1:colcon.colcon_core.package_identification:_identify(src/lidar/velodyne_driver) by extension 'ros'
[0.139s] DEBUG:colcon.colcon_core.package_identification:Package 'src/lidar/velodyne_driver' with type 'ros.ament_cmake' and name 'velodyne_driver'
[0.139s] Level 1:colcon.colcon_core.package_identification:_identify(src/lidar/velodyne_laserscan) by extensions ['ignore', 'ignore_ament_install']
[0.139s] Level 1:colcon.colcon_core.package_identification:_identify(src/lidar/velodyne_laserscan) by extension 'ignore'
[0.139s] Level 1:colcon.colcon_core.package_identification:_identify(src/lidar/velodyne_laserscan) by extension 'ignore_ament_install'
[0.139s] Level 1:colcon.colcon_core.package_identification:_identify(src/lidar/velodyne_laserscan) by extensions ['colcon_pkg']
[0.139s] Level 1:colcon.colcon_core.package_identification:_identify(src/lidar/velodyne_laserscan) by extension 'colcon_pkg'
[0.139s] Level 1:colcon.colcon_core.package_identification:_identify(src/lidar/velodyne_laserscan) by extensions ['colcon_meta']
[0.139s] Level 1:colcon.colcon_core.package_identification:_identify(src/lidar/velodyne_laserscan) by extension 'colcon_meta'
[0.139s] Level 1:colcon.colcon_core.package_identification:_identify(src/lidar/velodyne_laserscan) by extensions ['ros']
[0.139s] Level 1:colcon.colcon_core.package_identification:_identify(src/lidar/velodyne_laserscan) by extension 'ros'
[0.143s] DEBUG:colcon.colcon_core.package_identification:Package 'src/lidar/velodyne_laserscan' with type 'ros.ament_cmake' and name 'velodyne_laserscan'
[0.144s] Level 1:colcon.colcon_core.package_identification:_identify(src/lidar/velodyne_msgs) by extensions ['ignore', 'ignore_ament_install']
[0.144s] Level 1:colcon.colcon_core.package_identification:_identify(src/lidar/velodyne_msgs) by extension 'ignore'
[0.144s] Level 1:colcon.colcon_core.package_identification:_identify(src/lidar/velodyne_msgs) by extension 'ignore_ament_install'
[0.144s] Level 1:colcon.colcon_core.package_identification:_identify(src/lidar/velodyne_msgs) by extensions ['colcon_pkg']
[0.144s] Level 1:colcon.colcon_core.package_identification:_identify(src/lidar/velodyne_msgs) by extension 'colcon_pkg'
[0.144s] Level 1:colcon.colcon_core.package_identification:_identify(src/lidar/velodyne_msgs) by extensions ['colcon_meta']
[0.144s] Level 1:colcon.colcon_core.package_identification:_identify(src/lidar/velodyne_msgs) by extension 'colcon_meta'
[0.144s] Level 1:colcon.colcon_core.package_identification:_identify(src/lidar/velodyne_msgs) by extensions ['ros']
[0.144s] Level 1:colcon.colcon_core.package_identification:_identify(src/lidar/velodyne_msgs) by extension 'ros'
[0.144s] DEBUG:colcon.colcon_core.package_identification:Package 'src/lidar/velodyne_msgs' with type 'ros.ament_cmake' and name 'velodyne_msgs'
[0.144s] Level 1:colcon.colcon_core.package_identification:_identify(src/lidar/velodyne_pointcloud) by extensions ['ignore', 'ignore_ament_install']
[0.144s] Level 1:colcon.colcon_core.package_identification:_identify(src/lidar/velodyne_pointcloud) by extension 'ignore'
[0.144s] Level 1:colcon.colcon_core.package_identification:_identify(src/lidar/velodyne_pointcloud) by extension 'ignore_ament_install'
[0.144s] Level 1:colcon.colcon_core.package_identification:_identify(src/lidar/velodyne_pointcloud) by extensions ['colcon_pkg']
[0.144s] Level 1:colcon.colcon_core.package_identification:_identify(src/lidar/velodyne_pointcloud) by extension 'colcon_pkg'
[0.144s] Level 1:colcon.colcon_core.package_identification:_identify(src/lidar/velodyne_pointcloud) by extensions ['colcon_meta']
[0.144s] Level 1:colcon.colcon_core.package_identification:_identify(src/lidar/velodyne_pointcloud) by extension 'colcon_meta'
[0.144s] Level 1:colcon.colcon_core.package_identification:_identify(src/lidar/velodyne_pointcloud) by extensions ['ros']
[0.144s] Level 1:colcon.colcon_core.package_identification:_identify(src/lidar/velodyne_pointcloud) by extension 'ros'
[0.145s] DEBUG:colcon.colcon_core.package_identification:Package 'src/lidar/velodyne_pointcloud' with type 'ros.ament_cmake' and name 'velodyne_pointcloud'
[0.145s] Level 1:colcon.colcon_core.package_identification:_identify(src/lidar_launch) by extensions ['ignore', 'ignore_ament_install']
[0.145s] Level 1:colcon.colcon_core.package_identification:_identify(src/lidar_launch) by extension 'ignore'
[0.145s] Level 1:colcon.colcon_core.package_identification:_identify(src/lidar_launch) by extension 'ignore_ament_install'
[0.145s] Level 1:colcon.colcon_core.package_identification:_identify(src/lidar_launch) by extensions ['colcon_pkg']
[0.145s] Level 1:colcon.colcon_core.package_identification:_identify(src/lidar_launch) by extension 'colcon_pkg'
[0.145s] Level 1:colcon.colcon_core.package_identification:_identify(src/lidar_launch) by extensions ['colcon_meta']
[0.145s] Level 1:colcon.colcon_core.package_identification:_identify(src/lidar_launch) by extension 'colcon_meta'
[0.145s] Level 1:colcon.colcon_core.package_identification:_identify(src/lidar_launch) by extensions ['ros']
[0.145s] Level 1:colcon.colcon_core.package_identification:_identify(src/lidar_launch) by extension 'ros'
[0.146s] DEBUG:colcon.colcon_core.package_identification:Package 'src/lidar_launch' with type 'ros.ament_cmake' and name 'lidar_launch'
[0.146s] Level 1:colcon.colcon_core.package_discovery:discover_packages(recursive) using defaults
[0.146s] Level 1:colcon.colcon_core.package_discovery:discover_packages(ignore) discover
[0.146s] Level 1:colcon.colcon_core.package_discovery:discover_packages(ignore) using defaults
[0.146s] Level 1:colcon.colcon_core.package_discovery:discover_packages(path) discover
[0.146s] Level 1:colcon.colcon_core.package_discovery:discover_packages(path) using defaults
[0.155s] Level 1:colcon.colcon_core.package_discovery:discover_packages(prefix_path) check parameters
[0.155s] Level 1:colcon.colcon_core.package_discovery:discover_packages(prefix_path) discover
[0.156s] DEBUG:colcon.colcon_installed_package_information.package_discovery:Found 7 installed packages in /home/aiv/ev_ws/erp42_ros/install
[0.157s] DEBUG:colcon.colcon_installed_package_information.package_discovery:Found 302 installed packages in /opt/ros/humble
[0.157s] Level 1:colcon.colcon_core.package_discovery:discover_packages(prefix_path) using defaults
[0.173s] Level 5:colcon.colcon_core.verb:set package 'lidar_clustering' build argument 'cmake_args' from command line to 'None'
[0.173s] Level 5:colcon.colcon_core.verb:set package 'lidar_clustering' build argument 'cmake_target' from command line to 'None'
[0.173s] Level 5:colcon.colcon_core.verb:set package 'lidar_clustering' build argument 'cmake_target_skip_unavailable' from command line to 'False'
[0.173s] Level 5:colcon.colcon_core.verb:set package 'lidar_clustering' build argument 'cmake_clean_cache' from command line to 'False'
[0.173s] Level 5:colcon.colcon_core.verb:set package 'lidar_clustering' build argument 'cmake_clean_first' from command line to 'False'
[0.173s] Level 5:colcon.colcon_core.verb:set package 'lidar_clustering' build argument 'cmake_force_configure' from command line to 'False'
[0.173s] Level 5:colcon.colcon_core.verb:set package 'lidar_clustering' build argument 'ament_cmake_args' from command line to 'None'
[0.173s] Level 5:colcon.colcon_core.verb:set package 'lidar_clustering' build argument 'catkin_cmake_args' from command line to 'None'
[0.173s] Level 5:colcon.colcon_core.verb:set package 'lidar_clustering' build argument 'catkin_skip_building_tests' from command line to 'False'
[0.173s] DEBUG:colcon.colcon_core.verb:Building package 'lidar_clustering' with the following arguments: {'ament_cmake_args': None, 'build_base': '/home/aiv/ev_ws/perception/build/lidar_clustering', 'catkin_cmake_args': None, 'catkin_skip_building_tests': False, 'cmake_args': None, 'cmake_clean_cache': False, 'cmake_clean_first': False, 'cmake_force_configure': False, 'cmake_target': None, 'cmake_target_skip_unavailable': False, 'install_base': '/home/aiv/ev_ws/perception/install/lidar_clustering', 'merge_install': False, 'path': '/home/aiv/ev_ws/perception/src/lidar/lidar_clustering', 'symlink_install': False, 'test_result_base': None}
[0.173s] Level 5:colcon.colcon_core.verb:set package 'lidar_interfaces' build argument 'cmake_args' from command line to 'None'
[0.173s] Level 5:colcon.colcon_core.verb:set package 'lidar_interfaces' build argument 'cmake_target' from command line to 'None'
[0.173s] Level 5:colcon.colcon_core.verb:set package 'lidar_interfaces' build argument 'cmake_target_skip_unavailable' from command line to 'False'
[0.173s] Level 5:colcon.colcon_core.verb:set package 'lidar_interfaces' build argument 'cmake_clean_cache' from command line to 'False'
[0.173s] Level 5:colcon.colcon_core.verb:set package 'lidar_interfaces' build argument 'cmake_clean_first' from command line to 'False'
[0.173s] Level 5:colcon.colcon_core.verb:set package 'lidar_interfaces' build argument 'cmake_force_configure' from command line to 'False'
[0.173s] Level 5:colcon.colcon_core.verb:set package 'lidar_interfaces' build argument 'ament_cmake_args' from command line to 'None'
[0.173s] Level 5:colcon.colcon_core.verb:set package 'lidar_interfaces' build argument 'catkin_cmake_args' from command line to 'None'
[0.173s] Level 5:colcon.colcon_core.verb:set package 'lidar_interfaces' build argument 'catkin_skip_building_tests' from command line to 'False'
[0.173s] DEBUG:colcon.colcon_core.verb:Building package 'lidar_interfaces' with the following arguments: {'ament_cmake_args': None, 'build_base': '/home/aiv/ev_ws/perception/build/lidar_interfaces', 'catkin_cmake_args': None, 'catkin_skip_building_tests': False, 'cmake_args': None, 'cmake_clean_cache': False, 'cmake_clean_first': False, 'cmake_force_configure': False, 'cmake_target': None, 'cmake_target_skip_unavailable': False, 'install_base': '/home/aiv/ev_ws/perception/install/lidar_interfaces', 'merge_install': False, 'path': '/home/aiv/ev_ws/perception/src/lidar/lidar_interfaces', 'symlink_install': False, 'test_result_base': None}
[0.173s] Level 5:colcon.colcon_core.verb:set package 'lidar_voxel_grid' build argument 'cmake_args' from command line to 'None'
[0.173s] Level 5:colcon.colcon_core.verb:set package 'lidar_voxel_grid' build argument 'cmake_target' from command line to 'None'
[0.173s] Level 5:colcon.colcon_core.verb:set package 'lidar_voxel_grid' build argument 'cmake_target_skip_unavailable' from command line to 'False'
[0.173s] Level 5:colcon.colcon_core.verb:set package 'lidar_voxel_grid' build argument 'cmake_clean_cache' from command line to 'False'
[0.173s] Level 5:colcon.colcon_core.verb:set package 'lidar_voxel_grid' build argument 'cmake_clean_first' from command line to 'False'
[0.173s] Level 5:colcon.colcon_core.verb:set package 'lidar_voxel_grid' build argument 'cmake_force_configure' from command line to 'False'
[0.173s] Level 5:colcon.colcon_core.verb:set package 'lidar_voxel_grid' build argument 'ament_cmake_args' from command line to 'None'
[0.173s] Level 5:colcon.colcon_core.verb:set package 'lidar_voxel_grid' build argument 'catkin_cmake_args' from command line to 'None'
[0.173s] Level 5:colcon.colcon_core.verb:set package 'lidar_voxel_grid' build argument 'catkin_skip_building_tests' from command line to 'False'
[0.173s] DEBUG:colcon.colcon_core.verb:Building package 'lidar_voxel_grid' with the following arguments: {'ament_cmake_args': None, 'build_base': '/home/aiv/ev_ws/perception/build/lidar_voxel_grid', 'catkin_cmake_args': None, 'catkin_skip_building_tests': False, 'cmake_args': None, 'cmake_clean_cache': False, 'cmake_clean_first': False, 'cmake_force_configure': False, 'cmake_target': None, 'cmake_target_skip_unavailable': False, 'install_base': '/home/aiv/ev_ws/perception/install/lidar_voxel_grid', 'merge_install': False, 'path': '/home/aiv/ev_ws/perception/src/lidar/lidar_voxel_grid', 'symlink_install': False, 'test_result_base': None}
[0.174s] Level 5:colcon.colcon_core.verb:set package 'patchworkpp' build argument 'cmake_args' from command line to 'None'
[0.174s] Level 5:colcon.colcon_core.verb:set package 'patchworkpp' build argument 'cmake_target' from command line to 'None'
[0.174s] Level 5:colcon.colcon_core.verb:set package 'patchworkpp' build argument 'cmake_target_skip_unavailable' from command line to 'False'
[0.174s] Level 5:colcon.colcon_core.verb:set package 'patchworkpp' build argument 'cmake_clean_cache' from command line to 'False'
[0.174s] Level 5:colcon.colcon_core.verb:set package 'patchworkpp' build argument 'cmake_clean_first' from command line to 'False'
[0.174s] Level 5:colcon.colcon_core.verb:set package 'patchworkpp' build argument 'cmake_force_configure' from command line to 'False'
[0.174s] Level 5:colcon.colcon_core.verb:set package 'patchworkpp' build argument 'ament_cmake_args' from command line to 'None'
[0.174s] Level 5:colcon.colcon_core.verb:set package 'patchworkpp' build argument 'catkin_cmake_args' from command line to 'None'
[0.174s] Level 5:colcon.colcon_core.verb:set package 'patchworkpp' build argument 'catkin_skip_building_tests' from command line to 'False'
[0.174s] DEBUG:colcon.colcon_core.verb:Building package 'patchworkpp' with the following arguments: {'ament_cmake_args': None, 'build_base': '/home/aiv/ev_ws/perception/build/patchworkpp', 'catkin_cmake_args': None, 'catkin_skip_building_tests': False, 'cmake_args': None, 'cmake_clean_cache': False, 'cmake_clean_first': False, 'cmake_force_configure': False, 'cmake_target': None, 'cmake_target_skip_unavailable': False, 'install_base': '/home/aiv/ev_ws/perception/install/patchworkpp', 'merge_install': False, 'path': '/home/aiv/ev_ws/perception/src/lidar/patchwork-plusplus/ros', 'symlink_install': False, 'test_result_base': None}
[0.174s] Level 5:colcon.colcon_core.verb:set package 'velodyne_cropbox' build argument 'cmake_args' from command line to 'None'
[0.174s] Level 5:colcon.colcon_core.verb:set package 'velodyne_cropbox' build argument 'cmake_target' from command line to 'None'
[0.174s] Level 5:colcon.colcon_core.verb:set package 'velodyne_cropbox' build argument 'cmake_target_skip_unavailable' from command line to 'False'
[0.174s] Level 5:colcon.colcon_core.verb:set package 'velodyne_cropbox' build argument 'cmake_clean_cache' from command line to 'False'
[0.174s] Level 5:colcon.colcon_core.verb:set package 'velodyne_cropbox' build argument 'cmake_clean_first' from command line to 'False'
[0.174s] Level 5:colcon.colcon_core.verb:set package 'velodyne_cropbox' build argument 'cmake_force_configure' from command line to 'False'
[0.174s] Level 5:colcon.colcon_core.verb:set package 'velodyne_cropbox' build argument 'ament_cmake_args' from command line to 'None'
[0.174s] Level 5:colcon.colcon_core.verb:set package 'velodyne_cropbox' build argument 'catkin_cmake_args' from command line to 'None'
[0.174s] Level 5:colcon.colcon_core.verb:set package 'velodyne_cropbox' build argument 'catkin_skip_building_tests' from command line to 'False'
[0.174s] DEBUG:colcon.colcon_core.verb:Building package 'velodyne_cropbox' with the following arguments: {'ament_cmake_args': None, 'build_base': '/home/aiv/ev_ws/perception/build/velodyne_cropbox', 'catkin_cmake_args': None, 'catkin_skip_building_tests': False, 'cmake_args': None, 'cmake_clean_cache': False, 'cmake_clean_first': False, 'cmake_force_configure': False, 'cmake_target': None, 'cmake_target_skip_unavailable': False, 'install_base': '/home/aiv/ev_ws/perception/install/velodyne_cropbox', 'merge_install': False, 'path': '/home/aiv/ev_ws/perception/src/lidar/velodyne_cropbox', 'symlink_install': False, 'test_result_base': None}
[0.174s] Level 5:colcon.colcon_core.verb:set package 'velodyne_laserscan' build argument 'cmake_args' from command line to 'None'
[0.174s] Level 5:colcon.colcon_core.verb:set package 'velodyne_laserscan' build argument 'cmake_target' from command line to 'None'
[0.174s] Level 5:colcon.colcon_core.verb:set package 'velodyne_laserscan' build argument 'cmake_target_skip_unavailable' from command line to 'False'
[0.174s] Level 5:colcon.colcon_core.verb:set package 'velodyne_laserscan' build argument 'cmake_clean_cache' from command line to 'False'
[0.174s] Level 5:colcon.colcon_core.verb:set package 'velodyne_laserscan' build argument 'cmake_clean_first' from command line to 'False'
[0.174s] Level 5:colcon.colcon_core.verb:set package 'velodyne_laserscan' build argument 'cmake_force_configure' from command line to 'False'
[0.174s] Level 5:colcon.colcon_core.verb:set package 'velodyne_laserscan' build argument 'ament_cmake_args' from command line to 'None'
[0.174s] Level 5:colcon.colcon_core.verb:set package 'velodyne_laserscan' build argument 'catkin_cmake_args' from command line to 'None'
[0.174s] Level 5:colcon.colcon_core.verb:set package 'velodyne_laserscan' build argument 'catkin_skip_building_tests' from command line to 'False'
[0.174s] DEBUG:colcon.colcon_core.verb:Building package 'velodyne_laserscan' with the following arguments: {'ament_cmake_args': None, 'build_base': '/home/aiv/ev_ws/perception/build/velodyne_laserscan', 'catkin_cmake_args': None, 'catkin_skip_building_tests': False, 'cmake_args': None, 'cmake_clean_cache': False, 'cmake_clean_first': False, 'cmake_force_configure': False, 'cmake_target': None, 'cmake_target_skip_unavailable': False, 'install_base': '/home/aiv/ev_ws/perception/install/velodyne_laserscan', 'merge_install': False, 'path': '/home/aiv/ev_ws/perception/src/lidar/velodyne_laserscan', 'symlink_install': False, 'test_result_base': None}
[0.174s] Level 5:colcon.colcon_core.verb:set package 'velodyne_msgs' build argument 'cmake_args' from command line to 'None'
[0.174s] Level 5:colcon.colcon_core.verb:set package 'velodyne_msgs' build argument 'cmake_target' from command line to 'None'
[0.174s] Level 5:colcon.colcon_core.verb:set package 'velodyne_msgs' build argument 'cmake_target_skip_unavailable' from command line to 'False'
[0.174s] Level 5:colcon.colcon_core.verb:set package 'velodyne_msgs' build argument 'cmake_clean_cache' from command line to 'False'
[0.174s] Level 5:colcon.colcon_core.verb:set package 'velodyne_msgs' build argument 'cmake_clean_first' from command line to 'False'
[0.174s] Level 5:colcon.colcon_core.verb:set package 'velodyne_msgs' build argument 'cmake_force_configure' from command line to 'False'
[0.174s] Level 5:colcon.colcon_core.verb:set package 'velodyne_msgs' build argument 'ament_cmake_args' from command line to 'None'
[0.174s] Level 5:colcon.colcon_core.verb:set package 'velodyne_msgs' build argument 'catkin_cmake_args' from command line to 'None'
[0.174s] Level 5:colcon.colcon_core.verb:set package 'velodyne_msgs' build argument 'catkin_skip_building_tests' from command line to 'False'
[0.174s] DEBUG:colcon.colcon_core.verb:Building package 'velodyne_msgs' with the following arguments: {'ament_cmake_args': None, 'build_base': '/home/aiv/ev_ws/perception/build/velodyne_msgs', 'catkin_cmake_args': None, 'catkin_skip_building_tests': False, 'cmake_args': None, 'cmake_clean_cache': False, 'cmake_clean_first': False, 'cmake_force_configure': False, 'cmake_target': None, 'cmake_target_skip_unavailable': False, 'install_base': '/home/aiv/ev_ws/perception/install/velodyne_msgs', 'merge_install': False, 'path': '/home/aiv/ev_ws/perception/src/lidar/velodyne_msgs', 'symlink_install': False, 'test_result_base': None}
[0.174s] Level 5:colcon.colcon_core.verb:set package 'cluster_filter' build argument 'cmake_args' from command line to 'None'
[0.174s] Level 5:colcon.colcon_core.verb:set package 'cluster_filter' build argument 'cmake_target' from command line to 'None'
[0.174s] Level 5:colcon.colcon_core.verb:set package 'cluster_filter' build argument 'cmake_target_skip_unavailable' from command line to 'False'
[0.174s] Level 5:colcon.colcon_core.verb:set package 'cluster_filter' build argument 'cmake_clean_cache' from command line to 'False'
[0.174s] Level 5:colcon.colcon_core.verb:set package 'cluster_filter' build argument 'cmake_clean_first' from command line to 'False'
[0.174s] Level 5:colcon.colcon_core.verb:set package 'cluster_filter' build argument 'cmake_force_configure' from command line to 'False'
[0.174s] Level 5:colcon.colcon_core.verb:set package 'cluster_filter' build argument 'ament_cmake_args' from command line to 'None'
[0.174s] Level 5:colcon.colcon_core.verb:set package 'cluster_filter' build argument 'catkin_cmake_args' from command line to 'None'
[0.174s] Level 5:colcon.colcon_core.verb:set package 'cluster_filter' build argument 'catkin_skip_building_tests' from command line to 'False'
[0.174s] DEBUG:colcon.colcon_core.verb:Building package 'cluster_filter' with the following arguments: {'ament_cmake_args': None, 'build_base': '/home/aiv/ev_ws/perception/build/cluster_filter', 'catkin_cmake_args': None, 'catkin_skip_building_tests': False, 'cmake_args': None, 'cmake_clean_cache': False, 'cmake_clean_first': False, 'cmake_force_configure': False, 'cmake_target': None, 'cmake_target_skip_unavailable': False, 'install_base': '/home/aiv/ev_ws/perception/install/cluster_filter', 'merge_install': False, 'path': '/home/aiv/ev_ws/perception/src/lidar/cluster_filter', 'symlink_install': False, 'test_result_base': None}
[0.175s] Level 5:colcon.colcon_core.verb:set package 'lidar_tracking' build argument 'cmake_args' from command line to 'None'
[0.175s] Level 5:colcon.colcon_core.verb:set package 'lidar_tracking' build argument 'cmake_target' from command line to 'None'
[0.175s] Level 5:colcon.colcon_core.verb:set package 'lidar_tracking' build argument 'cmake_target_skip_unavailable' from command line to 'False'
[0.175s] Level 5:colcon.colcon_core.verb:set package 'lidar_tracking' build argument 'cmake_clean_cache' from command line to 'False'
[0.175s] Level 5:colcon.colcon_core.verb:set package 'lidar_tracking' build argument 'cmake_clean_first' from command line to 'False'
[0.175s] Level 5:colcon.colcon_core.verb:set package 'lidar_tracking' build argument 'cmake_force_configure' from command line to 'False'
[0.175s] Level 5:colcon.colcon_core.verb:set package 'lidar_tracking' build argument 'ament_cmake_args' from command line to 'None'
[0.175s] Level 5:colcon.colcon_core.verb:set package 'lidar_tracking' build argument 'catkin_cmake_args' from command line to 'None'
[0.175s] Level 5:colcon.colcon_core.verb:set package 'lidar_tracking' build argument 'catkin_skip_building_tests' from command line to 'False'
[0.175s] DEBUG:colcon.colcon_core.verb:Building package 'lidar_tracking' with the following arguments: {'ament_cmake_args': None, 'build_base': '/home/aiv/ev_ws/perception/build/lidar_tracking', 'catkin_cmake_args': None, 'catkin_skip_building_tests': False, 'cmake_args': None, 'cmake_clean_cache': False, 'cmake_clean_first': False, 'cmake_force_configure': False, 'cmake_target': None, 'cmake_target_skip_unavailable': False, 'install_base': '/home/aiv/ev_ws/perception/install/lidar_tracking', 'merge_install': False, 'path': '/home/aiv/ev_ws/perception/src/lidar/lidar_tracking', 'symlink_install': False, 'test_result_base': None}
[0.175s] Level 5:colcon.colcon_core.verb:set package 'velodyne_driver' build argument 'cmake_args' from command line to 'None'
[0.175s] Level 5:colcon.colcon_core.verb:set package 'velodyne_driver' build argument 'cmake_target' from command line to 'None'
[0.175s] Level 5:colcon.colcon_core.verb:set package 'velodyne_driver' build argument 'cmake_target_skip_unavailable' from command line to 'False'
[0.175s] Level 5:colcon.colcon_core.verb:set package 'velodyne_driver' build argument 'cmake_clean_cache' from command line to 'False'
[0.175s] Level 5:colcon.colcon_core.verb:set package 'velodyne_driver' build argument 'cmake_clean_first' from command line to 'False'
[0.175s] Level 5:colcon.colcon_core.verb:set package 'velodyne_driver' build argument 'cmake_force_configure' from command line to 'False'
[0.175s] Level 5:colcon.colcon_core.verb:set package 'velodyne_driver' build argument 'ament_cmake_args' from command line to 'None'
[0.175s] Level 5:colcon.colcon_core.verb:set package 'velodyne_driver' build argument 'catkin_cmake_args' from command line to 'None'
[0.175s] Level 5:colcon.colcon_core.verb:set package 'velodyne_driver' build argument 'catkin_skip_building_tests' from command line to 'False'
[0.175s] DEBUG:colcon.colcon_core.verb:Building package 'velodyne_driver' with the following arguments: {'ament_cmake_args': None, 'build_base': '/home/aiv/ev_ws/perception/build/velodyne_driver', 'catkin_cmake_args': None, 'catkin_skip_building_tests': False, 'cmake_args': None, 'cmake_clean_cache': False, 'cmake_clean_first': False, 'cmake_force_configure': False, 'cmake_target': None, 'cmake_target_skip_unavailable': False, 'install_base': '/home/aiv/ev_ws/perception/install/velodyne_driver', 'merge_install': False, 'path': '/home/aiv/ev_ws/perception/src/lidar/velodyne_driver', 'symlink_install': False, 'test_result_base': None}
[0.175s] Level 5:colcon.colcon_core.verb:set package 'velodyne_pointcloud' build argument 'cmake_args' from command line to 'None'
[0.175s] Level 5:colcon.colcon_core.verb:set package 'velodyne_pointcloud' build argument 'cmake_target' from command line to 'None'
[0.175s] Level 5:colcon.colcon_core.verb:set package 'velodyne_pointcloud' build argument 'cmake_target_skip_unavailable' from command line to 'False'
[0.175s] Level 5:colcon.colcon_core.verb:set package 'velodyne_pointcloud' build argument 'cmake_clean_cache' from command line to 'False'
[0.175s] Level 5:colcon.colcon_core.verb:set package 'velodyne_pointcloud' build argument 'cmake_clean_first' from command line to 'False'
[0.175s] Level 5:colcon.colcon_core.verb:set package 'velodyne_pointcloud' build argument 'cmake_force_configure' from command line to 'False'
[0.175s] Level 5:colcon.colcon_core.verb:set package 'velodyne_pointcloud' build argument 'ament_cmake_args' from command line to 'None'
[0.175s] Level 5:colcon.colcon_core.verb:set package 'velodyne_pointcloud' build argument 'catkin_cmake_args' from command line to 'None'
[0.175s] Level 5:colcon.colcon_core.verb:set package 'velodyne_pointcloud' build argument 'catkin_skip_building_tests' from command line to 'False'
[0.175s] DEBUG:colcon.colcon_core.verb:Building package 'velodyne_pointcloud' with the following arguments: {'ament_cmake_args': None, 'build_base': '/home/aiv/ev_ws/perception/build/velodyne_pointcloud', 'catkin_cmake_args': None, 'catkin_skip_building_tests': False, 'cmake_args': None, 'cmake_clean_cache': False, 'cmake_clean_first': False, 'cmake_force_configure': False, 'cmake_target': None, 'cmake_target_skip_unavailable': False, 'install_base': '/home/aiv/ev_ws/perception/install/velodyne_pointcloud', 'merge_install': False, 'path': '/home/aiv/ev_ws/perception/src/lidar/velodyne_pointcloud', 'symlink_install': False, 'test_result_base': None}
[0.175s] Level 5:colcon.colcon_core.verb:set package 'lidar_launch' build argument 'cmake_args' from command line to 'None'
[0.175s] Level 5:colcon.colcon_core.verb:set package 'lidar_launch' build argument 'cmake_target' from command line to 'None'
[0.175s] Level 5:colcon.colcon_core.verb:set package 'lidar_launch' build argument 'cmake_target_skip_unavailable' from command line to 'False'
[0.175s] Level 5:colcon.colcon_core.verb:set package 'lidar_launch' build argument 'cmake_clean_cache' from command line to 'False'
[0.175s] Level 5:colcon.colcon_core.verb:set package 'lidar_launch' build argument 'cmake_clean_first' from command line to 'False'
[0.175s] Level 5:colcon.colcon_core.verb:set package 'lidar_launch' build argument 'cmake_force_configure' from command line to 'False'
[0.175s] Level 5:colcon.colcon_core.verb:set package 'lidar_launch' build argument 'ament_cmake_args' from command line to 'None'
[0.175s] Level 5:colcon.colcon_core.verb:set package 'lidar_launch' build argument 'catkin_cmake_args' from command line to 'None'
[0.175s] Level 5:colcon.colcon_core.verb:set package 'lidar_launch' build argument 'catkin_skip_building_tests' from command line to 'False'
[0.175s] DEBUG:colcon.colcon_core.verb:Building package 'lidar_launch' with the following arguments: {'ament_cmake_args': None, 'build_base': '/home/aiv/ev_ws/perception/build/lidar_launch', 'catkin_cmake_args': None, 'catkin_skip_building_tests': False, 'cmake_args': None, 'cmake_clean_cache': False, 'cmake_clean_first': False, 'cmake_force_configure': False, 'cmake_target': None, 'cmake_target_skip_unavailable': False, 'install_base': '/home/aiv/ev_ws/perception/install/lidar_launch', 'merge_install': False, 'path': '/home/aiv/ev_ws/perception/src/lidar_launch', 'symlink_install': False, 'test_result_base': None}
[0.175s] Level 5:colcon.colcon_core.verb:set package 'velodyne' build argument 'cmake_args' from command line to 'None'
[0.175s] Level 5:colcon.colcon_core.verb:set package 'velodyne' build argument 'cmake_target' from command line to 'None'
[0.175s] Level 5:colcon.colcon_core.verb:set package 'velodyne' build argument 'cmake_target_skip_unavailable' from command line to 'False'
[0.175s] Level 5:colcon.colcon_core.verb:set package 'velodyne' build argument 'cmake_clean_cache' from command line to 'False'
[0.175s] Level 5:colcon.colcon_core.verb:set package 'velodyne' build argument 'cmake_clean_first' from command line to 'False'
[0.175s] Level 5:colcon.colcon_core.verb:set package 'velodyne' build argument 'cmake_force_configure' from command line to 'False'
[0.175s] Level 5:colcon.colcon_core.verb:set package 'velodyne' build argument 'ament_cmake_args' from command line to 'None'
[0.175s] Level 5:colcon.colcon_core.verb:set package 'velodyne' build argument 'catkin_cmake_args' from command line to 'None'
[0.175s] Level 5:colcon.colcon_core.verb:set package 'velodyne' build argument 'catkin_skip_building_tests' from command line to 'False'
[0.175s] DEBUG:colcon.colcon_core.verb:Building package 'velodyne' with the following arguments: {'ament_cmake_args': None, 'build_base': '/home/aiv/ev_ws/perception/build/velodyne', 'catkin_cmake_args': None, 'catkin_skip_building_tests': False, 'cmake_args': None, 'cmake_clean_cache': False, 'cmake_clean_first': False, 'cmake_force_configure': False, 'cmake_target': None, 'cmake_target_skip_unavailable': False, 'install_base': '/home/aiv/ev_ws/perception/install/velodyne', 'merge_install': False, 'path': '/home/aiv/ev_ws/perception/src/lidar/velodyne', 'symlink_install': False, 'test_result_base': None}
[0.176s] INFO:colcon.colcon_core.executor:Executing jobs using 'parallel' executor
[0.176s] DEBUG:colcon.colcon_parallel_executor.executor.parallel:run_until_complete
[0.176s] INFO:colcon.colcon_ros.task.ament_cmake.build:Building ROS package in '/home/aiv/ev_ws/perception/src/lidar/velodyne_msgs' with build type 'ament_cmake'
[0.176s] INFO:colcon.colcon_cmake.task.cmake.build:Building CMake package in '/home/aiv/ev_ws/perception/src/lidar/velodyne_msgs'
[0.177s] INFO:colcon.colcon_core.plugin_system:Skipping extension 'colcon_core.shell.bat': Not used on non-Windows systems
[0.177s] INFO:colcon.colcon_core.shell:Skip shell extension 'powershell' for command environment: Not usable outside of PowerShell
[0.177s] DEBUG:colcon.colcon_core.shell:Skip shell extension 'dsv' for command environment
[0.179s] INFO:colcon.colcon_ros.task.ament_cmake.build:Building ROS package in '/home/aiv/ev_ws/perception/src/lidar/lidar_interfaces' with build type 'ament_cmake'
[0.179s] INFO:colcon.colcon_cmake.task.cmake.build:Building CMake package in '/home/aiv/ev_ws/perception/src/lidar/lidar_interfaces'
[0.179s] INFO:colcon.colcon_core.shell:Skip shell extension 'powershell' for command environment: Not usable outside of PowerShell
[0.179s] DEBUG:colcon.colcon_core.shell:Skip shell extension 'dsv' for command environment
[0.180s] INFO:colcon.colcon_ros.task.ament_cmake.build:Building ROS package in '/home/aiv/ev_ws/perception/src/lidar/lidar_clustering' with build type 'ament_cmake'
[0.181s] INFO:colcon.colcon_cmake.task.cmake.build:Building CMake package in '/home/aiv/ev_ws/perception/src/lidar/lidar_clustering'
[0.181s] INFO:colcon.colcon_core.shell:Skip shell extension 'powershell' for command environment: Not usable outside of PowerShell
[0.181s] DEBUG:colcon.colcon_core.shell:Skip shell extension 'dsv' for command environment
[0.182s] INFO:colcon.colcon_ros.task.ament_cmake.build:Building ROS package in '/home/aiv/ev_ws/perception/src/lidar/lidar_voxel_grid' with build type 'ament_cmake'
[0.182s] INFO:colcon.colcon_cmake.task.cmake.build:Building CMake package in '/home/aiv/ev_ws/perception/src/lidar/lidar_voxel_grid'
[0.182s] INFO:colcon.colcon_core.shell:Skip shell extension 'powershell' for command environment: Not usable outside of PowerShell
[0.182s] DEBUG:colcon.colcon_core.shell:Skip shell extension 'dsv' for command environment
[0.184s] INFO:colcon.colcon_ros.task.ament_cmake.build:Building ROS package in '/home/aiv/ev_ws/perception/src/lidar/patchwork-plusplus/ros' with build type 'ament_cmake'
[0.184s] INFO:colcon.colcon_cmake.task.cmake.build:Building CMake package in '/home/aiv/ev_ws/perception/src/lidar/patchwork-plusplus/ros'
[0.184s] INFO:colcon.colcon_core.shell:Skip shell extension 'powershell' for command environment: Not usable outside of PowerShell
[0.184s] DEBUG:colcon.colcon_core.shell:Skip shell extension 'dsv' for command environment
[0.185s] INFO:colcon.colcon_ros.task.ament_cmake.build:Building ROS package in '/home/aiv/ev_ws/perception/src/lidar/velodyne_cropbox' with build type 'ament_cmake'
[0.185s] INFO:colcon.colcon_cmake.task.cmake.build:Building CMake package in '/home/aiv/ev_ws/perception/src/lidar/velodyne_cropbox'
[0.185s] INFO:colcon.colcon_core.shell:Skip shell extension 'powershell' for command environment: Not usable outside of PowerShell
[0.185s] DEBUG:colcon.colcon_core.shell:Skip shell extension 'dsv' for command environment
[0.187s] INFO:colcon.colcon_ros.task.ament_cmake.build:Building ROS package in '/home/aiv/ev_ws/perception/src/lidar/velodyne_laserscan' with build type 'ament_cmake'
[0.187s] INFO:colcon.colcon_cmake.task.cmake.build:Building CMake package in '/home/aiv/ev_ws/perception/src/lidar/velodyne_laserscan'
[0.187s] INFO:colcon.colcon_core.shell:Skip shell extension 'powershell' for command environment: Not usable outside of PowerShell
[0.187s] DEBUG:colcon.colcon_core.shell:Skip shell extension 'dsv' for command environment
[0.190s] DEBUG:colcon.colcon_core.event_handler.log_command:Invoking command in '/home/aiv/ev_ws/perception/build/velodyne_msgs': CMAKE_PREFIX_PATH=${CMAKE_PREFIX_PATH}:/opt/ros/humble /usr/bin/cmake /home/aiv/ev_ws/perception/src/lidar/velodyne_msgs -DCMAKE_INSTALL_PREFIX=/home/aiv/ev_ws/perception/install/velodyne_msgs
[0.191s] DEBUG:colcon.colcon_core.event_handler.log_command:Invoking command in '/home/aiv/ev_ws/perception/build/lidar_interfaces': CMAKE_PREFIX_PATH=${CMAKE_PREFIX_PATH}:/opt/ros/humble /usr/bin/cmake /home/aiv/ev_ws/perception/src/lidar/lidar_interfaces -DCMAKE_INSTALL_PREFIX=/home/aiv/ev_ws/perception/install/lidar_interfaces
[0.192s] DEBUG:colcon.colcon_core.event_handler.log_command:Invoking command in '/home/aiv/ev_ws/perception/build/lidar_clustering': CMAKE_PREFIX_PATH=${CMAKE_PREFIX_PATH}:/opt/ros/humble /usr/bin/cmake /home/aiv/ev_ws/perception/src/lidar/lidar_clustering -DCMAKE_INSTALL_PREFIX=/home/aiv/ev_ws/perception/install/lidar_clustering
[0.193s] DEBUG:colcon.colcon_core.event_handler.log_command:Invoking command in '/home/aiv/ev_ws/perception/build/lidar_voxel_grid': CMAKE_PREFIX_PATH=${CMAKE_PREFIX_PATH}:/opt/ros/humble /usr/bin/cmake /home/aiv/ev_ws/perception/src/lidar/lidar_voxel_grid -DCMAKE_INSTALL_PREFIX=/home/aiv/ev_ws/perception/install/lidar_voxel_grid
[0.194s] DEBUG:colcon.colcon_core.event_handler.log_command:Invoking command in '/home/aiv/ev_ws/perception/build/patchworkpp': CMAKE_PREFIX_PATH=${CMAKE_PREFIX_PATH}:/opt/ros/humble /usr/bin/cmake /home/aiv/ev_ws/perception/src/lidar/patchwork-plusplus/ros -DCMAKE_INSTALL_PREFIX=/home/aiv/ev_ws/perception/install/patchworkpp
[0.195s] DEBUG:colcon.colcon_core.event_handler.log_command:Invoking command in '/home/aiv/ev_ws/perception/build/velodyne_cropbox': CMAKE_PREFIX_PATH=${CMAKE_PREFIX_PATH}:/opt/ros/humble /usr/bin/cmake /home/aiv/ev_ws/perception/src/lidar/velodyne_cropbox -DCMAKE_INSTALL_PREFIX=/home/aiv/ev_ws/perception/install/velodyne_cropbox
[0.198s] DEBUG:colcon.colcon_core.event_handler.log_command:Invoking command in '/home/aiv/ev_ws/perception/build/velodyne_laserscan': CMAKE_PREFIX_PATH=${CMAKE_PREFIX_PATH}:/opt/ros/humble /usr/bin/cmake /home/aiv/ev_ws/perception/src/lidar/velodyne_laserscan -DCMAKE_INSTALL_PREFIX=/home/aiv/ev_ws/perception/install/velodyne_laserscan
[0.894s] DEBUG:colcon.colcon_core.event_handler.log_command:Invoked command in '/home/aiv/ev_ws/perception/build/velodyne_cropbox' returned '0': CMAKE_PREFIX_PATH=${CMAKE_PREFIX_PATH}:/opt/ros/humble /usr/bin/cmake /home/aiv/ev_ws/perception/src/lidar/velodyne_cropbox -DCMAKE_INSTALL_PREFIX=/home/aiv/ev_ws/perception/install/velodyne_cropbox
[0.895s] DEBUG:colcon.colcon_core.event_handler.log_command:Invoking command in '/home/aiv/ev_ws/perception/build/velodyne_cropbox': CMAKE_PREFIX_PATH=${CMAKE_PREFIX_PATH}:/opt/ros/humble /usr/bin/cmake --build /home/aiv/ev_ws/perception/build/velodyne_cropbox -- -j28 -l28
[0.904s] DEBUG:colcon.colcon_core.event_handler.log_command:Invoked command in '/home/aiv/ev_ws/perception/build/velodyne_laserscan' returned '0': CMAKE_PREFIX_PATH=${CMAKE_PREFIX_PATH}:/opt/ros/humble /usr/bin/cmake /home/aiv/ev_ws/perception/src/lidar/velodyne_laserscan -DCMAKE_INSTALL_PREFIX=/home/aiv/ev_ws/perception/install/velodyne_laserscan
[0.905s] DEBUG:colcon.colcon_core.event_handler.log_command:Invoking command in '/home/aiv/ev_ws/perception/build/velodyne_laserscan': CMAKE_PREFIX_PATH=${CMAKE_PREFIX_PATH}:/opt/ros/humble /usr/bin/cmake --build /home/aiv/ev_ws/perception/build/velodyne_laserscan -- -j28 -l28
[1.186s] DEBUG:colcon.colcon_core.event_handler.log_command:Invoked command in '/home/aiv/ev_ws/perception/build/velodyne_msgs' returned '0': CMAKE_PREFIX_PATH=${CMAKE_PREFIX_PATH}:/opt/ros/humble /usr/bin/cmake /home/aiv/ev_ws/perception/src/lidar/velodyne_msgs -DCMAKE_INSTALL_PREFIX=/home/aiv/ev_ws/perception/install/velodyne_msgs
[1.187s] DEBUG:colcon.colcon_core.event_handler.log_command:Invoking command in '/home/aiv/ev_ws/perception/build/velodyne_msgs': CMAKE_PREFIX_PATH=${CMAKE_PREFIX_PATH}:/opt/ros/humble /usr/bin/cmake --build /home/aiv/ev_ws/perception/build/velodyne_msgs -- -j28 -l28
[1.221s] DEBUG:colcon.colcon_core.event_handler.log_command:Invoked command in '/home/aiv/ev_ws/perception/build/lidar_interfaces' returned '0': CMAKE_PREFIX_PATH=${CMAKE_PREFIX_PATH}:/opt/ros/humble /usr/bin/cmake /home/aiv/ev_ws/perception/src/lidar/lidar_interfaces -DCMAKE_INSTALL_PREFIX=/home/aiv/ev_ws/perception/install/lidar_interfaces
[1.223s] DEBUG:colcon.colcon_core.event_handler.log_command:Invoking command in '/home/aiv/ev_ws/perception/build/lidar_interfaces': CMAKE_PREFIX_PATH=${CMAKE_PREFIX_PATH}:/opt/ros/humble /usr/bin/cmake --build /home/aiv/ev_ws/perception/build/lidar_interfaces -- -j28 -l28
[2.162s] DEBUG:colcon.colcon_core.event_handler.log_command:Invoked command in '/home/aiv/ev_ws/perception/build/lidar_clustering' returned '0': CMAKE_PREFIX_PATH=${CMAKE_PREFIX_PATH}:/opt/ros/humble /usr/bin/cmake /home/aiv/ev_ws/perception/src/lidar/lidar_clustering -DCMAKE_INSTALL_PREFIX=/home/aiv/ev_ws/perception/install/lidar_clustering
[2.163s] DEBUG:colcon.colcon_core.event_handler.log_command:Invoking command in '/home/aiv/ev_ws/perception/build/lidar_clustering': CMAKE_PREFIX_PATH=${CMAKE_PREFIX_PATH}:/opt/ros/humble /usr/bin/cmake --build /home/aiv/ev_ws/perception/build/lidar_clustering -- -j28 -l28
[2.402s] DEBUG:colcon.colcon_core.event_handler.log_command:Invoked command in '/home/aiv/ev_ws/perception/build/lidar_voxel_grid' returned '0': CMAKE_PREFIX_PATH=${CMAKE_PREFIX_PATH}:/opt/ros/humble /usr/bin/cmake /home/aiv/ev_ws/perception/src/lidar/lidar_voxel_grid -DCMAKE_INSTALL_PREFIX=/home/aiv/ev_ws/perception/install/lidar_voxel_grid
[2.404s] DEBUG:colcon.colcon_core.event_handler.log_command:Invoking command in '/home/aiv/ev_ws/perception/build/lidar_voxel_grid': CMAKE_PREFIX_PATH=${CMAKE_PREFIX_PATH}:/opt/ros/humble /usr/bin/cmake --build /home/aiv/ev_ws/perception/build/lidar_voxel_grid -- -j28 -l28
[2.557s] DEBUG:colcon.colcon_core.event_handler.log_command:Invoked command in '/home/aiv/ev_ws/perception/build/velodyne_msgs' returned '0': CMAKE_PREFIX_PATH=${CMAKE_PREFIX_PATH}:/opt/ros/humble /usr/bin/cmake --build /home/aiv/ev_ws/perception/build/velodyne_msgs -- -j28 -l28
[2.563s] DEBUG:colcon.colcon_core.event_handler.log_command:Invoking command in '/home/aiv/ev_ws/perception/build/velodyne_msgs': CMAKE_PREFIX_PATH=${CMAKE_PREFIX_PATH}:/opt/ros/humble /usr/bin/cmake --install /home/aiv/ev_ws/perception/build/velodyne_msgs
[2.607s] Level 1:colcon.colcon_core.environment:create_environment_scripts_only(velodyne_msgs)
[2.608s] DEBUG:colcon.colcon_core.event_handler.log_command:Invoked command in '/home/aiv/ev_ws/perception/build/velodyne_msgs' returned '0': CMAKE_PREFIX_PATH=${CMAKE_PREFIX_PATH}:/opt/ros/humble /usr/bin/cmake --install /home/aiv/ev_ws/perception/build/velodyne_msgs
[2.610s] Level 1:colcon.colcon_core.environment:checking '/home/aiv/ev_ws/perception/install/velodyne_msgs' for CMake module files
[2.610s] Level 1:colcon.colcon_core.environment:checking '/home/aiv/ev_ws/perception/install/velodyne_msgs' for CMake config files
[2.610s] Level 1:colcon.colcon_core.shell:create_environment_hook('velodyne_msgs', 'cmake_prefix_path')
[2.610s] INFO:colcon.colcon_core.shell:Creating environment hook '/home/aiv/ev_ws/perception/install/velodyne_msgs/share/velodyne_msgs/hook/cmake_prefix_path.ps1'
[2.611s] INFO:colcon.colcon_core.shell:Creating environment descriptor '/home/aiv/ev_ws/perception/install/velodyne_msgs/share/velodyne_msgs/hook/cmake_prefix_path.dsv'
[2.611s] INFO:colcon.colcon_core.shell:Creating environment hook '/home/aiv/ev_ws/perception/install/velodyne_msgs/share/velodyne_msgs/hook/cmake_prefix_path.sh'
[2.611s] Level 1:colcon.colcon_core.environment:checking '/home/aiv/ev_ws/perception/install/velodyne_msgs/lib'
[2.611s] Level 1:colcon.colcon_core.shell:create_environment_hook('velodyne_msgs', 'ld_library_path_lib')
[2.611s] INFO:colcon.colcon_core.shell:Creating environment hook '/home/aiv/ev_ws/perception/install/velodyne_msgs/share/velodyne_msgs/hook/ld_library_path_lib.ps1'
[2.612s] INFO:colcon.colcon_core.shell:Creating environment descriptor '/home/aiv/ev_ws/perception/install/velodyne_msgs/share/velodyne_msgs/hook/ld_library_path_lib.dsv'
[2.612s] INFO:colcon.colcon_core.shell:Creating environment hook '/home/aiv/ev_ws/perception/install/velodyne_msgs/share/velodyne_msgs/hook/ld_library_path_lib.sh'
[2.612s] Level 1:colcon.colcon_core.environment:checking '/home/aiv/ev_ws/perception/install/velodyne_msgs/bin'
[2.612s] Level 1:colcon.colcon_core.environment:checking '/home/aiv/ev_ws/perception/install/velodyne_msgs/lib/pkgconfig/velodyne_msgs.pc'
[2.612s] Level 1:colcon.colcon_core.environment:checking '/home/aiv/ev_ws/perception/install/velodyne_msgs/lib/python3.10/site-packages'
[2.612s] Level 1:colcon.colcon_core.environment:checking '/home/aiv/ev_ws/perception/install/velodyne_msgs/bin'
[2.612s] INFO:colcon.colcon_core.shell:Creating package script '/home/aiv/ev_ws/perception/install/velodyne_msgs/share/velodyne_msgs/package.ps1'
[2.613s] INFO:colcon.colcon_core.shell:Creating package descriptor '/home/aiv/ev_ws/perception/install/velodyne_msgs/share/velodyne_msgs/package.dsv'
[2.613s] INFO:colcon.colcon_core.shell:Creating package script '/home/aiv/ev_ws/perception/install/velodyne_msgs/share/velodyne_msgs/package.sh'
[2.614s] INFO:colcon.colcon_core.shell:Creating package script '/home/aiv/ev_ws/perception/install/velodyne_msgs/share/velodyne_msgs/package.bash'
[2.614s] INFO:colcon.colcon_core.shell:Creating package script '/home/aiv/ev_ws/perception/install/velodyne_msgs/share/velodyne_msgs/package.zsh'
[2.614s] Level 1:colcon.colcon_core.environment:create_file_with_runtime_dependencies(/home/aiv/ev_ws/perception/install/velodyne_msgs/share/colcon-core/packages/velodyne_msgs)
[2.614s] Level 1:colcon.colcon_core.environment:create_environment_scripts_only(velodyne_msgs)
[2.615s] Level 1:colcon.colcon_core.environment:checking '/home/aiv/ev_ws/perception/install/velodyne_msgs' for CMake module files
[2.615s] Level 1:colcon.colcon_core.environment:checking '/home/aiv/ev_ws/perception/install/velodyne_msgs' for CMake config files
[2.615s] Level 1:colcon.colcon_core.shell:create_environment_hook('velodyne_msgs', 'cmake_prefix_path')
[2.615s] INFO:colcon.colcon_core.shell:Creating environment hook '/home/aiv/ev_ws/perception/install/velodyne_msgs/share/velodyne_msgs/hook/cmake_prefix_path.ps1'
[2.615s] INFO:colcon.colcon_core.shell:Creating environment descriptor '/home/aiv/ev_ws/perception/install/velodyne_msgs/share/velodyne_msgs/hook/cmake_prefix_path.dsv'
[2.615s] INFO:colcon.colcon_core.shell:Creating environment hook '/home/aiv/ev_ws/perception/install/velodyne_msgs/share/velodyne_msgs/hook/cmake_prefix_path.sh'
[2.616s] Level 1:colcon.colcon_core.environment:checking '/home/aiv/ev_ws/perception/install/velodyne_msgs/lib'
[2.616s] Level 1:colcon.colcon_core.shell:create_environment_hook('velodyne_msgs', 'ld_library_path_lib')
[2.616s] INFO:colcon.colcon_core.shell:Creating environment hook '/home/aiv/ev_ws/perception/install/velodyne_msgs/share/velodyne_msgs/hook/ld_library_path_lib.ps1'
[2.616s] INFO:colcon.colcon_core.shell:Creating environment descriptor '/home/aiv/ev_ws/perception/install/velodyne_msgs/share/velodyne_msgs/hook/ld_library_path_lib.dsv'
[2.616s] INFO:colcon.colcon_core.shell:Creating environment hook '/home/aiv/ev_ws/perception/install/velodyne_msgs/share/velodyne_msgs/hook/ld_library_path_lib.sh'
[2.616s] Level 1:colcon.colcon_core.environment:checking '/home/aiv/ev_ws/perception/install/velodyne_msgs/bin'
[2.616s] Level 1:colcon.colcon_core.environment:checking '/home/aiv/ev_ws/perception/install/velodyne_msgs/lib/pkgconfig/velodyne_msgs.pc'
[2.616s] Level 1:colcon.colcon_core.environment:checking '/home/aiv/ev_ws/perception/install/velodyne_msgs/lib/python3.10/site-packages'
[2.617s] Level 1:colcon.colcon_core.environment:checking '/home/aiv/ev_ws/perception/install/velodyne_msgs/bin'
[2.617s] INFO:colcon.colcon_core.shell:Creating package script '/home/aiv/ev_ws/perception/install/velodyne_msgs/share/velodyne_msgs/package.ps1'
[2.617s] INFO:colcon.colcon_core.shell:Creating package descriptor '/home/aiv/ev_ws/perception/install/velodyne_msgs/share/velodyne_msgs/package.dsv'
[2.617s] INFO:colcon.colcon_core.shell:Creating package script '/home/aiv/ev_ws/perception/install/velodyne_msgs/share/velodyne_msgs/package.sh'
[2.617s] INFO:colcon.colcon_core.shell:Creating package script '/home/aiv/ev_ws/perception/install/velodyne_msgs/share/velodyne_msgs/package.bash'
[2.618s] INFO:colcon.colcon_core.shell:Creating package script '/home/aiv/ev_ws/perception/install/velodyne_msgs/share/velodyne_msgs/package.zsh'
[2.618s] Level 1:colcon.colcon_core.environment:create_file_with_runtime_dependencies(/home/aiv/ev_ws/perception/install/velodyne_msgs/share/colcon-core/packages/velodyne_msgs)
[2.618s] INFO:colcon.colcon_ros.task.ament_cmake.build:Building ROS package in '/home/aiv/ev_ws/perception/src/lidar/velodyne_driver' with build type 'ament_cmake'
[2.618s] INFO:colcon.colcon_cmake.task.cmake.build:Building CMake package in '/home/aiv/ev_ws/perception/src/lidar/velodyne_driver'
[2.618s] INFO:colcon.colcon_core.shell:Skip shell extension 'powershell' for command environment: Not usable outside of PowerShell
[2.618s] DEBUG:colcon.colcon_core.shell:Skip shell extension 'dsv' for command environment
[2.620s] INFO:colcon.colcon_ros.task.ament_cmake.build:Building ROS package in '/home/aiv/ev_ws/perception/src/lidar/velodyne_pointcloud' with build type 'ament_cmake'
[2.620s] INFO:colcon.colcon_cmake.task.cmake.build:Building CMake package in '/home/aiv/ev_ws/perception/src/lidar/velodyne_pointcloud'
[2.620s] INFO:colcon.colcon_core.shell:Skip shell extension 'powershell' for command environment: Not usable outside of PowerShell
[2.620s] DEBUG:colcon.colcon_core.shell:Skip shell extension 'dsv' for command environment
[2.626s] DEBUG:colcon.colcon_core.event_handler.log_command:Invoking command in '/home/aiv/ev_ws/perception/build/velodyne_driver': AMENT_PREFIX_PATH=/home/aiv/ev_ws/perception/install/velodyne_msgs:${AMENT_PREFIX_PATH} CMAKE_PREFIX_PATH=/home/aiv/ev_ws/perception/install/velodyne_msgs:/home/aiv/ev_ws/erp42_ros/install/erp42_serial:/home/aiv/ev_ws/erp42_ros/install/erp42_rqt_plugin:/home/aiv/ev_ws/erp42_ros/install/erp42_gazebo:/home/aiv/ev_ws/erp42_ros/install/erp42_util:/home/aiv/ev_ws/erp42_ros/install/erp42_msgs:/home/aiv/ev_ws/erp42_ros/install/erp42_description:/home/aiv/ev_ws/erp42_ros/install/erp42_cmake:/opt/ros/humble LD_LIBRARY_PATH=/home/aiv/ev_ws/perception/install/velodyne_msgs/lib:${LD_LIBRARY_PATH} PYTHONPATH=/home/aiv/ev_ws/perception/install/velodyne_msgs/local/lib/python3.10/dist-packages:${PYTHONPATH} /usr/bin/cmake /home/aiv/ev_ws/perception/src/lidar/velodyne_driver -DCMAKE_INSTALL_PREFIX=/home/aiv/ev_ws/perception/install/velodyne_driver
[2.627s] DEBUG:colcon.colcon_core.event_handler.log_command:Invoking command in '/home/aiv/ev_ws/perception/build/velodyne_pointcloud': AMENT_PREFIX_PATH=/home/aiv/ev_ws/perception/install/velodyne_msgs:${AMENT_PREFIX_PATH} CMAKE_PREFIX_PATH=/home/aiv/ev_ws/perception/install/velodyne_msgs:/home/aiv/ev_ws/erp42_ros/install/erp42_serial:/home/aiv/ev_ws/erp42_ros/install/erp42_rqt_plugin:/home/aiv/ev_ws/erp42_ros/install/erp42_gazebo:/home/aiv/ev_ws/erp42_ros/install/erp42_util:/home/aiv/ev_ws/erp42_ros/install/erp42_msgs:/home/aiv/ev_ws/erp42_ros/install/erp42_description:/home/aiv/ev_ws/erp42_ros/install/erp42_cmake:/opt/ros/humble LD_LIBRARY_PATH=/home/aiv/ev_ws/perception/install/velodyne_msgs/lib:${LD_LIBRARY_PATH} PYTHONPATH=/home/aiv/ev_ws/perception/install/velodyne_msgs/local/lib/python3.10/dist-packages:${PYTHONPATH} /usr/bin/cmake /home/aiv/ev_ws/perception/src/lidar/velodyne_pointcloud -DCMAKE_INSTALL_PREFIX=/home/aiv/ev_ws/perception/install/velodyne_pointcloud
[3.056s] DEBUG:colcon.colcon_core.event_handler.log_command:Invoked command in '/home/aiv/ev_ws/perception/build/lidar_interfaces' returned '0': CMAKE_PREFIX_PATH=${CMAKE_PREFIX_PATH}:/opt/ros/humble /usr/bin/cmake --build /home/aiv/ev_ws/perception/build/lidar_interfaces -- -j28 -l28
[3.057s] DEBUG:colcon.colcon_core.event_handler.log_command:Invoking command in '/home/aiv/ev_ws/perception/build/lidar_interfaces': CMAKE_PREFIX_PATH=${CMAKE_PREFIX_PATH}:/opt/ros/humble /usr/bin/cmake --install /home/aiv/ev_ws/perception/build/lidar_interfaces
[3.097s] Level 1:colcon.colcon_core.environment:create_environment_scripts_only(lidar_interfaces)
[3.098s] DEBUG:colcon.colcon_core.event_handler.log_command:Invoked command in '/home/aiv/ev_ws/perception/build/lidar_interfaces' returned '0': CMAKE_PREFIX_PATH=${CMAKE_PREFIX_PATH}:/opt/ros/humble /usr/bin/cmake --install /home/aiv/ev_ws/perception/build/lidar_interfaces
[3.098s] Level 1:colcon.colcon_core.environment:checking '/home/aiv/ev_ws/perception/install/lidar_interfaces' for CMake module files
[3.099s] Level 1:colcon.colcon_core.environment:checking '/home/aiv/ev_ws/perception/install/lidar_interfaces' for CMake config files
[3.099s] Level 1:colcon.colcon_core.shell:create_environment_hook('lidar_interfaces', 'cmake_prefix_path')
[3.099s] INFO:colcon.colcon_core.shell:Creating environment hook '/home/aiv/ev_ws/perception/install/lidar_interfaces/share/lidar_interfaces/hook/cmake_prefix_path.ps1'
[3.100s] INFO:colcon.colcon_core.shell:Creating environment descriptor '/home/aiv/ev_ws/perception/install/lidar_interfaces/share/lidar_interfaces/hook/cmake_prefix_path.dsv'
[3.100s] INFO:colcon.colcon_core.shell:Creating environment hook '/home/aiv/ev_ws/perception/install/lidar_interfaces/share/lidar_interfaces/hook/cmake_prefix_path.sh'
[3.100s] Level 1:colcon.colcon_core.environment:checking '/home/aiv/ev_ws/perception/install/lidar_interfaces/lib'
[3.100s] Level 1:colcon.colcon_core.shell:create_environment_hook('lidar_interfaces', 'ld_library_path_lib')
[3.101s] INFO:colcon.colcon_core.shell:Creating environment hook '/home/aiv/ev_ws/perception/install/lidar_interfaces/share/lidar_interfaces/hook/ld_library_path_lib.ps1'
[3.101s] INFO:colcon.colcon_core.shell:Creating environment descriptor '/home/aiv/ev_ws/perception/install/lidar_interfaces/share/lidar_interfaces/hook/ld_library_path_lib.dsv'
[3.101s] INFO:colcon.colcon_core.shell:Creating environment hook '/home/aiv/ev_ws/perception/install/lidar_interfaces/share/lidar_interfaces/hook/ld_library_path_lib.sh'
[3.101s] Level 1:colcon.colcon_core.environment:checking '/home/aiv/ev_ws/perception/install/lidar_interfaces/bin'
[3.101s] Level 1:colcon.colcon_core.environment:checking '/home/aiv/ev_ws/perception/install/lidar_interfaces/lib/pkgconfig/lidar_interfaces.pc'
[3.102s] Level 1:colcon.colcon_core.environment:checking '/home/aiv/ev_ws/perception/install/lidar_interfaces/lib/python3.10/site-packages'
[3.102s] Level 1:colcon.colcon_core.environment:checking '/home/aiv/ev_ws/perception/install/lidar_interfaces/bin'
[3.102s] INFO:colcon.colcon_core.shell:Creating package script '/home/aiv/ev_ws/perception/install/lidar_interfaces/share/lidar_interfaces/package.ps1'
[3.103s] INFO:colcon.colcon_core.shell:Creating package descriptor '/home/aiv/ev_ws/perception/install/lidar_interfaces/share/lidar_interfaces/package.dsv'
[3.103s] INFO:colcon.colcon_core.shell:Creating package script '/home/aiv/ev_ws/perception/install/lidar_interfaces/share/lidar_interfaces/package.sh'
[3.103s] INFO:colcon.colcon_core.shell:Creating package script '/home/aiv/ev_ws/perception/install/lidar_interfaces/share/lidar_interfaces/package.bash'
[3.104s] INFO:colcon.colcon_core.shell:Creating package script '/home/aiv/ev_ws/perception/install/lidar_interfaces/share/lidar_interfaces/package.zsh'
[3.104s] Level 1:colcon.colcon_core.environment:create_file_with_runtime_dependencies(/home/aiv/ev_ws/perception/install/lidar_interfaces/share/colcon-core/packages/lidar_interfaces)
[3.104s] Level 1:colcon.colcon_core.environment:create_environment_scripts_only(lidar_interfaces)
[3.105s] Level 1:colcon.colcon_core.environment:checking '/home/aiv/ev_ws/perception/install/lidar_interfaces' for CMake module files
[3.105s] Level 1:colcon.colcon_core.environment:checking '/home/aiv/ev_ws/perception/install/lidar_interfaces' for CMake config files
[3.105s] Level 1:colcon.colcon_core.shell:create_environment_hook('lidar_interfaces', 'cmake_prefix_path')
[3.106s] INFO:colcon.colcon_core.shell:Creating environment hook '/home/aiv/ev_ws/perception/install/lidar_interfaces/share/lidar_interfaces/hook/cmake_prefix_path.ps1'
[3.106s] INFO:colcon.colcon_core.shell:Creating environment descriptor '/home/aiv/ev_ws/perception/install/lidar_interfaces/share/lidar_interfaces/hook/cmake_prefix_path.dsv'
[3.106s] INFO:colcon.colcon_core.shell:Creating environment hook '/home/aiv/ev_ws/perception/install/lidar_interfaces/share/lidar_interfaces/hook/cmake_prefix_path.sh'
[3.107s] Level 1:colcon.colcon_core.environment:checking '/home/aiv/ev_ws/perception/install/lidar_interfaces/lib'
[3.107s] Level 1:colcon.colcon_core.shell:create_environment_hook('lidar_interfaces', 'ld_library_path_lib')
[3.107s] INFO:colcon.colcon_core.shell:Creating environment hook '/home/aiv/ev_ws/perception/install/lidar_interfaces/share/lidar_interfaces/hook/ld_library_path_lib.ps1'
[3.107s] INFO:colcon.colcon_core.shell:Creating environment descriptor '/home/aiv/ev_ws/perception/install/lidar_interfaces/share/lidar_interfaces/hook/ld_library_path_lib.dsv'
[3.107s] INFO:colcon.colcon_core.shell:Creating environment hook '/home/aiv/ev_ws/perception/install/lidar_interfaces/share/lidar_interfaces/hook/ld_library_path_lib.sh'
[3.108s] Level 1:colcon.colcon_core.environment:checking '/home/aiv/ev_ws/perception/install/lidar_interfaces/bin'
[3.108s] Level 1:colcon.colcon_core.environment:checking '/home/aiv/ev_ws/perception/install/lidar_interfaces/lib/pkgconfig/lidar_interfaces.pc'
[3.108s] Level 1:colcon.colcon_core.environment:checking '/home/aiv/ev_ws/perception/install/lidar_interfaces/lib/python3.10/site-packages'
[3.108s] Level 1:colcon.colcon_core.environment:checking '/home/aiv/ev_ws/perception/install/lidar_interfaces/bin'
[3.109s] INFO:colcon.colcon_core.shell:Creating package script '/home/aiv/ev_ws/perception/install/lidar_interfaces/share/lidar_interfaces/package.ps1'
[3.109s] INFO:colcon.colcon_core.shell:Creating package descriptor '/home/aiv/ev_ws/perception/install/lidar_interfaces/share/lidar_interfaces/package.dsv'
[3.110s] INFO:colcon.colcon_core.shell:Creating package script '/home/aiv/ev_ws/perception/install/lidar_interfaces/share/lidar_interfaces/package.sh'
[3.110s] INFO:colcon.colcon_core.shell:Creating package script '/home/aiv/ev_ws/perception/install/lidar_interfaces/share/lidar_interfaces/package.bash'
[3.110s] INFO:colcon.colcon_core.shell:Creating package script '/home/aiv/ev_ws/perception/install/lidar_interfaces/share/lidar_interfaces/package.zsh'
[3.111s] Level 1:colcon.colcon_core.environment:create_file_with_runtime_dependencies(/home/aiv/ev_ws/perception/install/lidar_interfaces/share/colcon-core/packages/lidar_interfaces)
[3.111s] INFO:colcon.colcon_ros.task.ament_cmake.build:Building ROS package in '/home/aiv/ev_ws/perception/src/lidar/cluster_filter' with build type 'ament_cmake'
[3.111s] INFO:colcon.colcon_cmake.task.cmake.build:Building CMake package in '/home/aiv/ev_ws/perception/src/lidar/cluster_filter'
[3.111s] INFO:colcon.colcon_core.shell:Skip shell extension 'powershell' for command environment: Not usable outside of PowerShell
[3.111s] DEBUG:colcon.colcon_core.shell:Skip shell extension 'dsv' for command environment
[3.115s] INFO:colcon.colcon_ros.task.ament_cmake.build:Building ROS package in '/home/aiv/ev_ws/perception/src/lidar/lidar_tracking' with build type 'ament_cmake'
[3.115s] INFO:colcon.colcon_cmake.task.cmake.build:Building CMake package in '/home/aiv/ev_ws/perception/src/lidar/lidar_tracking'
[3.115s] INFO:colcon.colcon_core.shell:Skip shell extension 'powershell' for command environment: Not usable outside of PowerShell
[3.115s] DEBUG:colcon.colcon_core.shell:Skip shell extension 'dsv' for command environment
[3.121s] DEBUG:colcon.colcon_core.event_handler.log_command:Invoking command in '/home/aiv/ev_ws/perception/build/cluster_filter': AMENT_PREFIX_PATH=/home/aiv/ev_ws/perception/install/lidar_interfaces:${AMENT_PREFIX_PATH} CMAKE_PREFIX_PATH=/home/aiv/ev_ws/perception/install/lidar_interfaces:/home/aiv/ev_ws/erp42_ros/install/erp42_serial:/home/aiv/ev_ws/erp42_ros/install/erp42_rqt_plugin:/home/aiv/ev_ws/erp42_ros/install/erp42_gazebo:/home/aiv/ev_ws/erp42_ros/install/erp42_util:/home/aiv/ev_ws/erp42_ros/install/erp42_msgs:/home/aiv/ev_ws/erp42_ros/install/erp42_description:/home/aiv/ev_ws/erp42_ros/install/erp42_cmake:/opt/ros/humble LD_LIBRARY_PATH=/home/aiv/ev_ws/perception/install/lidar_interfaces/lib:${LD_LIBRARY_PATH} PYTHONPATH=/home/aiv/ev_ws/perception/install/lidar_interfaces/local/lib/python3.10/dist-packages:${PYTHONPATH} /usr/bin/cmake /home/aiv/ev_ws/perception/src/lidar/cluster_filter -DCMAKE_INSTALL_PREFIX=/home/aiv/ev_ws/perception/install/cluster_filter
[3.123s] DEBUG:colcon.colcon_core.event_handler.log_command:Invoking command in '/home/aiv/ev_ws/perception/build/lidar_tracking': AMENT_PREFIX_PATH=/home/aiv/ev_ws/perception/install/lidar_interfaces:${AMENT_PREFIX_PATH} CMAKE_PREFIX_PATH=/home/aiv/ev_ws/perception/install/lidar_interfaces:/home/aiv/ev_ws/erp42_ros/install/erp42_serial:/home/aiv/ev_ws/erp42_ros/install/erp42_rqt_plugin:/home/aiv/ev_ws/erp42_ros/install/erp42_gazebo:/home/aiv/ev_ws/erp42_ros/install/erp42_util:/home/aiv/ev_ws/erp42_ros/install/erp42_msgs:/home/aiv/ev_ws/erp42_ros/install/erp42_description:/home/aiv/ev_ws/erp42_ros/install/erp42_cmake:/opt/ros/humble LD_LIBRARY_PATH=/home/aiv/ev_ws/perception/install/lidar_interfaces/lib:${LD_LIBRARY_PATH} PYTHONPATH=/home/aiv/ev_ws/perception/install/lidar_interfaces/local/lib/python3.10/dist-packages:${PYTHONPATH} /usr/bin/cmake /home/aiv/ev_ws/perception/src/lidar/lidar_tracking -DCMAKE_INSTALL_PREFIX=/home/aiv/ev_ws/perception/install/lidar_tracking
[3.578s] DEBUG:colcon.colcon_core.event_handler.log_command:Invoked command in '/home/aiv/ev_ws/perception/build/velodyne_driver' returned '0': AMENT_PREFIX_PATH=/home/aiv/ev_ws/perception/install/velodyne_msgs:${AMENT_PREFIX_PATH} CMAKE_PREFIX_PATH=/home/aiv/ev_ws/perception/install/velodyne_msgs:/home/aiv/ev_ws/erp42_ros/install/erp42_serial:/home/aiv/ev_ws/erp42_ros/install/erp42_rqt_plugin:/home/aiv/ev_ws/erp42_ros/install/erp42_gazebo:/home/aiv/ev_ws/erp42_ros/install/erp42_util:/home/aiv/ev_ws/erp42_ros/install/erp42_msgs:/home/aiv/ev_ws/erp42_ros/install/erp42_description:/home/aiv/ev_ws/erp42_ros/install/erp42_cmake:/opt/ros/humble LD_LIBRARY_PATH=/home/aiv/ev_ws/perception/install/velodyne_msgs/lib:${LD_LIBRARY_PATH} PYTHONPATH=/home/aiv/ev_ws/perception/install/velodyne_msgs/local/lib/python3.10/dist-packages:${PYTHONPATH} /usr/bin/cmake /home/aiv/ev_ws/perception/src/lidar/velodyne_driver -DCMAKE_INSTALL_PREFIX=/home/aiv/ev_ws/perception/install/velodyne_driver
[3.580s] DEBUG:colcon.colcon_core.event_handler.log_command:Invoking command in '/home/aiv/ev_ws/perception/build/velodyne_driver': AMENT_PREFIX_PATH=/home/aiv/ev_ws/perception/install/velodyne_msgs:${AMENT_PREFIX_PATH} CMAKE_PREFIX_PATH=/home/aiv/ev_ws/perception/install/velodyne_msgs:/home/aiv/ev_ws/erp42_ros/install/erp42_serial:/home/aiv/ev_ws/erp42_ros/install/erp42_rqt_plugin:/home/aiv/ev_ws/erp42_ros/install/erp42_gazebo:/home/aiv/ev_ws/erp42_ros/install/erp42_util:/home/aiv/ev_ws/erp42_ros/install/erp42_msgs:/home/aiv/ev_ws/erp42_ros/install/erp42_description:/home/aiv/ev_ws/erp42_ros/install/erp42_cmake:/opt/ros/humble LD_LIBRARY_PATH=/home/aiv/ev_ws/perception/install/velodyne_msgs/lib:${LD_LIBRARY_PATH} PYTHONPATH=/home/aiv/ev_ws/perception/install/velodyne_msgs/local/lib/python3.10/dist-packages:${PYTHONPATH} /usr/bin/cmake --build /home/aiv/ev_ws/perception/build/velodyne_driver -- -j28 -l28
[3.707s] DEBUG:colcon.colcon_core.event_handler.log_command:Invoked command in '/home/aiv/ev_ws/perception/build/velodyne_pointcloud' returned '0': AMENT_PREFIX_PATH=/home/aiv/ev_ws/perception/install/velodyne_msgs:${AMENT_PREFIX_PATH} CMAKE_PREFIX_PATH=/home/aiv/ev_ws/perception/install/velodyne_msgs:/home/aiv/ev_ws/erp42_ros/install/erp42_serial:/home/aiv/ev_ws/erp42_ros/install/erp42_rqt_plugin:/home/aiv/ev_ws/erp42_ros/install/erp42_gazebo:/home/aiv/ev_ws/erp42_ros/install/erp42_util:/home/aiv/ev_ws/erp42_ros/install/erp42_msgs:/home/aiv/ev_ws/erp42_ros/install/erp42_description:/home/aiv/ev_ws/erp42_ros/install/erp42_cmake:/opt/ros/humble LD_LIBRARY_PATH=/home/aiv/ev_ws/perception/install/velodyne_msgs/lib:${LD_LIBRARY_PATH} PYTHONPATH=/home/aiv/ev_ws/perception/install/velodyne_msgs/local/lib/python3.10/dist-packages:${PYTHONPATH} /usr/bin/cmake /home/aiv/ev_ws/perception/src/lidar/velodyne_pointcloud -DCMAKE_INSTALL_PREFIX=/home/aiv/ev_ws/perception/install/velodyne_pointcloud
[3.708s] DEBUG:colcon.colcon_core.event_handler.log_command:Invoking command in '/home/aiv/ev_ws/perception/build/velodyne_pointcloud': AMENT_PREFIX_PATH=/home/aiv/ev_ws/perception/install/velodyne_msgs:${AMENT_PREFIX_PATH} CMAKE_PREFIX_PATH=/home/aiv/ev_ws/perception/install/velodyne_msgs:/home/aiv/ev_ws/erp42_ros/install/erp42_serial:/home/aiv/ev_ws/erp42_ros/install/erp42_rqt_plugin:/home/aiv/ev_ws/erp42_ros/install/erp42_gazebo:/home/aiv/ev_ws/erp42_ros/install/erp42_util:/home/aiv/ev_ws/erp42_ros/install/erp42_msgs:/home/aiv/ev_ws/erp42_ros/install/erp42_description:/home/aiv/ev_ws/erp42_ros/install/erp42_cmake:/opt/ros/humble LD_LIBRARY_PATH=/home/aiv/ev_ws/perception/install/velodyne_msgs/lib:${LD_LIBRARY_PATH} PYTHONPATH=/home/aiv/ev_ws/perception/install/velodyne_msgs/local/lib/python3.10/dist-packages:${PYTHONPATH} /usr/bin/cmake --build /home/aiv/ev_ws/perception/build/velodyne_pointcloud -- -j28 -l28
[3.987s] DEBUG:colcon.colcon_core.event_handler.log_command:Invoked command in '/home/aiv/ev_ws/perception/build/cluster_filter' returned '0': AMENT_PREFIX_PATH=/home/aiv/ev_ws/perception/install/lidar_interfaces:${AMENT_PREFIX_PATH} CMAKE_PREFIX_PATH=/home/aiv/ev_ws/perception/install/lidar_interfaces:/home/aiv/ev_ws/erp42_ros/install/erp42_serial:/home/aiv/ev_ws/erp42_ros/install/erp42_rqt_plugin:/home/aiv/ev_ws/erp42_ros/install/erp42_gazebo:/home/aiv/ev_ws/erp42_ros/install/erp42_util:/home/aiv/ev_ws/erp42_ros/install/erp42_msgs:/home/aiv/ev_ws/erp42_ros/install/erp42_description:/home/aiv/ev_ws/erp42_ros/install/erp42_cmake:/opt/ros/humble LD_LIBRARY_PATH=/home/aiv/ev_ws/perception/install/lidar_interfaces/lib:${LD_LIBRARY_PATH} PYTHONPATH=/home/aiv/ev_ws/perception/install/lidar_interfaces/local/lib/python3.10/dist-packages:${PYTHONPATH} /usr/bin/cmake /home/aiv/ev_ws/perception/src/lidar/cluster_filter -DCMAKE_INSTALL_PREFIX=/home/aiv/ev_ws/perception/install/cluster_filter
[3.988s] DEBUG:colcon.colcon_core.event_handler.log_command:Invoking command in '/home/aiv/ev_ws/perception/build/cluster_filter': AMENT_PREFIX_PATH=/home/aiv/ev_ws/perception/install/lidar_interfaces:${AMENT_PREFIX_PATH} CMAKE_PREFIX_PATH=/home/aiv/ev_ws/perception/install/lidar_interfaces:/home/aiv/ev_ws/erp42_ros/install/erp42_serial:/home/aiv/ev_ws/erp42_ros/install/erp42_rqt_plugin:/home/aiv/ev_ws/erp42_ros/install/erp42_gazebo:/home/aiv/ev_ws/erp42_ros/install/erp42_util:/home/aiv/ev_ws/erp42_ros/install/erp42_msgs:/home/aiv/ev_ws/erp42_ros/install/erp42_description:/home/aiv/ev_ws/erp42_ros/install/erp42_cmake:/opt/ros/humble LD_LIBRARY_PATH=/home/aiv/ev_ws/perception/install/lidar_interfaces/lib:${LD_LIBRARY_PATH} PYTHONPATH=/home/aiv/ev_ws/perception/install/lidar_interfaces/local/lib/python3.10/dist-packages:${PYTHONPATH} /usr/bin/cmake --build /home/aiv/ev_ws/perception/build/cluster_filter -- -j28 -l28
[4.040s] DEBUG:colcon.colcon_core.event_handler.log_command:Invoked command in '/home/aiv/ev_ws/perception/build/lidar_tracking' returned '0': AMENT_PREFIX_PATH=/home/aiv/ev_ws/perception/install/lidar_interfaces:${AMENT_PREFIX_PATH} CMAKE_PREFIX_PATH=/home/aiv/ev_ws/perception/install/lidar_interfaces:/home/aiv/ev_ws/erp42_ros/install/erp42_serial:/home/aiv/ev_ws/erp42_ros/install/erp42_rqt_plugin:/home/aiv/ev_ws/erp42_ros/install/erp42_gazebo:/home/aiv/ev_ws/erp42_ros/install/erp42_util:/home/aiv/ev_ws/erp42_ros/install/erp42_msgs:/home/aiv/ev_ws/erp42_ros/install/erp42_description:/home/aiv/ev_ws/erp42_ros/install/erp42_cmake:/opt/ros/humble LD_LIBRARY_PATH=/home/aiv/ev_ws/perception/install/lidar_interfaces/lib:${LD_LIBRARY_PATH} PYTHONPATH=/home/aiv/ev_ws/perception/install/lidar_interfaces/local/lib/python3.10/dist-packages:${PYTHONPATH} /usr/bin/cmake /home/aiv/ev_ws/perception/src/lidar/lidar_tracking -DCMAKE_INSTALL_PREFIX=/home/aiv/ev_ws/perception/install/lidar_tracking
[4.042s] DEBUG:colcon.colcon_core.event_handler.log_command:Invoking command in '/home/aiv/ev_ws/perception/build/lidar_tracking': AMENT_PREFIX_PATH=/home/aiv/ev_ws/perception/install/lidar_interfaces:${AMENT_PREFIX_PATH} CMAKE_PREFIX_PATH=/home/aiv/ev_ws/perception/install/lidar_interfaces:/home/aiv/ev_ws/erp42_ros/install/erp42_serial:/home/aiv/ev_ws/erp42_ros/install/erp42_rqt_plugin:/home/aiv/ev_ws/erp42_ros/install/erp42_gazebo:/home/aiv/ev_ws/erp42_ros/install/erp42_util:/home/aiv/ev_ws/erp42_ros/install/erp42_msgs:/home/aiv/ev_ws/erp42_ros/install/erp42_description:/home/aiv/ev_ws/erp42_ros/install/erp42_cmake:/opt/ros/humble LD_LIBRARY_PATH=/home/aiv/ev_ws/perception/install/lidar_interfaces/lib:${LD_LIBRARY_PATH} PYTHONPATH=/home/aiv/ev_ws/perception/install/lidar_interfaces/local/lib/python3.10/dist-packages:${PYTHONPATH} /usr/bin/cmake --build /home/aiv/ev_ws/perception/build/lidar_tracking -- -j28 -l28
[6.196s] DEBUG:colcon.colcon_core.event_handler.log_command:Invoked command in '/home/aiv/ev_ws/perception/build/patchworkpp' returned '0': CMAKE_PREFIX_PATH=${CMAKE_PREFIX_PATH}:/opt/ros/humble /usr/bin/cmake /home/aiv/ev_ws/perception/src/lidar/patchwork-plusplus/ros -DCMAKE_INSTALL_PREFIX=/home/aiv/ev_ws/perception/install/patchworkpp
[6.196s] DEBUG:colcon.colcon_core.event_handler.log_command:Invoking command in '/home/aiv/ev_ws/perception/build/patchworkpp': CMAKE_PREFIX_PATH=${CMAKE_PREFIX_PATH}:/opt/ros/humble /usr/bin/cmake --build /home/aiv/ev_ws/perception/build/patchworkpp -- -j28 -l28
[6.508s] DEBUG:colcon.colcon_core.event_handler.log_command:Invoked command in '/home/aiv/ev_ws/perception/build/velodyne_cropbox' returned '0': CMAKE_PREFIX_PATH=${CMAKE_PREFIX_PATH}:/opt/ros/humble /usr/bin/cmake --build /home/aiv/ev_ws/perception/build/velodyne_cropbox -- -j28 -l28
[6.510s] DEBUG:colcon.colcon_core.event_handler.log_command:Invoking command in '/home/aiv/ev_ws/perception/build/velodyne_cropbox': CMAKE_PREFIX_PATH=${CMAKE_PREFIX_PATH}:/opt/ros/humble /usr/bin/cmake --install /home/aiv/ev_ws/perception/build/velodyne_cropbox
[6.528s] Level 1:colcon.colcon_core.environment:create_environment_scripts_only(velodyne_cropbox)
[6.528s] Level 1:colcon.colcon_core.environment:checking '/home/aiv/ev_ws/perception/install/velodyne_cropbox' for CMake module files
[6.529s] DEBUG:colcon.colcon_core.event_handler.log_command:Invoked command in '/home/aiv/ev_ws/perception/build/velodyne_cropbox' returned '0': CMAKE_PREFIX_PATH=${CMAKE_PREFIX_PATH}:/opt/ros/humble /usr/bin/cmake --install /home/aiv/ev_ws/perception/build/velodyne_cropbox
[6.529s] Level 1:colcon.colcon_core.environment:checking '/home/aiv/ev_ws/perception/install/velodyne_cropbox' for CMake config files
[6.529s] Level 1:colcon.colcon_core.shell:create_environment_hook('velodyne_cropbox', 'cmake_prefix_path')
[6.529s] INFO:colcon.colcon_core.shell:Creating environment hook '/home/aiv/ev_ws/perception/install/velodyne_cropbox/share/velodyne_cropbox/hook/cmake_prefix_path.ps1'
[6.530s] INFO:colcon.colcon_core.shell:Creating environment descriptor '/home/aiv/ev_ws/perception/install/velodyne_cropbox/share/velodyne_cropbox/hook/cmake_prefix_path.dsv'
[6.530s] INFO:colcon.colcon_core.shell:Creating environment hook '/home/aiv/ev_ws/perception/install/velodyne_cropbox/share/velodyne_cropbox/hook/cmake_prefix_path.sh'
[6.531s] Level 1:colcon.colcon_core.environment:checking '/home/aiv/ev_ws/perception/install/velodyne_cropbox/lib'
[6.531s] Level 1:colcon.colcon_core.shell:create_environment_hook('velodyne_cropbox', 'ld_library_path_lib')
[6.531s] INFO:colcon.colcon_core.shell:Creating environment hook '/home/aiv/ev_ws/perception/install/velodyne_cropbox/share/velodyne_cropbox/hook/ld_library_path_lib.ps1'
[6.531s] INFO:colcon.colcon_core.shell:Creating environment descriptor '/home/aiv/ev_ws/perception/install/velodyne_cropbox/share/velodyne_cropbox/hook/ld_library_path_lib.dsv'
[6.531s] INFO:colcon.colcon_core.shell:Creating environment hook '/home/aiv/ev_ws/perception/install/velodyne_cropbox/share/velodyne_cropbox/hook/ld_library_path_lib.sh'
[6.532s] Level 1:colcon.colcon_core.environment:checking '/home/aiv/ev_ws/perception/install/velodyne_cropbox/bin'
[6.532s] Level 1:colcon.colcon_core.environment:checking '/home/aiv/ev_ws/perception/install/velodyne_cropbox/lib/pkgconfig/velodyne_cropbox.pc'
[6.532s] Level 1:colcon.colcon_core.environment:checking '/home/aiv/ev_ws/perception/install/velodyne_cropbox/lib/python3.10/site-packages'
[6.532s] Level 1:colcon.colcon_core.environment:checking '/home/aiv/ev_ws/perception/install/velodyne_cropbox/bin'
[6.532s] INFO:colcon.colcon_core.shell:Creating package script '/home/aiv/ev_ws/perception/install/velodyne_cropbox/share/velodyne_cropbox/package.ps1'
[6.533s] INFO:colcon.colcon_core.shell:Creating package descriptor '/home/aiv/ev_ws/perception/install/velodyne_cropbox/share/velodyne_cropbox/package.dsv'
[6.533s] INFO:colcon.colcon_core.shell:Creating package script '/home/aiv/ev_ws/perception/install/velodyne_cropbox/share/velodyne_cropbox/package.sh'
[6.534s] INFO:colcon.colcon_core.shell:Creating package script '/home/aiv/ev_ws/perception/install/velodyne_cropbox/share/velodyne_cropbox/package.bash'
[6.534s] INFO:colcon.colcon_core.shell:Creating package script '/home/aiv/ev_ws/perception/install/velodyne_cropbox/share/velodyne_cropbox/package.zsh'
[6.534s] Level 1:colcon.colcon_core.environment:create_file_with_runtime_dependencies(/home/aiv/ev_ws/perception/install/velodyne_cropbox/share/colcon-core/packages/velodyne_cropbox)
[6.535s] Level 1:colcon.colcon_core.environment:create_environment_scripts_only(velodyne_cropbox)
[6.535s] Level 1:colcon.colcon_core.environment:checking '/home/aiv/ev_ws/perception/install/velodyne_cropbox' for CMake module files
[6.535s] Level 1:colcon.colcon_core.environment:checking '/home/aiv/ev_ws/perception/install/velodyne_cropbox' for CMake config files
[6.535s] Level 1:colcon.colcon_core.shell:create_environment_hook('velodyne_cropbox', 'cmake_prefix_path')
[6.536s] INFO:colcon.colcon_core.shell:Creating environment hook '/home/aiv/ev_ws/perception/install/velodyne_cropbox/share/velodyne_cropbox/hook/cmake_prefix_path.ps1'
[6.536s] INFO:colcon.colcon_core.shell:Creating environment descriptor '/home/aiv/ev_ws/perception/install/velodyne_cropbox/share/velodyne_cropbox/hook/cmake_prefix_path.dsv'
[6.536s] INFO:colcon.colcon_core.shell:Creating environment hook '/home/aiv/ev_ws/perception/install/velodyne_cropbox/share/velodyne_cropbox/hook/cmake_prefix_path.sh'
[6.537s] Level 1:colcon.colcon_core.environment:checking '/home/aiv/ev_ws/perception/install/velodyne_cropbox/lib'
[6.537s] Level 1:colcon.colcon_core.shell:create_environment_hook('velodyne_cropbox', 'ld_library_path_lib')
[6.537s] INFO:colcon.colcon_core.shell:Creating environment hook '/home/aiv/ev_ws/perception/install/velodyne_cropbox/share/velodyne_cropbox/hook/ld_library_path_lib.ps1'
[6.537s] INFO:colcon.colcon_core.shell:Creating environment descriptor '/home/aiv/ev_ws/perception/install/velodyne_cropbox/share/velodyne_cropbox/hook/ld_library_path_lib.dsv'
[6.538s] INFO:colcon.colcon_core.shell:Creating environment hook '/home/aiv/ev_ws/perception/install/velodyne_cropbox/share/velodyne_cropbox/hook/ld_library_path_lib.sh'
[6.538s] Level 1:colcon.colcon_core.environment:checking '/home/aiv/ev_ws/perception/install/velodyne_cropbox/bin'
[6.538s] Level 1:colcon.colcon_core.environment:checking '/home/aiv/ev_ws/perception/install/velodyne_cropbox/lib/pkgconfig/velodyne_cropbox.pc'
[6.538s] Level 1:colcon.colcon_core.environment:checking '/home/aiv/ev_ws/perception/install/velodyne_cropbox/lib/python3.10/site-packages'
[6.538s] Level 1:colcon.colcon_core.environment:checking '/home/aiv/ev_ws/perception/install/velodyne_cropbox/bin'
[6.539s] INFO:colcon.colcon_core.shell:Creating package script '/home/aiv/ev_ws/perception/install/velodyne_cropbox/share/velodyne_cropbox/package.ps1'
[6.539s] INFO:colcon.colcon_core.shell:Creating package descriptor '/home/aiv/ev_ws/perception/install/velodyne_cropbox/share/velodyne_cropbox/package.dsv'
[6.540s] INFO:colcon.colcon_core.shell:Creating package script '/home/aiv/ev_ws/perception/install/velodyne_cropbox/share/velodyne_cropbox/package.sh'
[6.540s] INFO:colcon.colcon_core.shell:Creating package script '/home/aiv/ev_ws/perception/install/velodyne_cropbox/share/velodyne_cropbox/package.bash'
[6.540s] INFO:colcon.colcon_core.shell:Creating package script '/home/aiv/ev_ws/perception/install/velodyne_cropbox/share/velodyne_cropbox/package.zsh'
[6.541s] Level 1:colcon.colcon_core.environment:create_file_with_runtime_dependencies(/home/aiv/ev_ws/perception/install/velodyne_cropbox/share/colcon-core/packages/velodyne_cropbox)
[8.411s] DEBUG:colcon.colcon_core.event_handler.log_command:Invoked command in '/home/aiv/ev_ws/perception/build/velodyne_laserscan' returned '0': CMAKE_PREFIX_PATH=${CMAKE_PREFIX_PATH}:/opt/ros/humble /usr/bin/cmake --build /home/aiv/ev_ws/perception/build/velodyne_laserscan -- -j28 -l28
[8.412s] DEBUG:colcon.colcon_core.event_handler.log_command:Invoking command in '/home/aiv/ev_ws/perception/build/velodyne_laserscan': CMAKE_PREFIX_PATH=${CMAKE_PREFIX_PATH}:/opt/ros/humble /usr/bin/cmake --install /home/aiv/ev_ws/perception/build/velodyne_laserscan
[8.430s] Level 1:colcon.colcon_core.environment:create_environment_scripts_only(velodyne_laserscan)
[8.431s] Level 1:colcon.colcon_core.environment:checking '/home/aiv/ev_ws/perception/install/velodyne_laserscan' for CMake module files
[8.431s] DEBUG:colcon.colcon_core.event_handler.log_command:Invoked command in '/home/aiv/ev_ws/perception/build/velodyne_laserscan' returned '0': CMAKE_PREFIX_PATH=${CMAKE_PREFIX_PATH}:/opt/ros/humble /usr/bin/cmake --install /home/aiv/ev_ws/perception/build/velodyne_laserscan
[8.431s] Level 1:colcon.colcon_core.environment:checking '/home/aiv/ev_ws/perception/install/velodyne_laserscan' for CMake config files
[8.432s] Level 1:colcon.colcon_core.shell:create_environment_hook('velodyne_laserscan', 'cmake_prefix_path')
[8.432s] INFO:colcon.colcon_core.shell:Creating environment hook '/home/aiv/ev_ws/perception/install/velodyne_laserscan/share/velodyne_laserscan/hook/cmake_prefix_path.ps1'
[8.432s] INFO:colcon.colcon_core.shell:Creating environment descriptor '/home/aiv/ev_ws/perception/install/velodyne_laserscan/share/velodyne_laserscan/hook/cmake_prefix_path.dsv'
[8.432s] INFO:colcon.colcon_core.shell:Creating environment hook '/home/aiv/ev_ws/perception/install/velodyne_laserscan/share/velodyne_laserscan/hook/cmake_prefix_path.sh'
[8.433s] Level 1:colcon.colcon_core.environment:checking '/home/aiv/ev_ws/perception/install/velodyne_laserscan/lib'
[8.433s] Level 1:colcon.colcon_core.shell:create_environment_hook('velodyne_laserscan', 'ld_library_path_lib')
[8.433s] INFO:colcon.colcon_core.shell:Creating environment hook '/home/aiv/ev_ws/perception/install/velodyne_laserscan/share/velodyne_laserscan/hook/ld_library_path_lib.ps1'
[8.434s] INFO:colcon.colcon_core.shell:Creating environment descriptor '/home/aiv/ev_ws/perception/install/velodyne_laserscan/share/velodyne_laserscan/hook/ld_library_path_lib.dsv'
[8.434s] INFO:colcon.colcon_core.shell:Creating environment hook '/home/aiv/ev_ws/perception/install/velodyne_laserscan/share/velodyne_laserscan/hook/ld_library_path_lib.sh'
[8.434s] Level 1:colcon.colcon_core.environment:checking '/home/aiv/ev_ws/perception/install/velodyne_laserscan/bin'
[8.434s] Level 1:colcon.colcon_core.environment:checking '/home/aiv/ev_ws/perception/install/velodyne_laserscan/lib/pkgconfig/velodyne_laserscan.pc'
[8.434s] Level 1:colcon.colcon_core.environment:checking '/home/aiv/ev_ws/perception/install/velodyne_laserscan/lib/python3.10/site-packages'
[8.435s] Level 1:colcon.colcon_core.environment:checking '/home/aiv/ev_ws/perception/install/velodyne_laserscan/bin'
[8.435s] INFO:colcon.colcon_core.shell:Creating package script '/home/aiv/ev_ws/perception/install/velodyne_laserscan/share/velodyne_laserscan/package.ps1'
[8.435s] INFO:colcon.colcon_core.shell:Creating package descriptor '/home/aiv/ev_ws/perception/install/velodyne_laserscan/share/velodyne_laserscan/package.dsv'
[8.436s] INFO:colcon.colcon_core.shell:Creating package script '/home/aiv/ev_ws/perception/install/velodyne_laserscan/share/velodyne_laserscan/package.sh'
[8.436s] INFO:colcon.colcon_core.shell:Creating package script '/home/aiv/ev_ws/perception/install/velodyne_laserscan/share/velodyne_laserscan/package.bash'
[8.436s] INFO:colcon.colcon_core.shell:Creating package script '/home/aiv/ev_ws/perception/install/velodyne_laserscan/share/velodyne_laserscan/package.zsh'
[8.437s] Level 1:colcon.colcon_core.environment:create_file_with_runtime_dependencies(/home/aiv/ev_ws/perception/install/velodyne_laserscan/share/colcon-core/packages/velodyne_laserscan)
[8.437s] Level 1:colcon.colcon_core.environment:create_environment_scripts_only(velodyne_laserscan)
[8.437s] Level 1:colcon.colcon_core.environment:checking '/home/aiv/ev_ws/perception/install/velodyne_laserscan' for CMake module files
[8.438s] Level 1:colcon.colcon_core.environment:checking '/home/aiv/ev_ws/perception/install/velodyne_laserscan' for CMake config files
[8.438s] Level 1:colcon.colcon_core.shell:create_environment_hook('velodyne_laserscan', 'cmake_prefix_path')
[8.438s] INFO:colcon.colcon_core.shell:Creating environment hook '/home/aiv/ev_ws/perception/install/velodyne_laserscan/share/velodyne_laserscan/hook/cmake_prefix_path.ps1'
[8.438s] INFO:colcon.colcon_core.shell:Creating environment descriptor '/home/aiv/ev_ws/perception/install/velodyne_laserscan/share/velodyne_laserscan/hook/cmake_prefix_path.dsv'
[8.439s] INFO:colcon.colcon_core.shell:Creating environment hook '/home/aiv/ev_ws/perception/install/velodyne_laserscan/share/velodyne_laserscan/hook/cmake_prefix_path.sh'
[8.439s] Level 1:colcon.colcon_core.environment:checking '/home/aiv/ev_ws/perception/install/velodyne_laserscan/lib'
[8.439s] Level 1:colcon.colcon_core.shell:create_environment_hook('velodyne_laserscan', 'ld_library_path_lib')
[8.439s] INFO:colcon.colcon_core.shell:Creating environment hook '/home/aiv/ev_ws/perception/install/velodyne_laserscan/share/velodyne_laserscan/hook/ld_library_path_lib.ps1'
[8.440s] INFO:colcon.colcon_core.shell:Creating environment descriptor '/home/aiv/ev_ws/perception/install/velodyne_laserscan/share/velodyne_laserscan/hook/ld_library_path_lib.dsv'
[8.440s] INFO:colcon.colcon_core.shell:Creating environment hook '/home/aiv/ev_ws/perception/install/velodyne_laserscan/share/velodyne_laserscan/hook/ld_library_path_lib.sh'
[8.440s] Level 1:colcon.colcon_core.environment:checking '/home/aiv/ev_ws/perception/install/velodyne_laserscan/bin'
[8.440s] Level 1:colcon.colcon_core.environment:checking '/home/aiv/ev_ws/perception/install/velodyne_laserscan/lib/pkgconfig/velodyne_laserscan.pc'
[8.441s] Level 1:colcon.colcon_core.environment:checking '/home/aiv/ev_ws/perception/install/velodyne_laserscan/lib/python3.10/site-packages'
[8.441s] Level 1:colcon.colcon_core.environment:checking '/home/aiv/ev_ws/perception/install/velodyne_laserscan/bin'
[8.441s] INFO:colcon.colcon_core.shell:Creating package script '/home/aiv/ev_ws/perception/install/velodyne_laserscan/share/velodyne_laserscan/package.ps1'
[8.442s] INFO:colcon.colcon_core.shell:Creating package descriptor '/home/aiv/ev_ws/perception/install/velodyne_laserscan/share/velodyne_laserscan/package.dsv'
[8.442s] INFO:colcon.colcon_core.shell:Creating package script '/home/aiv/ev_ws/perception/install/velodyne_laserscan/share/velodyne_laserscan/package.sh'
[8.442s] INFO:colcon.colcon_core.shell:Creating package script '/home/aiv/ev_ws/perception/install/velodyne_laserscan/share/velodyne_laserscan/package.bash'
[8.443s] INFO:colcon.colcon_core.shell:Creating package script '/home/aiv/ev_ws/perception/install/velodyne_laserscan/share/velodyne_laserscan/package.zsh'
[8.443s] Level 1:colcon.colcon_core.environment:create_file_with_runtime_dependencies(/home/aiv/ev_ws/perception/install/velodyne_laserscan/share/colcon-core/packages/velodyne_laserscan)
[9.504s] DEBUG:colcon.colcon_core.event_handler.log_command:Invoked command in '/home/aiv/ev_ws/perception/build/lidar_clustering' returned '0': CMAKE_PREFIX_PATH=${CMAKE_PREFIX_PATH}:/opt/ros/humble /usr/bin/cmake --build /home/aiv/ev_ws/perception/build/lidar_clustering -- -j28 -l28
[9.505s] DEBUG:colcon.colcon_core.event_handler.log_command:Invoking command in '/home/aiv/ev_ws/perception/build/lidar_clustering': CMAKE_PREFIX_PATH=${CMAKE_PREFIX_PATH}:/opt/ros/humble /usr/bin/cmake --install /home/aiv/ev_ws/perception/build/lidar_clustering
[9.518s] Level 1:colcon.colcon_core.environment:create_environment_scripts_only(lidar_clustering)
[9.518s] Level 1:colcon.colcon_core.environment:checking '/home/aiv/ev_ws/perception/install/lidar_clustering' for CMake module files
[9.519s] DEBUG:colcon.colcon_core.event_handler.log_command:Invoked command in '/home/aiv/ev_ws/perception/build/lidar_clustering' returned '0': CMAKE_PREFIX_PATH=${CMAKE_PREFIX_PATH}:/opt/ros/humble /usr/bin/cmake --install /home/aiv/ev_ws/perception/build/lidar_clustering
[9.519s] Level 1:colcon.colcon_core.environment:checking '/home/aiv/ev_ws/perception/install/lidar_clustering' for CMake config files
[9.519s] Level 1:colcon.colcon_core.shell:create_environment_hook('lidar_clustering', 'cmake_prefix_path')
[9.519s] INFO:colcon.colcon_core.shell:Creating environment hook '/home/aiv/ev_ws/perception/install/lidar_clustering/share/lidar_clustering/hook/cmake_prefix_path.ps1'
[9.520s] INFO:colcon.colcon_core.shell:Creating environment descriptor '/home/aiv/ev_ws/perception/install/lidar_clustering/share/lidar_clustering/hook/cmake_prefix_path.dsv'
[9.520s] INFO:colcon.colcon_core.shell:Creating environment hook '/home/aiv/ev_ws/perception/install/lidar_clustering/share/lidar_clustering/hook/cmake_prefix_path.sh'
[9.520s] Level 1:colcon.colcon_core.environment:checking '/home/aiv/ev_ws/perception/install/lidar_clustering/lib'
[9.520s] Level 1:colcon.colcon_core.shell:create_environment_hook('lidar_clustering', 'ld_library_path_lib')
[9.521s] INFO:colcon.colcon_core.shell:Creating environment hook '/home/aiv/ev_ws/perception/install/lidar_clustering/share/lidar_clustering/hook/ld_library_path_lib.ps1'
[9.521s] INFO:colcon.colcon_core.shell:Creating environment descriptor '/home/aiv/ev_ws/perception/install/lidar_clustering/share/lidar_clustering/hook/ld_library_path_lib.dsv'
[9.521s] INFO:colcon.colcon_core.shell:Creating environment hook '/home/aiv/ev_ws/perception/install/lidar_clustering/share/lidar_clustering/hook/ld_library_path_lib.sh'
[9.521s] Level 1:colcon.colcon_core.environment:checking '/home/aiv/ev_ws/perception/install/lidar_clustering/bin'
[9.521s] Level 1:colcon.colcon_core.environment:checking '/home/aiv/ev_ws/perception/install/lidar_clustering/lib/pkgconfig/lidar_clustering.pc'
[9.522s] Level 1:colcon.colcon_core.environment:checking '/home/aiv/ev_ws/perception/install/lidar_clustering/lib/python3.10/site-packages'
[9.522s] Level 1:colcon.colcon_core.environment:checking '/home/aiv/ev_ws/perception/install/lidar_clustering/bin'
[9.522s] INFO:colcon.colcon_core.shell:Creating package script '/home/aiv/ev_ws/perception/install/lidar_clustering/share/lidar_clustering/package.ps1'
[9.523s] INFO:colcon.colcon_core.shell:Creating package descriptor '/home/aiv/ev_ws/perception/install/lidar_clustering/share/lidar_clustering/package.dsv'
[9.523s] INFO:colcon.colcon_core.shell:Creating package script '/home/aiv/ev_ws/perception/install/lidar_clustering/share/lidar_clustering/package.sh'
[9.523s] INFO:colcon.colcon_core.shell:Creating package script '/home/aiv/ev_ws/perception/install/lidar_clustering/share/lidar_clustering/package.bash'
[9.523s] INFO:colcon.colcon_core.shell:Creating package script '/home/aiv/ev_ws/perception/install/lidar_clustering/share/lidar_clustering/package.zsh'
[9.523s] Level 1:colcon.colcon_core.environment:create_file_with_runtime_dependencies(/home/aiv/ev_ws/perception/install/lidar_clustering/share/colcon-core/packages/lidar_clustering)
[9.524s] Level 1:colcon.colcon_core.environment:create_environment_scripts_only(lidar_clustering)
[9.524s] Level 1:colcon.colcon_core.environment:checking '/home/aiv/ev_ws/perception/install/lidar_clustering' for CMake module files
[9.524s] Level 1:colcon.colcon_core.environment:checking '/home/aiv/ev_ws/perception/install/lidar_clustering' for CMake config files
[9.524s] Level 1:colcon.colcon_core.shell:create_environment_hook('lidar_clustering', 'cmake_prefix_path')
[9.524s] INFO:colcon.colcon_core.shell:Creating environment hook '/home/aiv/ev_ws/perception/install/lidar_clustering/share/lidar_clustering/hook/cmake_prefix_path.ps1'
[9.524s] INFO:colcon.colcon_core.shell:Creating environment descriptor '/home/aiv/ev_ws/perception/install/lidar_clustering/share/lidar_clustering/hook/cmake_prefix_path.dsv'
[9.525s] INFO:colcon.colcon_core.shell:Creating environment hook '/home/aiv/ev_ws/perception/install/lidar_clustering/share/lidar_clustering/hook/cmake_prefix_path.sh'
[9.525s] Level 1:colcon.colcon_core.environment:checking '/home/aiv/ev_ws/perception/install/lidar_clustering/lib'
[9.525s] Level 1:colcon.colcon_core.shell:create_environment_hook('lidar_clustering', 'ld_library_path_lib')
[9.525s] INFO:colcon.colcon_core.shell:Creating environment hook '/home/aiv/ev_ws/perception/install/lidar_clustering/share/lidar_clustering/hook/ld_library_path_lib.ps1'
[9.525s] INFO:colcon.colcon_core.shell:Creating environment descriptor '/home/aiv/ev_ws/perception/install/lidar_clustering/share/lidar_clustering/hook/ld_library_path_lib.dsv'
[9.525s] INFO:colcon.colcon_core.shell:Creating environment hook '/home/aiv/ev_ws/perception/install/lidar_clustering/share/lidar_clustering/hook/ld_library_path_lib.sh'
[9.525s] Level 1:colcon.colcon_core.environment:checking '/home/aiv/ev_ws/perception/install/lidar_clustering/bin'
[9.525s] Level 1:colcon.colcon_core.environment:checking '/home/aiv/ev_ws/perception/install/lidar_clustering/lib/pkgconfig/lidar_clustering.pc'
[9.526s] Level 1:colcon.colcon_core.environment:checking '/home/aiv/ev_ws/perception/install/lidar_clustering/lib/python3.10/site-packages'
[9.526s] Level 1:colcon.colcon_core.environment:checking '/home/aiv/ev_ws/perception/install/lidar_clustering/bin'
[9.526s] INFO:colcon.colcon_core.shell:Creating package script '/home/aiv/ev_ws/perception/install/lidar_clustering/share/lidar_clustering/package.ps1'
[9.526s] INFO:colcon.colcon_core.shell:Creating package descriptor '/home/aiv/ev_ws/perception/install/lidar_clustering/share/lidar_clustering/package.dsv'
[9.526s] INFO:colcon.colcon_core.shell:Creating package script '/home/aiv/ev_ws/perception/install/lidar_clustering/share/lidar_clustering/package.sh'
[9.527s] INFO:colcon.colcon_core.shell:Creating package script '/home/aiv/ev_ws/perception/install/lidar_clustering/share/lidar_clustering/package.bash'
[9.527s] INFO:colcon.colcon_core.shell:Creating package script '/home/aiv/ev_ws/perception/install/lidar_clustering/share/lidar_clustering/package.zsh'
[9.527s] Level 1:colcon.colcon_core.environment:create_file_with_runtime_dependencies(/home/aiv/ev_ws/perception/install/lidar_clustering/share/colcon-core/packages/lidar_clustering)
[10.000s] DEBUG:colcon.colcon_core.event_handler.log_command:Invoked command in '/home/aiv/ev_ws/perception/build/lidar_tracking' returned '0': AMENT_PREFIX_PATH=/home/aiv/ev_ws/perception/install/lidar_interfaces:${AMENT_PREFIX_PATH} CMAKE_PREFIX_PATH=/home/aiv/ev_ws/perception/install/lidar_interfaces:/home/aiv/ev_ws/erp42_ros/install/erp42_serial:/home/aiv/ev_ws/erp42_ros/install/erp42_rqt_plugin:/home/aiv/ev_ws/erp42_ros/install/erp42_gazebo:/home/aiv/ev_ws/erp42_ros/install/erp42_util:/home/aiv/ev_ws/erp42_ros/install/erp42_msgs:/home/aiv/ev_ws/erp42_ros/install/erp42_description:/home/aiv/ev_ws/erp42_ros/install/erp42_cmake:/opt/ros/humble LD_LIBRARY_PATH=/home/aiv/ev_ws/perception/install/lidar_interfaces/lib:${LD_LIBRARY_PATH} PYTHONPATH=/home/aiv/ev_ws/perception/install/lidar_interfaces/local/lib/python3.10/dist-packages:${PYTHONPATH} /usr/bin/cmake --build /home/aiv/ev_ws/perception/build/lidar_tracking -- -j28 -l28
[10.000s] DEBUG:colcon.colcon_core.event_handler.log_command:Invoking command in '/home/aiv/ev_ws/perception/build/lidar_tracking': AMENT_PREFIX_PATH=/home/aiv/ev_ws/perception/install/lidar_interfaces:${AMENT_PREFIX_PATH} CMAKE_PREFIX_PATH=/home/aiv/ev_ws/perception/install/lidar_interfaces:/home/aiv/ev_ws/erp42_ros/install/erp42_serial:/home/aiv/ev_ws/erp42_ros/install/erp42_rqt_plugin:/home/aiv/ev_ws/erp42_ros/install/erp42_gazebo:/home/aiv/ev_ws/erp42_ros/install/erp42_util:/home/aiv/ev_ws/erp42_ros/install/erp42_msgs:/home/aiv/ev_ws/erp42_ros/install/erp42_description:/home/aiv/ev_ws/erp42_ros/install/erp42_cmake:/opt/ros/humble LD_LIBRARY_PATH=/home/aiv/ev_ws/perception/install/lidar_interfaces/lib:${LD_LIBRARY_PATH} PYTHONPATH=/home/aiv/ev_ws/perception/install/lidar_interfaces/local/lib/python3.10/dist-packages:${PYTHONPATH} /usr/bin/cmake --install /home/aiv/ev_ws/perception/build/lidar_tracking
[10.010s] Level 1:colcon.colcon_core.environment:create_environment_scripts_only(lidar_tracking)
[10.010s] Level 1:colcon.colcon_core.environment:checking '/home/aiv/ev_ws/perception/install/lidar_tracking' for CMake module files
[10.010s] DEBUG:colcon.colcon_core.event_handler.log_command:Invoked command in '/home/aiv/ev_ws/perception/build/lidar_tracking' returned '0': AMENT_PREFIX_PATH=/home/aiv/ev_ws/perception/install/lidar_interfaces:${AMENT_PREFIX_PATH} CMAKE_PREFIX_PATH=/home/aiv/ev_ws/perception/install/lidar_interfaces:/home/aiv/ev_ws/erp42_ros/install/erp42_serial:/home/aiv/ev_ws/erp42_ros/install/erp42_rqt_plugin:/home/aiv/ev_ws/erp42_ros/install/erp42_gazebo:/home/aiv/ev_ws/erp42_ros/install/erp42_util:/home/aiv/ev_ws/erp42_ros/install/erp42_msgs:/home/aiv/ev_ws/erp42_ros/install/erp42_description:/home/aiv/ev_ws/erp42_ros/install/erp42_cmake:/opt/ros/humble LD_LIBRARY_PATH=/home/aiv/ev_ws/perception/install/lidar_interfaces/lib:${LD_LIBRARY_PATH} PYTHONPATH=/home/aiv/ev_ws/perception/install/lidar_interfaces/local/lib/python3.10/dist-packages:${PYTHONPATH} /usr/bin/cmake --install /home/aiv/ev_ws/perception/build/lidar_tracking
[10.011s] Level 1:colcon.colcon_core.environment:checking '/home/aiv/ev_ws/perception/install/lidar_tracking' for CMake config files
[10.011s] Level 1:colcon.colcon_core.shell:create_environment_hook('lidar_tracking', 'cmake_prefix_path')
[10.011s] INFO:colcon.colcon_core.shell:Creating environment hook '/home/aiv/ev_ws/perception/install/lidar_tracking/share/lidar_tracking/hook/cmake_prefix_path.ps1'
[10.011s] INFO:colcon.colcon_core.shell:Creating environment descriptor '/home/aiv/ev_ws/perception/install/lidar_tracking/share/lidar_tracking/hook/cmake_prefix_path.dsv'
[10.012s] INFO:colcon.colcon_core.shell:Creating environment hook '/home/aiv/ev_ws/perception/install/lidar_tracking/share/lidar_tracking/hook/cmake_prefix_path.sh'
[10.012s] Level 1:colcon.colcon_core.environment:checking '/home/aiv/ev_ws/perception/install/lidar_tracking/lib'
[10.012s] Level 1:colcon.colcon_core.shell:create_environment_hook('lidar_tracking', 'ld_library_path_lib')
[10.012s] INFO:colcon.colcon_core.shell:Creating environment hook '/home/aiv/ev_ws/perception/install/lidar_tracking/share/lidar_tracking/hook/ld_library_path_lib.ps1'
[10.013s] INFO:colcon.colcon_core.shell:Creating environment descriptor '/home/aiv/ev_ws/perception/install/lidar_tracking/share/lidar_tracking/hook/ld_library_path_lib.dsv'
[10.013s] INFO:colcon.colcon_core.shell:Creating environment hook '/home/aiv/ev_ws/perception/install/lidar_tracking/share/lidar_tracking/hook/ld_library_path_lib.sh'
[10.013s] Level 1:colcon.colcon_core.environment:checking '/home/aiv/ev_ws/perception/install/lidar_tracking/bin'
[10.013s] Level 1:colcon.colcon_core.environment:checking '/home/aiv/ev_ws/perception/install/lidar_tracking/lib/pkgconfig/lidar_tracking.pc'
[10.013s] Level 1:colcon.colcon_core.environment:checking '/home/aiv/ev_ws/perception/install/lidar_tracking/lib/python3.10/site-packages'
[10.014s] Level 1:colcon.colcon_core.environment:checking '/home/aiv/ev_ws/perception/install/lidar_tracking/bin'
[10.014s] INFO:colcon.colcon_core.shell:Creating package script '/home/aiv/ev_ws/perception/install/lidar_tracking/share/lidar_tracking/package.ps1'
[10.014s] INFO:colcon.colcon_core.shell:Creating package descriptor '/home/aiv/ev_ws/perception/install/lidar_tracking/share/lidar_tracking/package.dsv'
[10.015s] INFO:colcon.colcon_core.shell:Creating package script '/home/aiv/ev_ws/perception/install/lidar_tracking/share/lidar_tracking/package.sh'
[10.015s] INFO:colcon.colcon_core.shell:Creating package script '/home/aiv/ev_ws/perception/install/lidar_tracking/share/lidar_tracking/package.bash'
[10.015s] INFO:colcon.colcon_core.shell:Creating package script '/home/aiv/ev_ws/perception/install/lidar_tracking/share/lidar_tracking/package.zsh'
[10.015s] Level 1:colcon.colcon_core.environment:create_file_with_runtime_dependencies(/home/aiv/ev_ws/perception/install/lidar_tracking/share/colcon-core/packages/lidar_tracking)
[10.016s] Level 1:colcon.colcon_core.environment:create_environment_scripts_only(lidar_tracking)
[10.016s] Level 1:colcon.colcon_core.environment:checking '/home/aiv/ev_ws/perception/install/lidar_tracking' for CMake module files
[10.016s] Level 1:colcon.colcon_core.environment:checking '/home/aiv/ev_ws/perception/install/lidar_tracking' for CMake config files
[10.017s] Level 1:colcon.colcon_core.shell:create_environment_hook('lidar_tracking', 'cmake_prefix_path')
[10.017s] INFO:colcon.colcon_core.shell:Creating environment hook '/home/aiv/ev_ws/perception/install/lidar_tracking/share/lidar_tracking/hook/cmake_prefix_path.ps1'
[10.017s] INFO:colcon.colcon_core.shell:Creating environment descriptor '/home/aiv/ev_ws/perception/install/lidar_tracking/share/lidar_tracking/hook/cmake_prefix_path.dsv'
[10.017s] INFO:colcon.colcon_core.shell:Creating environment hook '/home/aiv/ev_ws/perception/install/lidar_tracking/share/lidar_tracking/hook/cmake_prefix_path.sh'
[10.018s] Level 1:colcon.colcon_core.environment:checking '/home/aiv/ev_ws/perception/install/lidar_tracking/lib'
[10.018s] Level 1:colcon.colcon_core.shell:create_environment_hook('lidar_tracking', 'ld_library_path_lib')
[10.018s] INFO:colcon.colcon_core.shell:Creating environment hook '/home/aiv/ev_ws/perception/install/lidar_tracking/share/lidar_tracking/hook/ld_library_path_lib.ps1'
[10.018s] INFO:colcon.colcon_core.shell:Creating environment descriptor '/home/aiv/ev_ws/perception/install/lidar_tracking/share/lidar_tracking/hook/ld_library_path_lib.dsv'
[10.018s] INFO:colcon.colcon_core.shell:Creating environment hook '/home/aiv/ev_ws/perception/install/lidar_tracking/share/lidar_tracking/hook/ld_library_path_lib.sh'
[10.019s] Level 1:colcon.colcon_core.environment:checking '/home/aiv/ev_ws/perception/install/lidar_tracking/bin'
[10.019s] Level 1:colcon.colcon_core.environment:checking '/home/aiv/ev_ws/perception/install/lidar_tracking/lib/pkgconfig/lidar_tracking.pc'
[10.019s] Level 1:colcon.colcon_core.environment:checking '/home/aiv/ev_ws/perception/install/lidar_tracking/lib/python3.10/site-packages'
[10.019s] Level 1:colcon.colcon_core.environment:checking '/home/aiv/ev_ws/perception/install/lidar_tracking/bin'
[10.019s] INFO:colcon.colcon_core.shell:Creating package script '/home/aiv/ev_ws/perception/install/lidar_tracking/share/lidar_tracking/package.ps1'
[10.020s] INFO:colcon.colcon_core.shell:Creating package descriptor '/home/aiv/ev_ws/perception/install/lidar_tracking/share/lidar_tracking/package.dsv'
[10.020s] INFO:colcon.colcon_core.shell:Creating package script '/home/aiv/ev_ws/perception/install/lidar_tracking/share/lidar_tracking/package.sh'
[10.020s] INFO:colcon.colcon_core.shell:Creating package script '/home/aiv/ev_ws/perception/install/lidar_tracking/share/lidar_tracking/package.bash'
[10.020s] INFO:colcon.colcon_core.shell:Creating package script '/home/aiv/ev_ws/perception/install/lidar_tracking/share/lidar_tracking/package.zsh'
[10.021s] Level 1:colcon.colcon_core.environment:create_file_with_runtime_dependencies(/home/aiv/ev_ws/perception/install/lidar_tracking/share/colcon-core/packages/lidar_tracking)
[10.431s] DEBUG:colcon.colcon_core.event_handler.log_command:Invoked command in '/home/aiv/ev_ws/perception/build/lidar_voxel_grid' returned '0': CMAKE_PREFIX_PATH=${CMAKE_PREFIX_PATH}:/opt/ros/humble /usr/bin/cmake --build /home/aiv/ev_ws/perception/build/lidar_voxel_grid -- -j28 -l28
[10.432s] DEBUG:colcon.colcon_core.event_handler.log_command:Invoking command in '/home/aiv/ev_ws/perception/build/lidar_voxel_grid': CMAKE_PREFIX_PATH=${CMAKE_PREFIX_PATH}:/opt/ros/humble /usr/bin/cmake --install /home/aiv/ev_ws/perception/build/lidar_voxel_grid
[10.443s] Level 1:colcon.colcon_core.environment:create_environment_scripts_only(lidar_voxel_grid)
[10.443s] DEBUG:colcon.colcon_core.event_handler.log_command:Invoked command in '/home/aiv/ev_ws/perception/build/lidar_voxel_grid' returned '0': CMAKE_PREFIX_PATH=${CMAKE_PREFIX_PATH}:/opt/ros/humble /usr/bin/cmake --install /home/aiv/ev_ws/perception/build/lidar_voxel_grid
[10.443s] Level 1:colcon.colcon_core.environment:checking '/home/aiv/ev_ws/perception/install/lidar_voxel_grid' for CMake module files
[10.443s] Level 1:colcon.colcon_core.environment:checking '/home/aiv/ev_ws/perception/install/lidar_voxel_grid' for CMake config files
[10.444s] Level 1:colcon.colcon_core.shell:create_environment_hook('lidar_voxel_grid', 'cmake_prefix_path')
[10.444s] INFO:colcon.colcon_core.shell:Creating environment hook '/home/aiv/ev_ws/perception/install/lidar_voxel_grid/share/lidar_voxel_grid/hook/cmake_prefix_path.ps1'
[10.444s] INFO:colcon.colcon_core.shell:Creating environment descriptor '/home/aiv/ev_ws/perception/install/lidar_voxel_grid/share/lidar_voxel_grid/hook/cmake_prefix_path.dsv'
[10.444s] INFO:colcon.colcon_core.shell:Creating environment hook '/home/aiv/ev_ws/perception/install/lidar_voxel_grid/share/lidar_voxel_grid/hook/cmake_prefix_path.sh'
[10.445s] Level 1:colcon.colcon_core.environment:checking '/home/aiv/ev_ws/perception/install/lidar_voxel_grid/lib'
[10.445s] Level 1:colcon.colcon_core.shell:create_environment_hook('lidar_voxel_grid', 'ld_library_path_lib')
[10.445s] INFO:colcon.colcon_core.shell:Creating environment hook '/home/aiv/ev_ws/perception/install/lidar_voxel_grid/share/lidar_voxel_grid/hook/ld_library_path_lib.ps1'
[10.445s] INFO:colcon.colcon_core.shell:Creating environment descriptor '/home/aiv/ev_ws/perception/install/lidar_voxel_grid/share/lidar_voxel_grid/hook/ld_library_path_lib.dsv'
[10.445s] INFO:colcon.colcon_core.shell:Creating environment hook '/home/aiv/ev_ws/perception/install/lidar_voxel_grid/share/lidar_voxel_grid/hook/ld_library_path_lib.sh'
[10.446s] Level 1:colcon.colcon_core.environment:checking '/home/aiv/ev_ws/perception/install/lidar_voxel_grid/bin'
[10.446s] Level 1:colcon.colcon_core.environment:checking '/home/aiv/ev_ws/perception/install/lidar_voxel_grid/lib/pkgconfig/lidar_voxel_grid.pc'
[10.446s] Level 1:colcon.colcon_core.environment:checking '/home/aiv/ev_ws/perception/install/lidar_voxel_grid/lib/python3.10/site-packages'
[10.446s] Level 1:colcon.colcon_core.environment:checking '/home/aiv/ev_ws/perception/install/lidar_voxel_grid/bin'
[10.446s] INFO:colcon.colcon_core.shell:Creating package script '/home/aiv/ev_ws/perception/install/lidar_voxel_grid/share/lidar_voxel_grid/package.ps1'
[10.447s] INFO:colcon.colcon_core.shell:Creating package descriptor '/home/aiv/ev_ws/perception/install/lidar_voxel_grid/share/lidar_voxel_grid/package.dsv'
[10.447s] INFO:colcon.colcon_core.shell:Creating package script '/home/aiv/ev_ws/perception/install/lidar_voxel_grid/share/lidar_voxel_grid/package.sh'
[10.447s] INFO:colcon.colcon_core.shell:Creating package script '/home/aiv/ev_ws/perception/install/lidar_voxel_grid/share/lidar_voxel_grid/package.bash'
[10.448s] INFO:colcon.colcon_core.shell:Creating package script '/home/aiv/ev_ws/perception/install/lidar_voxel_grid/share/lidar_voxel_grid/package.zsh'
[10.448s] Level 1:colcon.colcon_core.environment:create_file_with_runtime_dependencies(/home/aiv/ev_ws/perception/install/lidar_voxel_grid/share/colcon-core/packages/lidar_voxel_grid)
[10.448s] Level 1:colcon.colcon_core.environment:create_environment_scripts_only(lidar_voxel_grid)
[10.448s] Level 1:colcon.colcon_core.environment:checking '/home/aiv/ev_ws/perception/install/lidar_voxel_grid' for CMake module files
[10.448s] Level 1:colcon.colcon_core.environment:checking '/home/aiv/ev_ws/perception/install/lidar_voxel_grid' for CMake config files
[10.449s] Level 1:colcon.colcon_core.shell:create_environment_hook('lidar_voxel_grid', 'cmake_prefix_path')
[10.449s] INFO:colcon.colcon_core.shell:Creating environment hook '/home/aiv/ev_ws/perception/install/lidar_voxel_grid/share/lidar_voxel_grid/hook/cmake_prefix_path.ps1'
[10.449s] INFO:colcon.colcon_core.shell:Creating environment descriptor '/home/aiv/ev_ws/perception/install/lidar_voxel_grid/share/lidar_voxel_grid/hook/cmake_prefix_path.dsv'
[10.449s] INFO:colcon.colcon_core.shell:Creating environment hook '/home/aiv/ev_ws/perception/install/lidar_voxel_grid/share/lidar_voxel_grid/hook/cmake_prefix_path.sh'
[10.449s] Level 1:colcon.colcon_core.environment:checking '/home/aiv/ev_ws/perception/install/lidar_voxel_grid/lib'
[10.449s] Level 1:colcon.colcon_core.shell:create_environment_hook('lidar_voxel_grid', 'ld_library_path_lib')
[10.449s] INFO:colcon.colcon_core.shell:Creating environment hook '/home/aiv/ev_ws/perception/install/lidar_voxel_grid/share/lidar_voxel_grid/hook/ld_library_path_lib.ps1'
[10.449s] INFO:colcon.colcon_core.shell:Creating environment descriptor '/home/aiv/ev_ws/perception/install/lidar_voxel_grid/share/lidar_voxel_grid/hook/ld_library_path_lib.dsv'
[10.450s] INFO:colcon.colcon_core.shell:Creating environment hook '/home/aiv/ev_ws/perception/install/lidar_voxel_grid/share/lidar_voxel_grid/hook/ld_library_path_lib.sh'
[10.450s] Level 1:colcon.colcon_core.environment:checking '/home/aiv/ev_ws/perception/install/lidar_voxel_grid/bin'
[10.450s] Level 1:colcon.colcon_core.environment:checking '/home/aiv/ev_ws/perception/install/lidar_voxel_grid/lib/pkgconfig/lidar_voxel_grid.pc'
[10.450s] Level 1:colcon.colcon_core.environment:checking '/home/aiv/ev_ws/perception/install/lidar_voxel_grid/lib/python3.10/site-packages'
[10.450s] Level 1:colcon.colcon_core.environment:checking '/home/aiv/ev_ws/perception/install/lidar_voxel_grid/bin'
[10.450s] INFO:colcon.colcon_core.shell:Creating package script '/home/aiv/ev_ws/perception/install/lidar_voxel_grid/share/lidar_voxel_grid/package.ps1'
[10.450s] INFO:colcon.colcon_core.shell:Creating package descriptor '/home/aiv/ev_ws/perception/install/lidar_voxel_grid/share/lidar_voxel_grid/package.dsv'
[10.451s] INFO:colcon.colcon_core.shell:Creating package script '/home/aiv/ev_ws/perception/install/lidar_voxel_grid/share/lidar_voxel_grid/package.sh'
[10.451s] INFO:colcon.colcon_core.shell:Creating package script '/home/aiv/ev_ws/perception/install/lidar_voxel_grid/share/lidar_voxel_grid/package.bash'
[10.451s] INFO:colcon.colcon_core.shell:Creating package script '/home/aiv/ev_ws/perception/install/lidar_voxel_grid/share/lidar_voxel_grid/package.zsh'
[10.451s] Level 1:colcon.colcon_core.environment:create_file_with_runtime_dependencies(/home/aiv/ev_ws/perception/install/lidar_voxel_grid/share/colcon-core/packages/lidar_voxel_grid)
[11.580s] DEBUG:colcon.colcon_core.event_handler.log_command:Invoked command in '/home/aiv/ev_ws/perception/build/cluster_filter' returned '0': AMENT_PREFIX_PATH=/home/aiv/ev_ws/perception/install/lidar_interfaces:${AMENT_PREFIX_PATH} CMAKE_PREFIX_PATH=/home/aiv/ev_ws/perception/install/lidar_interfaces:/home/aiv/ev_ws/erp42_ros/install/erp42_serial:/home/aiv/ev_ws/erp42_ros/install/erp42_rqt_plugin:/home/aiv/ev_ws/erp42_ros/install/erp42_gazebo:/home/aiv/ev_ws/erp42_ros/install/erp42_util:/home/aiv/ev_ws/erp42_ros/install/erp42_msgs:/home/aiv/ev_ws/erp42_ros/install/erp42_description:/home/aiv/ev_ws/erp42_ros/install/erp42_cmake:/opt/ros/humble LD_LIBRARY_PATH=/home/aiv/ev_ws/perception/install/lidar_interfaces/lib:${LD_LIBRARY_PATH} PYTHONPATH=/home/aiv/ev_ws/perception/install/lidar_interfaces/local/lib/python3.10/dist-packages:${PYTHONPATH} /usr/bin/cmake --build /home/aiv/ev_ws/perception/build/cluster_filter -- -j28 -l28
[11.581s] DEBUG:colcon.colcon_core.event_handler.log_command:Invoking command in '/home/aiv/ev_ws/perception/build/cluster_filter': AMENT_PREFIX_PATH=/home/aiv/ev_ws/perception/install/lidar_interfaces:${AMENT_PREFIX_PATH} CMAKE_PREFIX_PATH=/home/aiv/ev_ws/perception/install/lidar_interfaces:/home/aiv/ev_ws/erp42_ros/install/erp42_serial:/home/aiv/ev_ws/erp42_ros/install/erp42_rqt_plugin:/home/aiv/ev_ws/erp42_ros/install/erp42_gazebo:/home/aiv/ev_ws/erp42_ros/install/erp42_util:/home/aiv/ev_ws/erp42_ros/install/erp42_msgs:/home/aiv/ev_ws/erp42_ros/install/erp42_description:/home/aiv/ev_ws/erp42_ros/install/erp42_cmake:/opt/ros/humble LD_LIBRARY_PATH=/home/aiv/ev_ws/perception/install/lidar_interfaces/lib:${LD_LIBRARY_PATH} PYTHONPATH=/home/aiv/ev_ws/perception/install/lidar_interfaces/local/lib/python3.10/dist-packages:${PYTHONPATH} /usr/bin/cmake --install /home/aiv/ev_ws/perception/build/cluster_filter
[11.592s] Level 1:colcon.colcon_core.environment:create_environment_scripts_only(cluster_filter)
[11.592s] DEBUG:colcon.colcon_core.event_handler.log_command:Invoked command in '/home/aiv/ev_ws/perception/build/cluster_filter' returned '0': AMENT_PREFIX_PATH=/home/aiv/ev_ws/perception/install/lidar_interfaces:${AMENT_PREFIX_PATH} CMAKE_PREFIX_PATH=/home/aiv/ev_ws/perception/install/lidar_interfaces:/home/aiv/ev_ws/erp42_ros/install/erp42_serial:/home/aiv/ev_ws/erp42_ros/install/erp42_rqt_plugin:/home/aiv/ev_ws/erp42_ros/install/erp42_gazebo:/home/aiv/ev_ws/erp42_ros/install/erp42_util:/home/aiv/ev_ws/erp42_ros/install/erp42_msgs:/home/aiv/ev_ws/erp42_ros/install/erp42_description:/home/aiv/ev_ws/erp42_ros/install/erp42_cmake:/opt/ros/humble LD_LIBRARY_PATH=/home/aiv/ev_ws/perception/install/lidar_interfaces/lib:${LD_LIBRARY_PATH} PYTHONPATH=/home/aiv/ev_ws/perception/install/lidar_interfaces/local/lib/python3.10/dist-packages:${PYTHONPATH} /usr/bin/cmake --install /home/aiv/ev_ws/perception/build/cluster_filter
[11.592s] Level 1:colcon.colcon_core.environment:checking '/home/aiv/ev_ws/perception/install/cluster_filter' for CMake module files
[11.593s] Level 1:colcon.colcon_core.environment:checking '/home/aiv/ev_ws/perception/install/cluster_filter' for CMake config files
[11.593s] Level 1:colcon.colcon_core.shell:create_environment_hook('cluster_filter', 'cmake_prefix_path')
[11.593s] INFO:colcon.colcon_core.shell:Creating environment hook '/home/aiv/ev_ws/perception/install/cluster_filter/share/cluster_filter/hook/cmake_prefix_path.ps1'
[11.594s] INFO:colcon.colcon_core.shell:Creating environment descriptor '/home/aiv/ev_ws/perception/install/cluster_filter/share/cluster_filter/hook/cmake_prefix_path.dsv'
[11.594s] INFO:colcon.colcon_core.shell:Creating environment hook '/home/aiv/ev_ws/perception/install/cluster_filter/share/cluster_filter/hook/cmake_prefix_path.sh'
[11.594s] Level 1:colcon.colcon_core.environment:checking '/home/aiv/ev_ws/perception/install/cluster_filter/lib'
[11.594s] Level 1:colcon.colcon_core.shell:create_environment_hook('cluster_filter', 'ld_library_path_lib')
[11.594s] INFO:colcon.colcon_core.shell:Creating environment hook '/home/aiv/ev_ws/perception/install/cluster_filter/share/cluster_filter/hook/ld_library_path_lib.ps1'
[11.594s] INFO:colcon.colcon_core.shell:Creating environment descriptor '/home/aiv/ev_ws/perception/install/cluster_filter/share/cluster_filter/hook/ld_library_path_lib.dsv'
[11.595s] INFO:colcon.colcon_core.shell:Creating environment hook '/home/aiv/ev_ws/perception/install/cluster_filter/share/cluster_filter/hook/ld_library_path_lib.sh'
[11.595s] Level 1:colcon.colcon_core.environment:checking '/home/aiv/ev_ws/perception/install/cluster_filter/bin'
[11.595s] Level 1:colcon.colcon_core.environment:checking '/home/aiv/ev_ws/perception/install/cluster_filter/lib/pkgconfig/cluster_filter.pc'
[11.595s] Level 1:colcon.colcon_core.environment:checking '/home/aiv/ev_ws/perception/install/cluster_filter/lib/python3.10/site-packages'
[11.595s] Level 1:colcon.colcon_core.environment:checking '/home/aiv/ev_ws/perception/install/cluster_filter/bin'
[11.595s] INFO:colcon.colcon_core.shell:Creating package script '/home/aiv/ev_ws/perception/install/cluster_filter/share/cluster_filter/package.ps1'
[11.596s] INFO:colcon.colcon_core.shell:Creating package descriptor '/home/aiv/ev_ws/perception/install/cluster_filter/share/cluster_filter/package.dsv'
[11.596s] INFO:colcon.colcon_core.shell:Creating package script '/home/aiv/ev_ws/perception/install/cluster_filter/share/cluster_filter/package.sh'
[11.596s] INFO:colcon.colcon_core.shell:Creating package script '/home/aiv/ev_ws/perception/install/cluster_filter/share/cluster_filter/package.bash'
[11.596s] INFO:colcon.colcon_core.shell:Creating package script '/home/aiv/ev_ws/perception/install/cluster_filter/share/cluster_filter/package.zsh'
[11.596s] Level 1:colcon.colcon_core.environment:create_file_with_runtime_dependencies(/home/aiv/ev_ws/perception/install/cluster_filter/share/colcon-core/packages/cluster_filter)
[11.597s] Level 1:colcon.colcon_core.environment:create_environment_scripts_only(cluster_filter)
[11.597s] Level 1:colcon.colcon_core.environment:checking '/home/aiv/ev_ws/perception/install/cluster_filter' for CMake module files
[11.597s] Level 1:colcon.colcon_core.environment:checking '/home/aiv/ev_ws/perception/install/cluster_filter' for CMake config files
[11.597s] Level 1:colcon.colcon_core.shell:create_environment_hook('cluster_filter', 'cmake_prefix_path')
[11.597s] INFO:colcon.colcon_core.shell:Creating environment hook '/home/aiv/ev_ws/perception/install/cluster_filter/share/cluster_filter/hook/cmake_prefix_path.ps1'
[11.597s] INFO:colcon.colcon_core.shell:Creating environment descriptor '/home/aiv/ev_ws/perception/install/cluster_filter/share/cluster_filter/hook/cmake_prefix_path.dsv'
[11.597s] INFO:colcon.colcon_core.shell:Creating environment hook '/home/aiv/ev_ws/perception/install/cluster_filter/share/cluster_filter/hook/cmake_prefix_path.sh'
[11.598s] Level 1:colcon.colcon_core.environment:checking '/home/aiv/ev_ws/perception/install/cluster_filter/lib'
[11.598s] Level 1:colcon.colcon_core.shell:create_environment_hook('cluster_filter', 'ld_library_path_lib')
[11.598s] INFO:colcon.colcon_core.shell:Creating environment hook '/home/aiv/ev_ws/perception/install/cluster_filter/share/cluster_filter/hook/ld_library_path_lib.ps1'
[11.598s] INFO:colcon.colcon_core.shell:Creating environment descriptor '/home/aiv/ev_ws/perception/install/cluster_filter/share/cluster_filter/hook/ld_library_path_lib.dsv'
[11.598s] INFO:colcon.colcon_core.shell:Creating environment hook '/home/aiv/ev_ws/perception/install/cluster_filter/share/cluster_filter/hook/ld_library_path_lib.sh'
[11.598s] Level 1:colcon.colcon_core.environment:checking '/home/aiv/ev_ws/perception/install/cluster_filter/bin'
[11.598s] Level 1:colcon.colcon_core.environment:checking '/home/aiv/ev_ws/perception/install/cluster_filter/lib/pkgconfig/cluster_filter.pc'
[11.599s] Level 1:colcon.colcon_core.environment:checking '/home/aiv/ev_ws/perception/install/cluster_filter/lib/python3.10/site-packages'
[11.599s] Level 1:colcon.colcon_core.environment:checking '/home/aiv/ev_ws/perception/install/cluster_filter/bin'
[11.599s] INFO:colcon.colcon_core.shell:Creating package script '/home/aiv/ev_ws/perception/install/cluster_filter/share/cluster_filter/package.ps1'
[11.599s] INFO:colcon.colcon_core.shell:Creating package descriptor '/home/aiv/ev_ws/perception/install/cluster_filter/share/cluster_filter/package.dsv'
[11.599s] INFO:colcon.colcon_core.shell:Creating package script '/home/aiv/ev_ws/perception/install/cluster_filter/share/cluster_filter/package.sh'
[11.600s] INFO:colcon.colcon_core.shell:Creating package script '/home/aiv/ev_ws/perception/install/cluster_filter/share/cluster_filter/package.bash'
[11.600s] INFO:colcon.colcon_core.shell:Creating package script '/home/aiv/ev_ws/perception/install/cluster_filter/share/cluster_filter/package.zsh'
[11.600s] Level 1:colcon.colcon_core.environment:create_file_with_runtime_dependencies(/home/aiv/ev_ws/perception/install/cluster_filter/share/colcon-core/packages/cluster_filter)
[14.279s] DEBUG:colcon.colcon_core.event_handler.log_command:Invoked command in '/home/aiv/ev_ws/perception/build/velodyne_driver' returned '0': AMENT_PREFIX_PATH=/home/aiv/ev_ws/perception/install/velodyne_msgs:${AMENT_PREFIX_PATH} CMAKE_PREFIX_PATH=/home/aiv/ev_ws/perception/install/velodyne_msgs:/home/aiv/ev_ws/erp42_ros/install/erp42_serial:/home/aiv/ev_ws/erp42_ros/install/erp42_rqt_plugin:/home/aiv/ev_ws/erp42_ros/install/erp42_gazebo:/home/aiv/ev_ws/erp42_ros/install/erp42_util:/home/aiv/ev_ws/erp42_ros/install/erp42_msgs:/home/aiv/ev_ws/erp42_ros/install/erp42_description:/home/aiv/ev_ws/erp42_ros/install/erp42_cmake:/opt/ros/humble LD_LIBRARY_PATH=/home/aiv/ev_ws/perception/install/velodyne_msgs/lib:${LD_LIBRARY_PATH} PYTHONPATH=/home/aiv/ev_ws/perception/install/velodyne_msgs/local/lib/python3.10/dist-packages:${PYTHONPATH} /usr/bin/cmake --build /home/aiv/ev_ws/perception/build/velodyne_driver -- -j28 -l28
[14.280s] DEBUG:colcon.colcon_core.event_handler.log_command:Invoking command in '/home/aiv/ev_ws/perception/build/velodyne_driver': AMENT_PREFIX_PATH=/home/aiv/ev_ws/perception/install/velodyne_msgs:${AMENT_PREFIX_PATH} CMAKE_PREFIX_PATH=/home/aiv/ev_ws/perception/install/velodyne_msgs:/home/aiv/ev_ws/erp42_ros/install/erp42_serial:/home/aiv/ev_ws/erp42_ros/install/erp42_rqt_plugin:/home/aiv/ev_ws/erp42_ros/install/erp42_gazebo:/home/aiv/ev_ws/erp42_ros/install/erp42_util:/home/aiv/ev_ws/erp42_ros/install/erp42_msgs:/home/aiv/ev_ws/erp42_ros/install/erp42_description:/home/aiv/ev_ws/erp42_ros/install/erp42_cmake:/opt/ros/humble LD_LIBRARY_PATH=/home/aiv/ev_ws/perception/install/velodyne_msgs/lib:${LD_LIBRARY_PATH} PYTHONPATH=/home/aiv/ev_ws/perception/install/velodyne_msgs/local/lib/python3.10/dist-packages:${PYTHONPATH} /usr/bin/cmake --install /home/aiv/ev_ws/perception/build/velodyne_driver
[14.292s] Level 1:colcon.colcon_core.environment:create_environment_scripts_only(velodyne_driver)
[14.292s] Level 1:colcon.colcon_core.environment:checking '/home/aiv/ev_ws/perception/install/velodyne_driver' for CMake module files
[14.293s] DEBUG:colcon.colcon_core.event_handler.log_command:Invoked command in '/home/aiv/ev_ws/perception/build/velodyne_driver' returned '0': AMENT_PREFIX_PATH=/home/aiv/ev_ws/perception/install/velodyne_msgs:${AMENT_PREFIX_PATH} CMAKE_PREFIX_PATH=/home/aiv/ev_ws/perception/install/velodyne_msgs:/home/aiv/ev_ws/erp42_ros/install/erp42_serial:/home/aiv/ev_ws/erp42_ros/install/erp42_rqt_plugin:/home/aiv/ev_ws/erp42_ros/install/erp42_gazebo:/home/aiv/ev_ws/erp42_ros/install/erp42_util:/home/aiv/ev_ws/erp42_ros/install/erp42_msgs:/home/aiv/ev_ws/erp42_ros/install/erp42_description:/home/aiv/ev_ws/erp42_ros/install/erp42_cmake:/opt/ros/humble LD_LIBRARY_PATH=/home/aiv/ev_ws/perception/install/velodyne_msgs/lib:${LD_LIBRARY_PATH} PYTHONPATH=/home/aiv/ev_ws/perception/install/velodyne_msgs/local/lib/python3.10/dist-packages:${PYTHONPATH} /usr/bin/cmake --install /home/aiv/ev_ws/perception/build/velodyne_driver
[14.293s] Level 1:colcon.colcon_core.environment:checking '/home/aiv/ev_ws/perception/install/velodyne_driver' for CMake config files
[14.293s] Level 1:colcon.colcon_core.shell:create_environment_hook('velodyne_driver', 'cmake_prefix_path')
[14.293s] INFO:colcon.colcon_core.shell:Creating environment hook '/home/aiv/ev_ws/perception/install/velodyne_driver/share/velodyne_driver/hook/cmake_prefix_path.ps1'
[14.293s] INFO:colcon.colcon_core.shell:Creating environment descriptor '/home/aiv/ev_ws/perception/install/velodyne_driver/share/velodyne_driver/hook/cmake_prefix_path.dsv'
[14.293s] INFO:colcon.colcon_core.shell:Creating environment hook '/home/aiv/ev_ws/perception/install/velodyne_driver/share/velodyne_driver/hook/cmake_prefix_path.sh'
[14.294s] Level 1:colcon.colcon_core.environment:checking '/home/aiv/ev_ws/perception/install/velodyne_driver/lib'
[14.294s] Level 1:colcon.colcon_core.shell:create_environment_hook('velodyne_driver', 'ld_library_path_lib')
[14.294s] INFO:colcon.colcon_core.shell:Creating environment hook '/home/aiv/ev_ws/perception/install/velodyne_driver/share/velodyne_driver/hook/ld_library_path_lib.ps1'
[14.294s] INFO:colcon.colcon_core.shell:Creating environment descriptor '/home/aiv/ev_ws/perception/install/velodyne_driver/share/velodyne_driver/hook/ld_library_path_lib.dsv'
[14.294s] INFO:colcon.colcon_core.shell:Creating environment hook '/home/aiv/ev_ws/perception/install/velodyne_driver/share/velodyne_driver/hook/ld_library_path_lib.sh'
[14.294s] Level 1:colcon.colcon_core.environment:checking '/home/aiv/ev_ws/perception/install/velodyne_driver/bin'
[14.294s] Level 1:colcon.colcon_core.environment:checking '/home/aiv/ev_ws/perception/install/velodyne_driver/lib/pkgconfig/velodyne_driver.pc'
[14.294s] Level 1:colcon.colcon_core.environment:checking '/home/aiv/ev_ws/perception/install/velodyne_driver/lib/python3.10/site-packages'
[14.294s] Level 1:colcon.colcon_core.environment:checking '/home/aiv/ev_ws/perception/install/velodyne_driver/bin'
[14.295s] INFO:colcon.colcon_core.shell:Creating package script '/home/aiv/ev_ws/perception/install/velodyne_driver/share/velodyne_driver/package.ps1'
[14.295s] INFO:colcon.colcon_core.shell:Creating package descriptor '/home/aiv/ev_ws/perception/install/velodyne_driver/share/velodyne_driver/package.dsv'
[14.295s] INFO:colcon.colcon_core.shell:Creating package script '/home/aiv/ev_ws/perception/install/velodyne_driver/share/velodyne_driver/package.sh'
[14.295s] INFO:colcon.colcon_core.shell:Creating package script '/home/aiv/ev_ws/perception/install/velodyne_driver/share/velodyne_driver/package.bash'
[14.295s] INFO:colcon.colcon_core.shell:Creating package script '/home/aiv/ev_ws/perception/install/velodyne_driver/share/velodyne_driver/package.zsh'
[14.295s] Level 1:colcon.colcon_core.environment:create_file_with_runtime_dependencies(/home/aiv/ev_ws/perception/install/velodyne_driver/share/colcon-core/packages/velodyne_driver)
[14.296s] Level 1:colcon.colcon_core.environment:create_environment_scripts_only(velodyne_driver)
[14.296s] Level 1:colcon.colcon_core.environment:checking '/home/aiv/ev_ws/perception/install/velodyne_driver' for CMake module files
[14.296s] Level 1:colcon.colcon_core.environment:checking '/home/aiv/ev_ws/perception/install/velodyne_driver' for CMake config files
[14.296s] Level 1:colcon.colcon_core.shell:create_environment_hook('velodyne_driver', 'cmake_prefix_path')
[14.296s] INFO:colcon.colcon_core.shell:Creating environment hook '/home/aiv/ev_ws/perception/install/velodyne_driver/share/velodyne_driver/hook/cmake_prefix_path.ps1'
[14.296s] INFO:colcon.colcon_core.shell:Creating environment descriptor '/home/aiv/ev_ws/perception/install/velodyne_driver/share/velodyne_driver/hook/cmake_prefix_path.dsv'
[14.296s] INFO:colcon.colcon_core.shell:Creating environment hook '/home/aiv/ev_ws/perception/install/velodyne_driver/share/velodyne_driver/hook/cmake_prefix_path.sh'
[14.297s] Level 1:colcon.colcon_core.environment:checking '/home/aiv/ev_ws/perception/install/velodyne_driver/lib'
[14.297s] Level 1:colcon.colcon_core.shell:create_environment_hook('velodyne_driver', 'ld_library_path_lib')
[14.297s] INFO:colcon.colcon_core.shell:Creating environment hook '/home/aiv/ev_ws/perception/install/velodyne_driver/share/velodyne_driver/hook/ld_library_path_lib.ps1'
[14.297s] INFO:colcon.colcon_core.shell:Creating environment descriptor '/home/aiv/ev_ws/perception/install/velodyne_driver/share/velodyne_driver/hook/ld_library_path_lib.dsv'
[14.297s] INFO:colcon.colcon_core.shell:Creating environment hook '/home/aiv/ev_ws/perception/install/velodyne_driver/share/velodyne_driver/hook/ld_library_path_lib.sh'
[14.297s] Level 1:colcon.colcon_core.environment:checking '/home/aiv/ev_ws/perception/install/velodyne_driver/bin'
[14.297s] Level 1:colcon.colcon_core.environment:checking '/home/aiv/ev_ws/perception/install/velodyne_driver/lib/pkgconfig/velodyne_driver.pc'
[14.297s] Level 1:colcon.colcon_core.environment:checking '/home/aiv/ev_ws/perception/install/velodyne_driver/lib/python3.10/site-packages'
[14.298s] Level 1:colcon.colcon_core.environment:checking '/home/aiv/ev_ws/perception/install/velodyne_driver/bin'
[14.298s] INFO:colcon.colcon_core.shell:Creating package script '/home/aiv/ev_ws/perception/install/velodyne_driver/share/velodyne_driver/package.ps1'
[14.298s] INFO:colcon.colcon_core.shell:Creating package descriptor '/home/aiv/ev_ws/perception/install/velodyne_driver/share/velodyne_driver/package.dsv'
[14.298s] INFO:colcon.colcon_core.shell:Creating package script '/home/aiv/ev_ws/perception/install/velodyne_driver/share/velodyne_driver/package.sh'
[14.298s] INFO:colcon.colcon_core.shell:Creating package script '/home/aiv/ev_ws/perception/install/velodyne_driver/share/velodyne_driver/package.bash'
[14.299s] INFO:colcon.colcon_core.shell:Creating package script '/home/aiv/ev_ws/perception/install/velodyne_driver/share/velodyne_driver/package.zsh'
[14.299s] Level 1:colcon.colcon_core.environment:create_file_with_runtime_dependencies(/home/aiv/ev_ws/perception/install/velodyne_driver/share/colcon-core/packages/velodyne_driver)
[17.722s] DEBUG:colcon.colcon_core.event_handler.log_command:Invoked command in '/home/aiv/ev_ws/perception/build/velodyne_pointcloud' returned '0': AMENT_PREFIX_PATH=/home/aiv/ev_ws/perception/install/velodyne_msgs:${AMENT_PREFIX_PATH} CMAKE_PREFIX_PATH=/home/aiv/ev_ws/perception/install/velodyne_msgs:/home/aiv/ev_ws/erp42_ros/install/erp42_serial:/home/aiv/ev_ws/erp42_ros/install/erp42_rqt_plugin:/home/aiv/ev_ws/erp42_ros/install/erp42_gazebo:/home/aiv/ev_ws/erp42_ros/install/erp42_util:/home/aiv/ev_ws/erp42_ros/install/erp42_msgs:/home/aiv/ev_ws/erp42_ros/install/erp42_description:/home/aiv/ev_ws/erp42_ros/install/erp42_cmake:/opt/ros/humble LD_LIBRARY_PATH=/home/aiv/ev_ws/perception/install/velodyne_msgs/lib:${LD_LIBRARY_PATH} PYTHONPATH=/home/aiv/ev_ws/perception/install/velodyne_msgs/local/lib/python3.10/dist-packages:${PYTHONPATH} /usr/bin/cmake --build /home/aiv/ev_ws/perception/build/velodyne_pointcloud -- -j28 -l28
[17.723s] DEBUG:colcon.colcon_core.event_handler.log_command:Invoking command in '/home/aiv/ev_ws/perception/build/velodyne_pointcloud': AMENT_PREFIX_PATH=/home/aiv/ev_ws/perception/install/velodyne_msgs:${AMENT_PREFIX_PATH} CMAKE_PREFIX_PATH=/home/aiv/ev_ws/perception/install/velodyne_msgs:/home/aiv/ev_ws/erp42_ros/install/erp42_serial:/home/aiv/ev_ws/erp42_ros/install/erp42_rqt_plugin:/home/aiv/ev_ws/erp42_ros/install/erp42_gazebo:/home/aiv/ev_ws/erp42_ros/install/erp42_util:/home/aiv/ev_ws/erp42_ros/install/erp42_msgs:/home/aiv/ev_ws/erp42_ros/install/erp42_description:/home/aiv/ev_ws/erp42_ros/install/erp42_cmake:/opt/ros/humble LD_LIBRARY_PATH=/home/aiv/ev_ws/perception/install/velodyne_msgs/lib:${LD_LIBRARY_PATH} PYTHONPATH=/home/aiv/ev_ws/perception/install/velodyne_msgs/local/lib/python3.10/dist-packages:${PYTHONPATH} /usr/bin/cmake --install /home/aiv/ev_ws/perception/build/velodyne_pointcloud
[17.738s] Level 1:colcon.colcon_core.environment:create_environment_scripts_only(velodyne_pointcloud)
[17.738s] Level 1:colcon.colcon_core.environment:checking '/home/aiv/ev_ws/perception/install/velodyne_pointcloud' for CMake module files
[17.738s] DEBUG:colcon.colcon_core.event_handler.log_command:Invoked command in '/home/aiv/ev_ws/perception/build/velodyne_pointcloud' returned '0': AMENT_PREFIX_PATH=/home/aiv/ev_ws/perception/install/velodyne_msgs:${AMENT_PREFIX_PATH} CMAKE_PREFIX_PATH=/home/aiv/ev_ws/perception/install/velodyne_msgs:/home/aiv/ev_ws/erp42_ros/install/erp42_serial:/home/aiv/ev_ws/erp42_ros/install/erp42_rqt_plugin:/home/aiv/ev_ws/erp42_ros/install/erp42_gazebo:/home/aiv/ev_ws/erp42_ros/install/erp42_util:/home/aiv/ev_ws/erp42_ros/install/erp42_msgs:/home/aiv/ev_ws/erp42_ros/install/erp42_description:/home/aiv/ev_ws/erp42_ros/install/erp42_cmake:/opt/ros/humble LD_LIBRARY_PATH=/home/aiv/ev_ws/perception/install/velodyne_msgs/lib:${LD_LIBRARY_PATH} PYTHONPATH=/home/aiv/ev_ws/perception/install/velodyne_msgs/local/lib/python3.10/dist-packages:${PYTHONPATH} /usr/bin/cmake --install /home/aiv/ev_ws/perception/build/velodyne_pointcloud
[17.739s] Level 1:colcon.colcon_core.environment:checking '/home/aiv/ev_ws/perception/install/velodyne_pointcloud' for CMake config files
[17.739s] Level 1:colcon.colcon_core.shell:create_environment_hook('velodyne_pointcloud', 'cmake_prefix_path')
[17.739s] INFO:colcon.colcon_core.shell:Creating environment hook '/home/aiv/ev_ws/perception/install/velodyne_pointcloud/share/velodyne_pointcloud/hook/cmake_prefix_path.ps1'
[17.740s] INFO:colcon.colcon_core.shell:Creating environment descriptor '/home/aiv/ev_ws/perception/install/velodyne_pointcloud/share/velodyne_pointcloud/hook/cmake_prefix_path.dsv'
[17.740s] INFO:colcon.colcon_core.shell:Creating environment hook '/home/aiv/ev_ws/perception/install/velodyne_pointcloud/share/velodyne_pointcloud/hook/cmake_prefix_path.sh'
[17.740s] Level 1:colcon.colcon_core.environment:checking '/home/aiv/ev_ws/perception/install/velodyne_pointcloud/lib'
[17.740s] Level 1:colcon.colcon_core.shell:create_environment_hook('velodyne_pointcloud', 'ld_library_path_lib')
[17.740s] INFO:colcon.colcon_core.shell:Creating environment hook '/home/aiv/ev_ws/perception/install/velodyne_pointcloud/share/velodyne_pointcloud/hook/ld_library_path_lib.ps1'
[17.741s] INFO:colcon.colcon_core.shell:Creating environment descriptor '/home/aiv/ev_ws/perception/install/velodyne_pointcloud/share/velodyne_pointcloud/hook/ld_library_path_lib.dsv'
[17.741s] INFO:colcon.colcon_core.shell:Creating environment hook '/home/aiv/ev_ws/perception/install/velodyne_pointcloud/share/velodyne_pointcloud/hook/ld_library_path_lib.sh'
[17.741s] Level 1:colcon.colcon_core.environment:checking '/home/aiv/ev_ws/perception/install/velodyne_pointcloud/bin'
[17.741s] Level 1:colcon.colcon_core.environment:checking '/home/aiv/ev_ws/perception/install/velodyne_pointcloud/lib/pkgconfig/velodyne_pointcloud.pc'
[17.741s] Level 1:colcon.colcon_core.environment:checking '/home/aiv/ev_ws/perception/install/velodyne_pointcloud/lib/python3.10/site-packages'
[17.741s] Level 1:colcon.colcon_core.environment:checking '/home/aiv/ev_ws/perception/install/velodyne_pointcloud/bin'
[17.741s] INFO:colcon.colcon_core.shell:Creating package script '/home/aiv/ev_ws/perception/install/velodyne_pointcloud/share/velodyne_pointcloud/package.ps1'
[17.741s] INFO:colcon.colcon_core.shell:Creating package descriptor '/home/aiv/ev_ws/perception/install/velodyne_pointcloud/share/velodyne_pointcloud/package.dsv'
[17.742s] INFO:colcon.colcon_core.shell:Creating package script '/home/aiv/ev_ws/perception/install/velodyne_pointcloud/share/velodyne_pointcloud/package.sh'
[17.742s] INFO:colcon.colcon_core.shell:Creating package script '/home/aiv/ev_ws/perception/install/velodyne_pointcloud/share/velodyne_pointcloud/package.bash'
[17.742s] INFO:colcon.colcon_core.shell:Creating package script '/home/aiv/ev_ws/perception/install/velodyne_pointcloud/share/velodyne_pointcloud/package.zsh'
[17.742s] Level 1:colcon.colcon_core.environment:create_file_with_runtime_dependencies(/home/aiv/ev_ws/perception/install/velodyne_pointcloud/share/colcon-core/packages/velodyne_pointcloud)
[17.742s] Level 1:colcon.colcon_core.environment:create_environment_scripts_only(velodyne_pointcloud)
[17.742s] Level 1:colcon.colcon_core.environment:checking '/home/aiv/ev_ws/perception/install/velodyne_pointcloud' for CMake module files
[17.742s] Level 1:colcon.colcon_core.environment:checking '/home/aiv/ev_ws/perception/install/velodyne_pointcloud' for CMake config files
[17.743s] Level 1:colcon.colcon_core.shell:create_environment_hook('velodyne_pointcloud', 'cmake_prefix_path')
[17.743s] INFO:colcon.colcon_core.shell:Creating environment hook '/home/aiv/ev_ws/perception/install/velodyne_pointcloud/share/velodyne_pointcloud/hook/cmake_prefix_path.ps1'
[17.743s] INFO:colcon.colcon_core.shell:Creating environment descriptor '/home/aiv/ev_ws/perception/install/velodyne_pointcloud/share/velodyne_pointcloud/hook/cmake_prefix_path.dsv'
[17.743s] INFO:colcon.colcon_core.shell:Creating environment hook '/home/aiv/ev_ws/perception/install/velodyne_pointcloud/share/velodyne_pointcloud/hook/cmake_prefix_path.sh'
[17.743s] Level 1:colcon.colcon_core.environment:checking '/home/aiv/ev_ws/perception/install/velodyne_pointcloud/lib'
[17.743s] Level 1:colcon.colcon_core.shell:create_environment_hook('velodyne_pointcloud', 'ld_library_path_lib')
[17.743s] INFO:colcon.colcon_core.shell:Creating environment hook '/home/aiv/ev_ws/perception/install/velodyne_pointcloud/share/velodyne_pointcloud/hook/ld_library_path_lib.ps1'
[17.743s] INFO:colcon.colcon_core.shell:Creating environment descriptor '/home/aiv/ev_ws/perception/install/velodyne_pointcloud/share/velodyne_pointcloud/hook/ld_library_path_lib.dsv'
[17.744s] INFO:colcon.colcon_core.shell:Creating environment hook '/home/aiv/ev_ws/perception/install/velodyne_pointcloud/share/velodyne_pointcloud/hook/ld_library_path_lib.sh'
[17.744s] Level 1:colcon.colcon_core.environment:checking '/home/aiv/ev_ws/perception/install/velodyne_pointcloud/bin'
[17.744s] Level 1:colcon.colcon_core.environment:checking '/home/aiv/ev_ws/perception/install/velodyne_pointcloud/lib/pkgconfig/velodyne_pointcloud.pc'
[17.744s] Level 1:colcon.colcon_core.environment:checking '/home/aiv/ev_ws/perception/install/velodyne_pointcloud/lib/python3.10/site-packages'
[17.744s] Level 1:colcon.colcon_core.environment:checking '/home/aiv/ev_ws/perception/install/velodyne_pointcloud/bin'
[17.744s] INFO:colcon.colcon_core.shell:Creating package script '/home/aiv/ev_ws/perception/install/velodyne_pointcloud/share/velodyne_pointcloud/package.ps1'
[17.744s] INFO:colcon.colcon_core.shell:Creating package descriptor '/home/aiv/ev_ws/perception/install/velodyne_pointcloud/share/velodyne_pointcloud/package.dsv'
[17.744s] INFO:colcon.colcon_core.shell:Creating package script '/home/aiv/ev_ws/perception/install/velodyne_pointcloud/share/velodyne_pointcloud/package.sh'
[17.745s] INFO:colcon.colcon_core.shell:Creating package script '/home/aiv/ev_ws/perception/install/velodyne_pointcloud/share/velodyne_pointcloud/package.bash'
[17.745s] INFO:colcon.colcon_core.shell:Creating package script '/home/aiv/ev_ws/perception/install/velodyne_pointcloud/share/velodyne_pointcloud/package.zsh'
[17.745s] Level 1:colcon.colcon_core.environment:create_file_with_runtime_dependencies(/home/aiv/ev_ws/perception/install/velodyne_pointcloud/share/colcon-core/packages/velodyne_pointcloud)
[17.745s] INFO:colcon.colcon_ros.task.ament_cmake.build:Building ROS package in '/home/aiv/ev_ws/perception/src/lidar/velodyne' with build type 'ament_cmake'
[17.745s] INFO:colcon.colcon_cmake.task.cmake.build:Building CMake package in '/home/aiv/ev_ws/perception/src/lidar/velodyne'
[17.745s] INFO:colcon.colcon_core.shell:Skip shell extension 'powershell' for command environment: Not usable outside of PowerShell
[17.745s] DEBUG:colcon.colcon_core.shell:Skip shell extension 'dsv' for command environment
[17.754s] DEBUG:colcon.colcon_core.event_handler.log_command:Invoking command in '/home/aiv/ev_ws/perception/build/velodyne': AMENT_PREFIX_PATH=/home/aiv/ev_ws/perception/install/velodyne_pointcloud:/home/aiv/ev_ws/perception/install/velodyne_driver:/home/aiv/ev_ws/perception/install/velodyne_msgs:/home/aiv/ev_ws/perception/install/velodyne_laserscan:${AMENT_PREFIX_PATH} CMAKE_PREFIX_PATH=/home/aiv/ev_ws/perception/install/velodyne_pointcloud:/home/aiv/ev_ws/perception/install/velodyne_driver:/home/aiv/ev_ws/perception/install/velodyne_msgs:/home/aiv/ev_ws/perception/install/velodyne_laserscan:/home/aiv/ev_ws/erp42_ros/install/erp42_serial:/home/aiv/ev_ws/erp42_ros/install/erp42_rqt_plugin:/home/aiv/ev_ws/erp42_ros/install/erp42_gazebo:/home/aiv/ev_ws/erp42_ros/install/erp42_util:/home/aiv/ev_ws/erp42_ros/install/erp42_msgs:/home/aiv/ev_ws/erp42_ros/install/erp42_description:/home/aiv/ev_ws/erp42_ros/install/erp42_cmake:/opt/ros/humble LD_LIBRARY_PATH=/home/aiv/ev_ws/perception/install/velodyne_pointcloud/lib:/home/aiv/ev_ws/perception/install/velodyne_driver/lib:/home/aiv/ev_ws/perception/install/velodyne_msgs/lib:/home/aiv/ev_ws/perception/install/velodyne_laserscan/lib:${LD_LIBRARY_PATH} PYTHONPATH=/home/aiv/ev_ws/perception/install/velodyne_msgs/local/lib/python3.10/dist-packages:${PYTHONPATH} /usr/bin/cmake /home/aiv/ev_ws/perception/src/lidar/velodyne -DCMAKE_INSTALL_PREFIX=/home/aiv/ev_ws/perception/install/velodyne
[18.085s] DEBUG:colcon.colcon_core.event_handler.log_command:Invoked command in '/home/aiv/ev_ws/perception/build/velodyne' returned '0': AMENT_PREFIX_PATH=/home/aiv/ev_ws/perception/install/velodyne_pointcloud:/home/aiv/ev_ws/perception/install/velodyne_driver:/home/aiv/ev_ws/perception/install/velodyne_msgs:/home/aiv/ev_ws/perception/install/velodyne_laserscan:${AMENT_PREFIX_PATH} CMAKE_PREFIX_PATH=/home/aiv/ev_ws/perception/install/velodyne_pointcloud:/home/aiv/ev_ws/perception/install/velodyne_driver:/home/aiv/ev_ws/perception/install/velodyne_msgs:/home/aiv/ev_ws/perception/install/velodyne_laserscan:/home/aiv/ev_ws/erp42_ros/install/erp42_serial:/home/aiv/ev_ws/erp42_ros/install/erp42_rqt_plugin:/home/aiv/ev_ws/erp42_ros/install/erp42_gazebo:/home/aiv/ev_ws/erp42_ros/install/erp42_util:/home/aiv/ev_ws/erp42_ros/install/erp42_msgs:/home/aiv/ev_ws/erp42_ros/install/erp42_description:/home/aiv/ev_ws/erp42_ros/install/erp42_cmake:/opt/ros/humble LD_LIBRARY_PATH=/home/aiv/ev_ws/perception/install/velodyne_pointcloud/lib:/home/aiv/ev_ws/perception/install/velodyne_driver/lib:/home/aiv/ev_ws/perception/install/velodyne_msgs/lib:/home/aiv/ev_ws/perception/install/velodyne_laserscan/lib:${LD_LIBRARY_PATH} PYTHONPATH=/home/aiv/ev_ws/perception/install/velodyne_msgs/local/lib/python3.10/dist-packages:${PYTHONPATH} /usr/bin/cmake /home/aiv/ev_ws/perception/src/lidar/velodyne -DCMAKE_INSTALL_PREFIX=/home/aiv/ev_ws/perception/install/velodyne
[18.086s] DEBUG:colcon.colcon_core.event_handler.log_command:Invoking command in '/home/aiv/ev_ws/perception/build/velodyne': AMENT_PREFIX_PATH=/home/aiv/ev_ws/perception/install/velodyne_pointcloud:/home/aiv/ev_ws/perception/install/velodyne_driver:/home/aiv/ev_ws/perception/install/velodyne_msgs:/home/aiv/ev_ws/perception/install/velodyne_laserscan:${AMENT_PREFIX_PATH} CMAKE_PREFIX_PATH=/home/aiv/ev_ws/perception/install/velodyne_pointcloud:/home/aiv/ev_ws/perception/install/velodyne_driver:/home/aiv/ev_ws/perception/install/velodyne_msgs:/home/aiv/ev_ws/perception/install/velodyne_laserscan:/home/aiv/ev_ws/erp42_ros/install/erp42_serial:/home/aiv/ev_ws/erp42_ros/install/erp42_rqt_plugin:/home/aiv/ev_ws/erp42_ros/install/erp42_gazebo:/home/aiv/ev_ws/erp42_ros/install/erp42_util:/home/aiv/ev_ws/erp42_ros/install/erp42_msgs:/home/aiv/ev_ws/erp42_ros/install/erp42_description:/home/aiv/ev_ws/erp42_ros/install/erp42_cmake:/opt/ros/humble LD_LIBRARY_PATH=/home/aiv/ev_ws/perception/install/velodyne_pointcloud/lib:/home/aiv/ev_ws/perception/install/velodyne_driver/lib:/home/aiv/ev_ws/perception/install/velodyne_msgs/lib:/home/aiv/ev_ws/perception/install/velodyne_laserscan/lib:${LD_LIBRARY_PATH} PYTHONPATH=/home/aiv/ev_ws/perception/install/velodyne_msgs/local/lib/python3.10/dist-packages:${PYTHONPATH} /usr/bin/cmake --build /home/aiv/ev_ws/perception/build/velodyne -- -j28 -l28
[18.110s] DEBUG:colcon.colcon_core.event_handler.log_command:Invoked command in '/home/aiv/ev_ws/perception/build/velodyne' returned '0': AMENT_PREFIX_PATH=/home/aiv/ev_ws/perception/install/velodyne_pointcloud:/home/aiv/ev_ws/perception/install/velodyne_driver:/home/aiv/ev_ws/perception/install/velodyne_msgs:/home/aiv/ev_ws/perception/install/velodyne_laserscan:${AMENT_PREFIX_PATH} CMAKE_PREFIX_PATH=/home/aiv/ev_ws/perception/install/velodyne_pointcloud:/home/aiv/ev_ws/perception/install/velodyne_driver:/home/aiv/ev_ws/perception/install/velodyne_msgs:/home/aiv/ev_ws/perception/install/velodyne_laserscan:/home/aiv/ev_ws/erp42_ros/install/erp42_serial:/home/aiv/ev_ws/erp42_ros/install/erp42_rqt_plugin:/home/aiv/ev_ws/erp42_ros/install/erp42_gazebo:/home/aiv/ev_ws/erp42_ros/install/erp42_util:/home/aiv/ev_ws/erp42_ros/install/erp42_msgs:/home/aiv/ev_ws/erp42_ros/install/erp42_description:/home/aiv/ev_ws/erp42_ros/install/erp42_cmake:/opt/ros/humble LD_LIBRARY_PATH=/home/aiv/ev_ws/perception/install/velodyne_pointcloud/lib:/home/aiv/ev_ws/perception/install/velodyne_driver/lib:/home/aiv/ev_ws/perception/install/velodyne_msgs/lib:/home/aiv/ev_ws/perception/install/velodyne_laserscan/lib:${LD_LIBRARY_PATH} PYTHONPATH=/home/aiv/ev_ws/perception/install/velodyne_msgs/local/lib/python3.10/dist-packages:${PYTHONPATH} /usr/bin/cmake --build /home/aiv/ev_ws/perception/build/velodyne -- -j28 -l28
[18.110s] DEBUG:colcon.colcon_core.event_handler.log_command:Invoking command in '/home/aiv/ev_ws/perception/build/velodyne': AMENT_PREFIX_PATH=/home/aiv/ev_ws/perception/install/velodyne_pointcloud:/home/aiv/ev_ws/perception/install/velodyne_driver:/home/aiv/ev_ws/perception/install/velodyne_msgs:/home/aiv/ev_ws/perception/install/velodyne_laserscan:${AMENT_PREFIX_PATH} CMAKE_PREFIX_PATH=/home/aiv/ev_ws/perception/install/velodyne_pointcloud:/home/aiv/ev_ws/perception/install/velodyne_driver:/home/aiv/ev_ws/perception/install/velodyne_msgs:/home/aiv/ev_ws/perception/install/velodyne_laserscan:/home/aiv/ev_ws/erp42_ros/install/erp42_serial:/home/aiv/ev_ws/erp42_ros/install/erp42_rqt_plugin:/home/aiv/ev_ws/erp42_ros/install/erp42_gazebo:/home/aiv/ev_ws/erp42_ros/install/erp42_util:/home/aiv/ev_ws/erp42_ros/install/erp42_msgs:/home/aiv/ev_ws/erp42_ros/install/erp42_description:/home/aiv/ev_ws/erp42_ros/install/erp42_cmake:/opt/ros/humble LD_LIBRARY_PATH=/home/aiv/ev_ws/perception/install/velodyne_pointcloud/lib:/home/aiv/ev_ws/perception/install/velodyne_driver/lib:/home/aiv/ev_ws/perception/install/velodyne_msgs/lib:/home/aiv/ev_ws/perception/install/velodyne_laserscan/lib:${LD_LIBRARY_PATH} PYTHONPATH=/home/aiv/ev_ws/perception/install/velodyne_msgs/local/lib/python3.10/dist-packages:${PYTHONPATH} /usr/bin/cmake --install /home/aiv/ev_ws/perception/build/velodyne
[18.118s] Level 1:colcon.colcon_core.environment:create_environment_scripts_only(velodyne)
[18.118s] DEBUG:colcon.colcon_core.event_handler.log_command:Invoked command in '/home/aiv/ev_ws/perception/build/velodyne' returned '0': AMENT_PREFIX_PATH=/home/aiv/ev_ws/perception/install/velodyne_pointcloud:/home/aiv/ev_ws/perception/install/velodyne_driver:/home/aiv/ev_ws/perception/install/velodyne_msgs:/home/aiv/ev_ws/perception/install/velodyne_laserscan:${AMENT_PREFIX_PATH} CMAKE_PREFIX_PATH=/home/aiv/ev_ws/perception/install/velodyne_pointcloud:/home/aiv/ev_ws/perception/install/velodyne_driver:/home/aiv/ev_ws/perception/install/velodyne_msgs:/home/aiv/ev_ws/perception/install/velodyne_laserscan:/home/aiv/ev_ws/erp42_ros/install/erp42_serial:/home/aiv/ev_ws/erp42_ros/install/erp42_rqt_plugin:/home/aiv/ev_ws/erp42_ros/install/erp42_gazebo:/home/aiv/ev_ws/erp42_ros/install/erp42_util:/home/aiv/ev_ws/erp42_ros/install/erp42_msgs:/home/aiv/ev_ws/erp42_ros/install/erp42_description:/home/aiv/ev_ws/erp42_ros/install/erp42_cmake:/opt/ros/humble LD_LIBRARY_PATH=/home/aiv/ev_ws/perception/install/velodyne_pointcloud/lib:/home/aiv/ev_ws/perception/install/velodyne_driver/lib:/home/aiv/ev_ws/perception/install/velodyne_msgs/lib:/home/aiv/ev_ws/perception/install/velodyne_laserscan/lib:${LD_LIBRARY_PATH} PYTHONPATH=/home/aiv/ev_ws/perception/install/velodyne_msgs/local/lib/python3.10/dist-packages:${PYTHONPATH} /usr/bin/cmake --install /home/aiv/ev_ws/perception/build/velodyne
[18.118s] Level 1:colcon.colcon_core.environment:checking '/home/aiv/ev_ws/perception/install/velodyne' for CMake module files
[18.119s] Level 1:colcon.colcon_core.environment:checking '/home/aiv/ev_ws/perception/install/velodyne' for CMake config files
[18.119s] Level 1:colcon.colcon_core.shell:create_environment_hook('velodyne', 'cmake_prefix_path')
[18.119s] INFO:colcon.colcon_core.shell:Creating environment hook '/home/aiv/ev_ws/perception/install/velodyne/share/velodyne/hook/cmake_prefix_path.ps1'
[18.119s] INFO:colcon.colcon_core.shell:Creating environment descriptor '/home/aiv/ev_ws/perception/install/velodyne/share/velodyne/hook/cmake_prefix_path.dsv'
[18.120s] INFO:colcon.colcon_core.shell:Creating environment hook '/home/aiv/ev_ws/perception/install/velodyne/share/velodyne/hook/cmake_prefix_path.sh'
[18.120s] Level 1:colcon.colcon_core.environment:checking '/home/aiv/ev_ws/perception/install/velodyne/bin'
[18.120s] Level 1:colcon.colcon_core.environment:checking '/home/aiv/ev_ws/perception/install/velodyne/lib/pkgconfig/velodyne.pc'
[18.120s] Level 1:colcon.colcon_core.environment:checking '/home/aiv/ev_ws/perception/install/velodyne/lib/python3.10/site-packages'
[18.121s] Level 1:colcon.colcon_core.environment:checking '/home/aiv/ev_ws/perception/install/velodyne/bin'
[18.121s] INFO:colcon.colcon_core.shell:Creating package script '/home/aiv/ev_ws/perception/install/velodyne/share/velodyne/package.ps1'
[18.121s] INFO:colcon.colcon_core.shell:Creating package descriptor '/home/aiv/ev_ws/perception/install/velodyne/share/velodyne/package.dsv'
[18.121s] INFO:colcon.colcon_core.shell:Creating package script '/home/aiv/ev_ws/perception/install/velodyne/share/velodyne/package.sh'
[18.121s] INFO:colcon.colcon_core.shell:Creating package script '/home/aiv/ev_ws/perception/install/velodyne/share/velodyne/package.bash'
[18.121s] INFO:colcon.colcon_core.shell:Creating package script '/home/aiv/ev_ws/perception/install/velodyne/share/velodyne/package.zsh'
[18.121s] Level 1:colcon.colcon_core.environment:create_file_with_runtime_dependencies(/home/aiv/ev_ws/perception/install/velodyne/share/colcon-core/packages/velodyne)
[18.122s] Level 1:colcon.colcon_core.environment:create_environment_scripts_only(velodyne)
[18.122s] Level 1:colcon.colcon_core.environment:checking '/home/aiv/ev_ws/perception/install/velodyne' for CMake module files
[18.122s] Level 1:colcon.colcon_core.environment:checking '/home/aiv/ev_ws/perception/install/velodyne' for CMake config files
[18.122s] Level 1:colcon.colcon_core.shell:create_environment_hook('velodyne', 'cmake_prefix_path')
[18.122s] INFO:colcon.colcon_core.shell:Creating environment hook '/home/aiv/ev_ws/perception/install/velodyne/share/velodyne/hook/cmake_prefix_path.ps1'
[18.122s] INFO:colcon.colcon_core.shell:Creating environment descriptor '/home/aiv/ev_ws/perception/install/velodyne/share/velodyne/hook/cmake_prefix_path.dsv'
[18.122s] INFO:colcon.colcon_core.shell:Creating environment hook '/home/aiv/ev_ws/perception/install/velodyne/share/velodyne/hook/cmake_prefix_path.sh'
[18.123s] Level 1:colcon.colcon_core.environment:checking '/home/aiv/ev_ws/perception/install/velodyne/bin'
[18.123s] Level 1:colcon.colcon_core.environment:checking '/home/aiv/ev_ws/perception/install/velodyne/lib/pkgconfig/velodyne.pc'
[18.123s] Level 1:colcon.colcon_core.environment:checking '/home/aiv/ev_ws/perception/install/velodyne/lib/python3.10/site-packages'
[18.123s] Level 1:colcon.colcon_core.environment:checking '/home/aiv/ev_ws/perception/install/velodyne/bin'
[18.123s] INFO:colcon.colcon_core.shell:Creating package script '/home/aiv/ev_ws/perception/install/velodyne/share/velodyne/package.ps1'
[18.123s] INFO:colcon.colcon_core.shell:Creating package descriptor '/home/aiv/ev_ws/perception/install/velodyne/share/velodyne/package.dsv'
[18.123s] INFO:colcon.colcon_core.shell:Creating package script '/home/aiv/ev_ws/perception/install/velodyne/share/velodyne/package.sh'
[18.123s] INFO:colcon.colcon_core.shell:Creating package script '/home/aiv/ev_ws/perception/install/velodyne/share/velodyne/package.bash'
[18.124s] INFO:colcon.colcon_core.shell:Creating package script '/home/aiv/ev_ws/perception/install/velodyne/share/velodyne/package.zsh'
[18.124s] Level 1:colcon.colcon_core.environment:create_file_with_runtime_dependencies(/home/aiv/ev_ws/perception/install/velodyne/share/colcon-core/packages/velodyne)
[23.185s] DEBUG:colcon.colcon_core.event_handler.log_command:Invoked command in '/home/aiv/ev_ws/perception/build/patchworkpp' returned '0': CMAKE_PREFIX_PATH=${CMAKE_PREFIX_PATH}:/opt/ros/humble /usr/bin/cmake --build /home/aiv/ev_ws/perception/build/patchworkpp -- -j28 -l28
[23.188s] DEBUG:colcon.colcon_core.event_handler.log_command:Invoking command in '/home/aiv/ev_ws/perception/build/patchworkpp': CMAKE_PREFIX_PATH=${CMAKE_PREFIX_PATH}:/opt/ros/humble /usr/bin/cmake --install /home/aiv/ev_ws/perception/build/patchworkpp
[23.199s] Level 1:colcon.colcon_core.environment:create_environment_scripts_only(patchworkpp)
[23.199s] Level 1:colcon.colcon_core.environment:checking '/home/aiv/ev_ws/perception/install/patchworkpp' for CMake module files
[23.199s] DEBUG:colcon.colcon_core.event_handler.log_command:Invoked command in '/home/aiv/ev_ws/perception/build/patchworkpp' returned '0': CMAKE_PREFIX_PATH=${CMAKE_PREFIX_PATH}:/opt/ros/humble /usr/bin/cmake --install /home/aiv/ev_ws/perception/build/patchworkpp
[23.200s] Level 1:colcon.colcon_core.environment:checking '/home/aiv/ev_ws/perception/install/patchworkpp' for CMake config files
[23.200s] Level 1:colcon.colcon_core.shell:create_environment_hook('patchworkpp', 'cmake_prefix_path')
[23.200s] INFO:colcon.colcon_core.shell:Creating environment hook '/home/aiv/ev_ws/perception/install/patchworkpp/share/patchworkpp/hook/cmake_prefix_path.ps1'
[23.200s] INFO:colcon.colcon_core.shell:Creating environment descriptor '/home/aiv/ev_ws/perception/install/patchworkpp/share/patchworkpp/hook/cmake_prefix_path.dsv'
[23.200s] INFO:colcon.colcon_core.shell:Creating environment hook '/home/aiv/ev_ws/perception/install/patchworkpp/share/patchworkpp/hook/cmake_prefix_path.sh'
[23.200s] Level 1:colcon.colcon_core.environment:checking '/home/aiv/ev_ws/perception/install/patchworkpp/lib'
[23.201s] Level 1:colcon.colcon_core.shell:create_environment_hook('patchworkpp', 'ld_library_path_lib')
[23.201s] INFO:colcon.colcon_core.shell:Creating environment hook '/home/aiv/ev_ws/perception/install/patchworkpp/share/patchworkpp/hook/ld_library_path_lib.ps1'
[23.201s] INFO:colcon.colcon_core.shell:Creating environment descriptor '/home/aiv/ev_ws/perception/install/patchworkpp/share/patchworkpp/hook/ld_library_path_lib.dsv'
[23.201s] INFO:colcon.colcon_core.shell:Creating environment hook '/home/aiv/ev_ws/perception/install/patchworkpp/share/patchworkpp/hook/ld_library_path_lib.sh'
[23.201s] Level 1:colcon.colcon_core.environment:checking '/home/aiv/ev_ws/perception/install/patchworkpp/bin'
[23.201s] Level 1:colcon.colcon_core.environment:checking '/home/aiv/ev_ws/perception/install/patchworkpp/lib/pkgconfig/patchworkpp.pc'
[23.201s] Level 1:colcon.colcon_core.environment:checking '/home/aiv/ev_ws/perception/install/patchworkpp/lib/python3.10/site-packages'
[23.201s] Level 1:colcon.colcon_core.environment:checking '/home/aiv/ev_ws/perception/install/patchworkpp/bin'
[23.201s] INFO:colcon.colcon_core.shell:Creating package script '/home/aiv/ev_ws/perception/install/patchworkpp/share/patchworkpp/package.ps1'
[23.202s] INFO:colcon.colcon_core.shell:Creating package descriptor '/home/aiv/ev_ws/perception/install/patchworkpp/share/patchworkpp/package.dsv'
[23.202s] INFO:colcon.colcon_core.shell:Creating package script '/home/aiv/ev_ws/perception/install/patchworkpp/share/patchworkpp/package.sh'
[23.202s] INFO:colcon.colcon_core.shell:Creating package script '/home/aiv/ev_ws/perception/install/patchworkpp/share/patchworkpp/package.bash'
[23.202s] INFO:colcon.colcon_core.shell:Creating package script '/home/aiv/ev_ws/perception/install/patchworkpp/share/patchworkpp/package.zsh'
[23.202s] Level 1:colcon.colcon_core.environment:create_file_with_runtime_dependencies(/home/aiv/ev_ws/perception/install/patchworkpp/share/colcon-core/packages/patchworkpp)
[23.203s] Level 1:colcon.colcon_core.environment:create_environment_scripts_only(patchworkpp)
[23.203s] Level 1:colcon.colcon_core.environment:checking '/home/aiv/ev_ws/perception/install/patchworkpp' for CMake module files
[23.204s] Level 1:colcon.colcon_core.environment:checking '/home/aiv/ev_ws/perception/install/patchworkpp' for CMake config files
[23.204s] Level 1:colcon.colcon_core.shell:create_environment_hook('patchworkpp', 'cmake_prefix_path')
[23.204s] INFO:colcon.colcon_core.shell:Creating environment hook '/home/aiv/ev_ws/perception/install/patchworkpp/share/patchworkpp/hook/cmake_prefix_path.ps1'
[23.204s] INFO:colcon.colcon_core.shell:Creating environment descriptor '/home/aiv/ev_ws/perception/install/patchworkpp/share/patchworkpp/hook/cmake_prefix_path.dsv'
[23.204s] INFO:colcon.colcon_core.shell:Creating environment hook '/home/aiv/ev_ws/perception/install/patchworkpp/share/patchworkpp/hook/cmake_prefix_path.sh'
[23.204s] Level 1:colcon.colcon_core.environment:checking '/home/aiv/ev_ws/perception/install/patchworkpp/lib'
[23.204s] Level 1:colcon.colcon_core.shell:create_environment_hook('patchworkpp', 'ld_library_path_lib')
[23.204s] INFO:colcon.colcon_core.shell:Creating environment hook '/home/aiv/ev_ws/perception/install/patchworkpp/share/patchworkpp/hook/ld_library_path_lib.ps1'
[23.205s] INFO:colcon.colcon_core.shell:Creating environment descriptor '/home/aiv/ev_ws/perception/install/patchworkpp/share/patchworkpp/hook/ld_library_path_lib.dsv'
[23.205s] INFO:colcon.colcon_core.shell:Creating environment hook '/home/aiv/ev_ws/perception/install/patchworkpp/share/patchworkpp/hook/ld_library_path_lib.sh'
[23.205s] Level 1:colcon.colcon_core.environment:checking '/home/aiv/ev_ws/perception/install/patchworkpp/bin'
[23.205s] Level 1:colcon.colcon_core.environment:checking '/home/aiv/ev_ws/perception/install/patchworkpp/lib/pkgconfig/patchworkpp.pc'
[23.205s] Level 1:colcon.colcon_core.environment:checking '/home/aiv/ev_ws/perception/install/patchworkpp/lib/python3.10/site-packages'
[23.205s] Level 1:colcon.colcon_core.environment:checking '/home/aiv/ev_ws/perception/install/patchworkpp/bin'
[23.205s] INFO:colcon.colcon_core.shell:Creating package script '/home/aiv/ev_ws/perception/install/patchworkpp/share/patchworkpp/package.ps1'
[23.205s] INFO:colcon.colcon_core.shell:Creating package descriptor '/home/aiv/ev_ws/perception/install/patchworkpp/share/patchworkpp/package.dsv'
[23.206s] INFO:colcon.colcon_core.shell:Creating package script '/home/aiv/ev_ws/perception/install/patchworkpp/share/patchworkpp/package.sh'
[23.206s] INFO:colcon.colcon_core.shell:Creating package script '/home/aiv/ev_ws/perception/install/patchworkpp/share/patchworkpp/package.bash'
[23.206s] INFO:colcon.colcon_core.shell:Creating package script '/home/aiv/ev_ws/perception/install/patchworkpp/share/patchworkpp/package.zsh'
[23.206s] Level 1:colcon.colcon_core.environment:create_file_with_runtime_dependencies(/home/aiv/ev_ws/perception/install/patchworkpp/share/colcon-core/packages/patchworkpp)
[23.206s] INFO:colcon.colcon_ros.task.ament_cmake.build:Building ROS package in '/home/aiv/ev_ws/perception/src/lidar_launch' with build type 'ament_cmake'
[23.206s] INFO:colcon.colcon_cmake.task.cmake.build:Building CMake package in '/home/aiv/ev_ws/perception/src/lidar_launch'
[23.206s] INFO:colcon.colcon_core.shell:Skip shell extension 'powershell' for command environment: Not usable outside of PowerShell
[23.206s] DEBUG:colcon.colcon_core.shell:Skip shell extension 'dsv' for command environment
[23.224s] DEBUG:colcon.colcon_core.event_handler.log_command:Invoking command in '/home/aiv/ev_ws/perception/build/lidar_launch': AMENT_PREFIX_PATH=/home/aiv/ev_ws/perception/install/velodyne_pointcloud:/home/aiv/ev_ws/perception/install/velodyne_driver:/home/aiv/ev_ws/perception/install/lidar_tracking:/home/aiv/ev_ws/perception/install/cluster_filter:/home/aiv/ev_ws/perception/install/velodyne_msgs:/home/aiv/ev_ws/perception/install/velodyne_cropbox:/home/aiv/ev_ws/perception/install/patchworkpp:/home/aiv/ev_ws/perception/install/lidar_voxel_grid:/home/aiv/ev_ws/perception/install/lidar_interfaces:/home/aiv/ev_ws/perception/install/lidar_clustering:${AMENT_PREFIX_PATH} CMAKE_PREFIX_PATH=/home/aiv/ev_ws/perception/install/velodyne_pointcloud:/home/aiv/ev_ws/perception/install/velodyne_driver:/home/aiv/ev_ws/perception/install/lidar_tracking:/home/aiv/ev_ws/perception/install/cluster_filter:/home/aiv/ev_ws/perception/install/velodyne_msgs:/home/aiv/ev_ws/perception/install/velodyne_cropbox:/home/aiv/ev_ws/perception/install/patchworkpp:/home/aiv/ev_ws/perception/install/lidar_voxel_grid:/home/aiv/ev_ws/perception/install/lidar_interfaces:/home/aiv/ev_ws/perception/install/lidar_clustering:/home/aiv/ev_ws/erp42_ros/install/erp42_serial:/home/aiv/ev_ws/erp42_ros/install/erp42_rqt_plugin:/home/aiv/ev_ws/erp42_ros/install/erp42_gazebo:/home/aiv/ev_ws/erp42_ros/install/erp42_util:/home/aiv/ev_ws/erp42_ros/install/erp42_msgs:/home/aiv/ev_ws/erp42_ros/install/erp42_description:/home/aiv/ev_ws/erp42_ros/install/erp42_cmake:/opt/ros/humble LD_LIBRARY_PATH=/home/aiv/ev_ws/perception/install/velodyne_pointcloud/lib:/home/aiv/ev_ws/perception/install/velodyne_driver/lib:/home/aiv/ev_ws/perception/install/lidar_tracking/lib:/home/aiv/ev_ws/perception/install/cluster_filter/lib:/home/aiv/ev_ws/perception/install/velodyne_msgs/lib:/home/aiv/ev_ws/perception/install/velodyne_cropbox/lib:/home/aiv/ev_ws/perception/install/patchworkpp/lib:/home/aiv/ev_ws/perception/install/lidar_voxel_grid/lib:/home/aiv/ev_ws/perception/install/lidar_interfaces/lib:/home/aiv/ev_ws/perception/install/lidar_clustering/lib:${LD_LIBRARY_PATH} PYTHONPATH=/home/aiv/ev_ws/perception/install/velodyne_msgs/local/lib/python3.10/dist-packages:/home/aiv/ev_ws/perception/install/lidar_interfaces/local/lib/python3.10/dist-packages:${PYTHONPATH} /usr/bin/cmake /home/aiv/ev_ws/perception/src/lidar_launch -DCMAKE_INSTALL_PREFIX=/home/aiv/ev_ws/perception/install/lidar_launch
[23.581s] DEBUG:colcon.colcon_core.event_handler.log_command:Invoked command in '/home/aiv/ev_ws/perception/build/lidar_launch' returned '0': AMENT_PREFIX_PATH=/home/aiv/ev_ws/perception/install/velodyne_pointcloud:/home/aiv/ev_ws/perception/install/velodyne_driver:/home/aiv/ev_ws/perception/install/lidar_tracking:/home/aiv/ev_ws/perception/install/cluster_filter:/home/aiv/ev_ws/perception/install/velodyne_msgs:/home/aiv/ev_ws/perception/install/velodyne_cropbox:/home/aiv/ev_ws/perception/install/patchworkpp:/home/aiv/ev_ws/perception/install/lidar_voxel_grid:/home/aiv/ev_ws/perception/install/lidar_interfaces:/home/aiv/ev_ws/perception/install/lidar_clustering:${AMENT_PREFIX_PATH} CMAKE_PREFIX_PATH=/home/aiv/ev_ws/perception/install/velodyne_pointcloud:/home/aiv/ev_ws/perception/install/velodyne_driver:/home/aiv/ev_ws/perception/install/lidar_tracking:/home/aiv/ev_ws/perception/install/cluster_filter:/home/aiv/ev_ws/perception/install/velodyne_msgs:/home/aiv/ev_ws/perception/install/velodyne_cropbox:/home/aiv/ev_ws/perception/install/patchworkpp:/home/aiv/ev_ws/perception/install/lidar_voxel_grid:/home/aiv/ev_ws/perception/install/lidar_interfaces:/home/aiv/ev_ws/perception/install/lidar_clustering:/home/aiv/ev_ws/erp42_ros/install/erp42_serial:/home/aiv/ev_ws/erp42_ros/install/erp42_rqt_plugin:/home/aiv/ev_ws/erp42_ros/install/erp42_gazebo:/home/aiv/ev_ws/erp42_ros/install/erp42_util:/home/aiv/ev_ws/erp42_ros/install/erp42_msgs:/home/aiv/ev_ws/erp42_ros/install/erp42_description:/home/aiv/ev_ws/erp42_ros/install/erp42_cmake:/opt/ros/humble LD_LIBRARY_PATH=/home/aiv/ev_ws/perception/install/velodyne_pointcloud/lib:/home/aiv/ev_ws/perception/install/velodyne_driver/lib:/home/aiv/ev_ws/perception/install/lidar_tracking/lib:/home/aiv/ev_ws/perception/install/cluster_filter/lib:/home/aiv/ev_ws/perception/install/velodyne_msgs/lib:/home/aiv/ev_ws/perception/install/velodyne_cropbox/lib:/home/aiv/ev_ws/perception/install/patchworkpp/lib:/home/aiv/ev_ws/perception/install/lidar_voxel_grid/lib:/home/aiv/ev_ws/perception/install/lidar_interfaces/lib:/home/aiv/ev_ws/perception/install/lidar_clustering/lib:${LD_LIBRARY_PATH} PYTHONPATH=/home/aiv/ev_ws/perception/install/velodyne_msgs/local/lib/python3.10/dist-packages:/home/aiv/ev_ws/perception/install/lidar_interfaces/local/lib/python3.10/dist-packages:${PYTHONPATH} /usr/bin/cmake /home/aiv/ev_ws/perception/src/lidar_launch -DCMAKE_INSTALL_PREFIX=/home/aiv/ev_ws/perception/install/lidar_launch
[23.582s] DEBUG:colcon.colcon_core.event_handler.log_command:Invoking command in '/home/aiv/ev_ws/perception/build/lidar_launch': AMENT_PREFIX_PATH=/home/aiv/ev_ws/perception/install/velodyne_pointcloud:/home/aiv/ev_ws/perception/install/velodyne_driver:/home/aiv/ev_ws/perception/install/lidar_tracking:/home/aiv/ev_ws/perception/install/cluster_filter:/home/aiv/ev_ws/perception/install/velodyne_msgs:/home/aiv/ev_ws/perception/install/velodyne_cropbox:/home/aiv/ev_ws/perception/install/patchworkpp:/home/aiv/ev_ws/perception/install/lidar_voxel_grid:/home/aiv/ev_ws/perception/install/lidar_interfaces:/home/aiv/ev_ws/perception/install/lidar_clustering:${AMENT_PREFIX_PATH} CMAKE_PREFIX_PATH=/home/aiv/ev_ws/perception/install/velodyne_pointcloud:/home/aiv/ev_ws/perception/install/velodyne_driver:/home/aiv/ev_ws/perception/install/lidar_tracking:/home/aiv/ev_ws/perception/install/cluster_filter:/home/aiv/ev_ws/perception/install/velodyne_msgs:/home/aiv/ev_ws/perception/install/velodyne_cropbox:/home/aiv/ev_ws/perception/install/patchworkpp:/home/aiv/ev_ws/perception/install/lidar_voxel_grid:/home/aiv/ev_ws/perception/install/lidar_interfaces:/home/aiv/ev_ws/perception/install/lidar_clustering:/home/aiv/ev_ws/erp42_ros/install/erp42_serial:/home/aiv/ev_ws/erp42_ros/install/erp42_rqt_plugin:/home/aiv/ev_ws/erp42_ros/install/erp42_gazebo:/home/aiv/ev_ws/erp42_ros/install/erp42_util:/home/aiv/ev_ws/erp42_ros/install/erp42_msgs:/home/aiv/ev_ws/erp42_ros/install/erp42_description:/home/aiv/ev_ws/erp42_ros/install/erp42_cmake:/opt/ros/humble LD_LIBRARY_PATH=/home/aiv/ev_ws/perception/install/velodyne_pointcloud/lib:/home/aiv/ev_ws/perception/install/velodyne_driver/lib:/home/aiv/ev_ws/perception/install/lidar_tracking/lib:/home/aiv/ev_ws/perception/install/cluster_filter/lib:/home/aiv/ev_ws/perception/install/velodyne_msgs/lib:/home/aiv/ev_ws/perception/install/velodyne_cropbox/lib:/home/aiv/ev_ws/perception/install/patchworkpp/lib:/home/aiv/ev_ws/perception/install/lidar_voxel_grid/lib:/home/aiv/ev_ws/perception/install/lidar_interfaces/lib:/home/aiv/ev_ws/perception/install/lidar_clustering/lib:${LD_LIBRARY_PATH} PYTHONPATH=/home/aiv/ev_ws/perception/install/velodyne_msgs/local/lib/python3.10/dist-packages:/home/aiv/ev_ws/perception/install/lidar_interfaces/local/lib/python3.10/dist-packages:${PYTHONPATH} /usr/bin/cmake --build /home/aiv/ev_ws/perception/build/lidar_launch -- -j28 -l28
[23.608s] DEBUG:colcon.colcon_core.event_handler.log_command:Invoked command in '/home/aiv/ev_ws/perception/build/lidar_launch' returned '0': AMENT_PREFIX_PATH=/home/aiv/ev_ws/perception/install/velodyne_pointcloud:/home/aiv/ev_ws/perception/install/velodyne_driver:/home/aiv/ev_ws/perception/install/lidar_tracking:/home/aiv/ev_ws/perception/install/cluster_filter:/home/aiv/ev_ws/perception/install/velodyne_msgs:/home/aiv/ev_ws/perception/install/velodyne_cropbox:/home/aiv/ev_ws/perception/install/patchworkpp:/home/aiv/ev_ws/perception/install/lidar_voxel_grid:/home/aiv/ev_ws/perception/install/lidar_interfaces:/home/aiv/ev_ws/perception/install/lidar_clustering:${AMENT_PREFIX_PATH} CMAKE_PREFIX_PATH=/home/aiv/ev_ws/perception/install/velodyne_pointcloud:/home/aiv/ev_ws/perception/install/velodyne_driver:/home/aiv/ev_ws/perception/install/lidar_tracking:/home/aiv/ev_ws/perception/install/cluster_filter:/home/aiv/ev_ws/perception/install/velodyne_msgs:/home/aiv/ev_ws/perception/install/velodyne_cropbox:/home/aiv/ev_ws/perception/install/patchworkpp:/home/aiv/ev_ws/perception/install/lidar_voxel_grid:/home/aiv/ev_ws/perception/install/lidar_interfaces:/home/aiv/ev_ws/perception/install/lidar_clustering:/home/aiv/ev_ws/erp42_ros/install/erp42_serial:/home/aiv/ev_ws/erp42_ros/install/erp42_rqt_plugin:/home/aiv/ev_ws/erp42_ros/install/erp42_gazebo:/home/aiv/ev_ws/erp42_ros/install/erp42_util:/home/aiv/ev_ws/erp42_ros/install/erp42_msgs:/home/aiv/ev_ws/erp42_ros/install/erp42_description:/home/aiv/ev_ws/erp42_ros/install/erp42_cmake:/opt/ros/humble LD_LIBRARY_PATH=/home/aiv/ev_ws/perception/install/velodyne_pointcloud/lib:/home/aiv/ev_ws/perception/install/velodyne_driver/lib:/home/aiv/ev_ws/perception/install/lidar_tracking/lib:/home/aiv/ev_ws/perception/install/cluster_filter/lib:/home/aiv/ev_ws/perception/install/velodyne_msgs/lib:/home/aiv/ev_ws/perception/install/velodyne_cropbox/lib:/home/aiv/ev_ws/perception/install/patchworkpp/lib:/home/aiv/ev_ws/perception/install/lidar_voxel_grid/lib:/home/aiv/ev_ws/perception/install/lidar_interfaces/lib:/home/aiv/ev_ws/perception/install/lidar_clustering/lib:${LD_LIBRARY_PATH} PYTHONPATH=/home/aiv/ev_ws/perception/install/velodyne_msgs/local/lib/python3.10/dist-packages:/home/aiv/ev_ws/perception/install/lidar_interfaces/local/lib/python3.10/dist-packages:${PYTHONPATH} /usr/bin/cmake --build /home/aiv/ev_ws/perception/build/lidar_launch -- -j28 -l28
[23.608s] DEBUG:colcon.colcon_core.event_handler.log_command:Invoking command in '/home/aiv/ev_ws/perception/build/lidar_launch': AMENT_PREFIX_PATH=/home/aiv/ev_ws/perception/install/velodyne_pointcloud:/home/aiv/ev_ws/perception/install/velodyne_driver:/home/aiv/ev_ws/perception/install/lidar_tracking:/home/aiv/ev_ws/perception/install/cluster_filter:/home/aiv/ev_ws/perception/install/velodyne_msgs:/home/aiv/ev_ws/perception/install/velodyne_cropbox:/home/aiv/ev_ws/perception/install/patchworkpp:/home/aiv/ev_ws/perception/install/lidar_voxel_grid:/home/aiv/ev_ws/perception/install/lidar_interfaces:/home/aiv/ev_ws/perception/install/lidar_clustering:${AMENT_PREFIX_PATH} CMAKE_PREFIX_PATH=/home/aiv/ev_ws/perception/install/velodyne_pointcloud:/home/aiv/ev_ws/perception/install/velodyne_driver:/home/aiv/ev_ws/perception/install/lidar_tracking:/home/aiv/ev_ws/perception/install/cluster_filter:/home/aiv/ev_ws/perception/install/velodyne_msgs:/home/aiv/ev_ws/perception/install/velodyne_cropbox:/home/aiv/ev_ws/perception/install/patchworkpp:/home/aiv/ev_ws/perception/install/lidar_voxel_grid:/home/aiv/ev_ws/perception/install/lidar_interfaces:/home/aiv/ev_ws/perception/install/lidar_clustering:/home/aiv/ev_ws/erp42_ros/install/erp42_serial:/home/aiv/ev_ws/erp42_ros/install/erp42_rqt_plugin:/home/aiv/ev_ws/erp42_ros/install/erp42_gazebo:/home/aiv/ev_ws/erp42_ros/install/erp42_util:/home/aiv/ev_ws/erp42_ros/install/erp42_msgs:/home/aiv/ev_ws/erp42_ros/install/erp42_description:/home/aiv/ev_ws/erp42_ros/install/erp42_cmake:/opt/ros/humble LD_LIBRARY_PATH=/home/aiv/ev_ws/perception/install/velodyne_pointcloud/lib:/home/aiv/ev_ws/perception/install/velodyne_driver/lib:/home/aiv/ev_ws/perception/install/lidar_tracking/lib:/home/aiv/ev_ws/perception/install/cluster_filter/lib:/home/aiv/ev_ws/perception/install/velodyne_msgs/lib:/home/aiv/ev_ws/perception/install/velodyne_cropbox/lib:/home/aiv/ev_ws/perception/install/patchworkpp/lib:/home/aiv/ev_ws/perception/install/lidar_voxel_grid/lib:/home/aiv/ev_ws/perception/install/lidar_interfaces/lib:/home/aiv/ev_ws/perception/install/lidar_clustering/lib:${LD_LIBRARY_PATH} PYTHONPATH=/home/aiv/ev_ws/perception/install/velodyne_msgs/local/lib/python3.10/dist-packages:/home/aiv/ev_ws/perception/install/lidar_interfaces/local/lib/python3.10/dist-packages:${PYTHONPATH} /usr/bin/cmake --install /home/aiv/ev_ws/perception/build/lidar_launch
[23.614s] Level 1:colcon.colcon_core.environment:create_environment_scripts_only(lidar_launch)
[23.615s] DEBUG:colcon.colcon_core.event_handler.log_command:Invoked command in '/home/aiv/ev_ws/perception/build/lidar_launch' returned '0': AMENT_PREFIX_PATH=/home/aiv/ev_ws/perception/install/velodyne_pointcloud:/home/aiv/ev_ws/perception/install/velodyne_driver:/home/aiv/ev_ws/perception/install/lidar_tracking:/home/aiv/ev_ws/perception/install/cluster_filter:/home/aiv/ev_ws/perception/install/velodyne_msgs:/home/aiv/ev_ws/perception/install/velodyne_cropbox:/home/aiv/ev_ws/perception/install/patchworkpp:/home/aiv/ev_ws/perception/install/lidar_voxel_grid:/home/aiv/ev_ws/perception/install/lidar_interfaces:/home/aiv/ev_ws/perception/install/lidar_clustering:${AMENT_PREFIX_PATH} CMAKE_PREFIX_PATH=/home/aiv/ev_ws/perception/install/velodyne_pointcloud:/home/aiv/ev_ws/perception/install/velodyne_driver:/home/aiv/ev_ws/perception/install/lidar_tracking:/home/aiv/ev_ws/perception/install/cluster_filter:/home/aiv/ev_ws/perception/install/velodyne_msgs:/home/aiv/ev_ws/perception/install/velodyne_cropbox:/home/aiv/ev_ws/perception/install/patchworkpp:/home/aiv/ev_ws/perception/install/lidar_voxel_grid:/home/aiv/ev_ws/perception/install/lidar_interfaces:/home/aiv/ev_ws/perception/install/lidar_clustering:/home/aiv/ev_ws/erp42_ros/install/erp42_serial:/home/aiv/ev_ws/erp42_ros/install/erp42_rqt_plugin:/home/aiv/ev_ws/erp42_ros/install/erp42_gazebo:/home/aiv/ev_ws/erp42_ros/install/erp42_util:/home/aiv/ev_ws/erp42_ros/install/erp42_msgs:/home/aiv/ev_ws/erp42_ros/install/erp42_description:/home/aiv/ev_ws/erp42_ros/install/erp42_cmake:/opt/ros/humble LD_LIBRARY_PATH=/home/aiv/ev_ws/perception/install/velodyne_pointcloud/lib:/home/aiv/ev_ws/perception/install/velodyne_driver/lib:/home/aiv/ev_ws/perception/install/lidar_tracking/lib:/home/aiv/ev_ws/perception/install/cluster_filter/lib:/home/aiv/ev_ws/perception/install/velodyne_msgs/lib:/home/aiv/ev_ws/perception/install/velodyne_cropbox/lib:/home/aiv/ev_ws/perception/install/patchworkpp/lib:/home/aiv/ev_ws/perception/install/lidar_voxel_grid/lib:/home/aiv/ev_ws/perception/install/lidar_interfaces/lib:/home/aiv/ev_ws/perception/install/lidar_clustering/lib:${LD_LIBRARY_PATH} PYTHONPATH=/home/aiv/ev_ws/perception/install/velodyne_msgs/local/lib/python3.10/dist-packages:/home/aiv/ev_ws/perception/install/lidar_interfaces/local/lib/python3.10/dist-packages:${PYTHONPATH} /usr/bin/cmake --install /home/aiv/ev_ws/perception/build/lidar_launch
[23.615s] Level 1:colcon.colcon_core.environment:checking '/home/aiv/ev_ws/perception/install/lidar_launch' for CMake module files
[23.615s] Level 1:colcon.colcon_core.environment:checking '/home/aiv/ev_ws/perception/install/lidar_launch' for CMake config files
[23.616s] Level 1:colcon.colcon_core.shell:create_environment_hook('lidar_launch', 'cmake_prefix_path')
[23.616s] INFO:colcon.colcon_core.shell:Creating environment hook '/home/aiv/ev_ws/perception/install/lidar_launch/share/lidar_launch/hook/cmake_prefix_path.ps1'
[23.616s] INFO:colcon.colcon_core.shell:Creating environment descriptor '/home/aiv/ev_ws/perception/install/lidar_launch/share/lidar_launch/hook/cmake_prefix_path.dsv'
[23.616s] INFO:colcon.colcon_core.shell:Creating environment hook '/home/aiv/ev_ws/perception/install/lidar_launch/share/lidar_launch/hook/cmake_prefix_path.sh'
[23.617s] Level 1:colcon.colcon_core.environment:checking '/home/aiv/ev_ws/perception/install/lidar_launch/bin'
[23.617s] Level 1:colcon.colcon_core.environment:checking '/home/aiv/ev_ws/perception/install/lidar_launch/lib/pkgconfig/lidar_launch.pc'
[23.617s] Level 1:colcon.colcon_core.environment:checking '/home/aiv/ev_ws/perception/install/lidar_launch/lib/python3.10/site-packages'
[23.617s] Level 1:colcon.colcon_core.environment:checking '/home/aiv/ev_ws/perception/install/lidar_launch/bin'
[23.617s] INFO:colcon.colcon_core.shell:Creating package script '/home/aiv/ev_ws/perception/install/lidar_launch/share/lidar_launch/package.ps1'
[23.618s] INFO:colcon.colcon_core.shell:Creating package descriptor '/home/aiv/ev_ws/perception/install/lidar_launch/share/lidar_launch/package.dsv'
[23.618s] INFO:colcon.colcon_core.shell:Creating package script '/home/aiv/ev_ws/perception/install/lidar_launch/share/lidar_launch/package.sh'
[23.618s] INFO:colcon.colcon_core.shell:Creating package script '/home/aiv/ev_ws/perception/install/lidar_launch/share/lidar_launch/package.bash'
[23.618s] INFO:colcon.colcon_core.shell:Creating package script '/home/aiv/ev_ws/perception/install/lidar_launch/share/lidar_launch/package.zsh'
[23.618s] Level 1:colcon.colcon_core.environment:create_file_with_runtime_dependencies(/home/aiv/ev_ws/perception/install/lidar_launch/share/colcon-core/packages/lidar_launch)
[23.619s] Level 1:colcon.colcon_core.environment:create_environment_scripts_only(lidar_launch)
[23.619s] Level 1:colcon.colcon_core.environment:checking '/home/aiv/ev_ws/perception/install/lidar_launch' for CMake module files
[23.619s] Level 1:colcon.colcon_core.environment:checking '/home/aiv/ev_ws/perception/install/lidar_launch' for CMake config files
[23.619s] Level 1:colcon.colcon_core.shell:create_environment_hook('lidar_launch', 'cmake_prefix_path')
[23.620s] INFO:colcon.colcon_core.shell:Creating environment hook '/home/aiv/ev_ws/perception/install/lidar_launch/share/lidar_launch/hook/cmake_prefix_path.ps1'
[23.620s] INFO:colcon.colcon_core.shell:Creating environment descriptor '/home/aiv/ev_ws/perception/install/lidar_launch/share/lidar_launch/hook/cmake_prefix_path.dsv'
[23.620s] INFO:colcon.colcon_core.shell:Creating environment hook '/home/aiv/ev_ws/perception/install/lidar_launch/share/lidar_launch/hook/cmake_prefix_path.sh'
[23.620s] Level 1:colcon.colcon_core.environment:checking '/home/aiv/ev_ws/perception/install/lidar_launch/bin'
[23.620s] Level 1:colcon.colcon_core.environment:checking '/home/aiv/ev_ws/perception/install/lidar_launch/lib/pkgconfig/lidar_launch.pc'
[23.621s] Level 1:colcon.colcon_core.environment:checking '/home/aiv/ev_ws/perception/install/lidar_launch/lib/python3.10/site-packages'
[23.621s] Level 1:colcon.colcon_core.environment:checking '/home/aiv/ev_ws/perception/install/lidar_launch/bin'
[23.621s] INFO:colcon.colcon_core.shell:Creating package script '/home/aiv/ev_ws/perception/install/lidar_launch/share/lidar_launch/package.ps1'
[23.621s] INFO:colcon.colcon_core.shell:Creating package descriptor '/home/aiv/ev_ws/perception/install/lidar_launch/share/lidar_launch/package.dsv'
[23.622s] INFO:colcon.colcon_core.shell:Creating package script '/home/aiv/ev_ws/perception/install/lidar_launch/share/lidar_launch/package.sh'
[23.622s] INFO:colcon.colcon_core.shell:Creating package script '/home/aiv/ev_ws/perception/install/lidar_launch/share/lidar_launch/package.bash'
[23.622s] INFO:colcon.colcon_core.shell:Creating package script '/home/aiv/ev_ws/perception/install/lidar_launch/share/lidar_launch/package.zsh'
[23.622s] Level 1:colcon.colcon_core.environment:create_file_with_runtime_dependencies(/home/aiv/ev_ws/perception/install/lidar_launch/share/colcon-core/packages/lidar_launch)
[23.623s] DEBUG:colcon.colcon_parallel_executor.executor.parallel:closing loop
[23.623s] DEBUG:colcon.colcon_parallel_executor.executor.parallel:loop closed
[23.623s] DEBUG:colcon.colcon_parallel_executor.executor.parallel:run_until_complete finished with '0'
[23.623s] DEBUG:colcon.colcon_core.event_reactor:joining thread
[23.626s] INFO:colcon.colcon_core.plugin_system:Skipping extension 'colcon_notification.desktop_notification.terminal_notifier': Not used on non-Darwin systems
[23.626s] INFO:colcon.colcon_core.plugin_system:Skipping extension 'colcon_notification.desktop_notification.win32': Not used on non-Windows systems
[23.626s] INFO:colcon.colcon_notification.desktop_notification:Sending desktop notification using 'notify2'
[23.631s] DEBUG:colcon.colcon_core.event_reactor:joined thread
[23.632s] INFO:colcon.colcon_core.shell:Creating prefix script '/home/aiv/ev_ws/perception/install/local_setup.ps1'
[23.632s] INFO:colcon.colcon_core.shell:Creating prefix util module '/home/aiv/ev_ws/perception/install/_local_setup_util_ps1.py'
[23.633s] INFO:colcon.colcon_core.shell:Creating prefix chain script '/home/aiv/ev_ws/perception/install/setup.ps1'
[23.633s] INFO:colcon.colcon_core.shell:Creating prefix script '/home/aiv/ev_ws/perception/install/local_setup.sh'
[23.633s] INFO:colcon.colcon_core.shell:Creating prefix util module '/home/aiv/ev_ws/perception/install/_local_setup_util_sh.py'
[23.634s] INFO:colcon.colcon_core.shell:Creating prefix chain script '/home/aiv/ev_ws/perception/install/setup.sh'
[23.634s] INFO:colcon.colcon_core.shell:Creating prefix script '/home/aiv/ev_ws/perception/install/local_setup.bash'
[23.634s] INFO:colcon.colcon_core.shell:Creating prefix chain script '/home/aiv/ev_ws/perception/install/setup.bash'
[23.635s] INFO:colcon.colcon_core.shell:Creating prefix script '/home/aiv/ev_ws/perception/install/local_setup.zsh'
[23.635s] INFO:colcon.colcon_core.shell:Creating prefix chain script '/home/aiv/ev_ws/perception/install/setup.zsh'
