[0.055s] DEBUG:colcon:Command line arguments: ['/usr/bin/colcon', 'build']
[0.055s] DEBUG:colcon:Parsed command line arguments: Namespace(log_base=None, log_level=None, verb_name='build', build_base='build', install_base='install', merge_install=False, symlink_install=False, test_result_base=None, continue_on_error=False, executor='parallel', parallel_workers=28, event_handlers=None, ignore_user_meta=False, metas=['./colcon.meta'], base_paths=['.'], packages_ignore=None, packages_ignore_regex=None, paths=None, packages_up_to=None, packages_up_to_regex=None, packages_above=None, packages_above_and_dependencies=None, packages_above_depth=None, packages_select_by_dep=None, packages_skip_by_dep=None, packages_skip_up_to=None, packages_select_build_failed=False, packages_skip_build_finished=False, packages_select_test_failures=False, packages_skip_test_passed=False, packages_select=None, packages_skip=None, packages_select_regex=None, packages_skip_regex=None, packages_start=None, packages_end=None, allow_overriding=[], cmake_args=None, cmake_target=None, cmake_target_skip_unavailable=False, cmake_clean_cache=False, cmake_clean_first=False, cmake_force_configure=False, ament_cmake_args=None, catkin_cmake_args=None, catkin_skip_building_tests=False, mixin_files=None, mixin=None, verb_parser=<colcon_mixin.mixin.mixin_argument.MixinArgumentDecorator object at 0x7035aff53910>, verb_extension=<colcon_core.verb.build.BuildVerb object at 0x7035aff533a0>, main=<bound method BuildVerb.main of <colcon_core.verb.build.BuildVerb object at 0x7035aff533a0>>, mixin_verb=('build',))
[0.139s] Level 1:colcon.colcon_core.package_discovery:discover_packages(colcon_meta) check parameters
[0.139s] Level 1:colcon.colcon_core.package_discovery:discover_packages(recursive) check parameters
[0.139s] Level 1:colcon.colcon_core.package_discovery:discover_packages(ignore) check parameters
[0.139s] Level 1:colcon.colcon_core.package_discovery:discover_packages(path) check parameters
[0.139s] Level 1:colcon.colcon_core.package_discovery:discover_packages(colcon_meta) discover
[0.139s] Level 1:colcon.colcon_core.package_discovery:discover_packages(recursive) discover
[0.139s] INFO:colcon.colcon_core.package_discovery:Crawling recursively for packages in '/home/aiv/ev_ws/perception'
[0.139s] Level 1:colcon.colcon_core.package_identification:_identify(.) by extensions ['ignore', 'ignore_ament_install']
[0.139s] Level 1:colcon.colcon_core.package_identification:_identify(.) by extension 'ignore'
[0.139s] Level 1:colcon.colcon_core.package_identification:_identify(.) by extension 'ignore_ament_install'
[0.139s] Level 1:colcon.colcon_core.package_identification:_identify(.) by extensions ['colcon_pkg']
[0.139s] Level 1:colcon.colcon_core.package_identification:_identify(.) by extension 'colcon_pkg'
[0.139s] Level 1:colcon.colcon_core.package_identification:_identify(.) by extensions ['colcon_meta']
[0.140s] Level 1:colcon.colcon_core.package_identification:_identify(.) by extension 'colcon_meta'
[0.140s] Level 1:colcon.colcon_core.package_identification:_identify(.) by extensions ['ros']
[0.140s] Level 1:colcon.colcon_core.package_identification:_identify(.) by extension 'ros'
[0.145s] Level 1:colcon.colcon_core.package_identification:_identify(.) by extensions ['cmake', 'python']
[0.145s] Level 1:colcon.colcon_core.package_identification:_identify(.) by extension 'cmake'
[0.145s] Level 1:colcon.colcon_core.package_identification:_identify(.) by extension 'python'
[0.145s] Level 1:colcon.colcon_core.package_identification:_identify(.) by extensions ['python_setup_py']
[0.145s] Level 1:colcon.colcon_core.package_identification:_identify(.) by extension 'python_setup_py'
[0.146s] Level 1:colcon.colcon_core.package_identification:_identify(build) by extensions ['ignore', 'ignore_ament_install']
[0.146s] Level 1:colcon.colcon_core.package_identification:_identify(build) by extension 'ignore'
[0.146s] Level 1:colcon.colcon_core.package_identification:_identify(build) ignored
[0.146s] Level 1:colcon.colcon_core.package_identification:_identify(install) by extensions ['ignore', 'ignore_ament_install']
[0.146s] Level 1:colcon.colcon_core.package_identification:_identify(install) by extension 'ignore'
[0.146s] Level 1:colcon.colcon_core.package_identification:_identify(install) ignored
[0.146s] Level 1:colcon.colcon_core.package_identification:_identify(log) by extensions ['ignore', 'ignore_ament_install']
[0.146s] Level 1:colcon.colcon_core.package_identification:_identify(log) by extension 'ignore'
[0.146s] Level 1:colcon.colcon_core.package_identification:_identify(log) ignored
[0.146s] Level 1:colcon.colcon_core.package_identification:_identify(rosbag) by extensions ['ignore', 'ignore_ament_install']
[0.146s] Level 1:colcon.colcon_core.package_identification:_identify(rosbag) by extension 'ignore'
[0.146s] Level 1:colcon.colcon_core.package_identification:_identify(rosbag) by extension 'ignore_ament_install'
[0.146s] Level 1:colcon.colcon_core.package_identification:_identify(rosbag) by extensions ['colcon_pkg']
[0.146s] Level 1:colcon.colcon_core.package_identification:_identify(rosbag) by extension 'colcon_pkg'
[0.146s] Level 1:colcon.colcon_core.package_identification:_identify(rosbag) by extensions ['colcon_meta']
[0.146s] Level 1:colcon.colcon_core.package_identification:_identify(rosbag) by extension 'colcon_meta'
[0.146s] Level 1:colcon.colcon_core.package_identification:_identify(rosbag) by extensions ['ros']
[0.146s] Level 1:colcon.colcon_core.package_identification:_identify(rosbag) by extension 'ros'
[0.146s] Level 1:colcon.colcon_core.package_identification:_identify(rosbag) by extensions ['cmake', 'python']
[0.146s] Level 1:colcon.colcon_core.package_identification:_identify(rosbag) by extension 'cmake'
[0.146s] Level 1:colcon.colcon_core.package_identification:_identify(rosbag) by extension 'python'
[0.146s] Level 1:colcon.colcon_core.package_identification:_identify(rosbag) by extensions ['python_setup_py']
[0.146s] Level 1:colcon.colcon_core.package_identification:_identify(rosbag) by extension 'python_setup_py'
[0.146s] Level 1:colcon.colcon_core.package_identification:_identify(rosbag/0214) by extensions ['ignore', 'ignore_ament_install']
[0.146s] Level 1:colcon.colcon_core.package_identification:_identify(rosbag/0214) by extension 'ignore'
[0.146s] Level 1:colcon.colcon_core.package_identification:_identify(rosbag/0214) by extension 'ignore_ament_install'
[0.146s] Level 1:colcon.colcon_core.package_identification:_identify(rosbag/0214) by extensions ['colcon_pkg']
[0.146s] Level 1:colcon.colcon_core.package_identification:_identify(rosbag/0214) by extension 'colcon_pkg'
[0.146s] Level 1:colcon.colcon_core.package_identification:_identify(rosbag/0214) by extensions ['colcon_meta']
[0.146s] Level 1:colcon.colcon_core.package_identification:_identify(rosbag/0214) by extension 'colcon_meta'
[0.146s] Level 1:colcon.colcon_core.package_identification:_identify(rosbag/0214) by extensions ['ros']
[0.146s] Level 1:colcon.colcon_core.package_identification:_identify(rosbag/0214) by extension 'ros'
[0.146s] Level 1:colcon.colcon_core.package_identification:_identify(rosbag/0214) by extensions ['cmake', 'python']
[0.146s] Level 1:colcon.colcon_core.package_identification:_identify(rosbag/0214) by extension 'cmake'
[0.146s] Level 1:colcon.colcon_core.package_identification:_identify(rosbag/0214) by extension 'python'
[0.146s] Level 1:colcon.colcon_core.package_identification:_identify(rosbag/0214) by extensions ['python_setup_py']
[0.146s] Level 1:colcon.colcon_core.package_identification:_identify(rosbag/0214) by extension 'python_setup_py'
[0.146s] Level 1:colcon.colcon_core.package_identification:_identify(rosbag/trimmed) by extensions ['ignore', 'ignore_ament_install']
[0.146s] Level 1:colcon.colcon_core.package_identification:_identify(rosbag/trimmed) by extension 'ignore'
[0.147s] Level 1:colcon.colcon_core.package_identification:_identify(rosbag/trimmed) by extension 'ignore_ament_install'
[0.147s] Level 1:colcon.colcon_core.package_identification:_identify(rosbag/trimmed) by extensions ['colcon_pkg']
[0.147s] Level 1:colcon.colcon_core.package_identification:_identify(rosbag/trimmed) by extension 'colcon_pkg'
[0.147s] Level 1:colcon.colcon_core.package_identification:_identify(rosbag/trimmed) by extensions ['colcon_meta']
[0.147s] Level 1:colcon.colcon_core.package_identification:_identify(rosbag/trimmed) by extension 'colcon_meta'
[0.147s] Level 1:colcon.colcon_core.package_identification:_identify(rosbag/trimmed) by extensions ['ros']
[0.147s] Level 1:colcon.colcon_core.package_identification:_identify(rosbag/trimmed) by extension 'ros'
[0.147s] Level 1:colcon.colcon_core.package_identification:_identify(rosbag/trimmed) by extensions ['cmake', 'python']
[0.147s] Level 1:colcon.colcon_core.package_identification:_identify(rosbag/trimmed) by extension 'cmake'
[0.147s] Level 1:colcon.colcon_core.package_identification:_identify(rosbag/trimmed) by extension 'python'
[0.147s] Level 1:colcon.colcon_core.package_identification:_identify(rosbag/trimmed) by extensions ['python_setup_py']
[0.147s] Level 1:colcon.colcon_core.package_identification:_identify(rosbag/trimmed) by extension 'python_setup_py'
[0.147s] Level 1:colcon.colcon_core.package_identification:_identify(src) by extensions ['ignore', 'ignore_ament_install']
[0.147s] Level 1:colcon.colcon_core.package_identification:_identify(src) by extension 'ignore'
[0.147s] Level 1:colcon.colcon_core.package_identification:_identify(src) by extension 'ignore_ament_install'
[0.147s] Level 1:colcon.colcon_core.package_identification:_identify(src) by extensions ['colcon_pkg']
[0.147s] Level 1:colcon.colcon_core.package_identification:_identify(src) by extension 'colcon_pkg'
[0.147s] Level 1:colcon.colcon_core.package_identification:_identify(src) by extensions ['colcon_meta']
[0.147s] Level 1:colcon.colcon_core.package_identification:_identify(src) by extension 'colcon_meta'
[0.147s] Level 1:colcon.colcon_core.package_identification:_identify(src) by extensions ['ros']
[0.147s] Level 1:colcon.colcon_core.package_identification:_identify(src) by extension 'ros'
[0.147s] Level 1:colcon.colcon_core.package_identification:_identify(src) by extensions ['cmake', 'python']
[0.147s] Level 1:colcon.colcon_core.package_identification:_identify(src) by extension 'cmake'
[0.147s] Level 1:colcon.colcon_core.package_identification:_identify(src) by extension 'python'
[0.147s] Level 1:colcon.colcon_core.package_identification:_identify(src) by extensions ['python_setup_py']
[0.147s] Level 1:colcon.colcon_core.package_identification:_identify(src) by extension 'python_setup_py'
[0.147s] Level 1:colcon.colcon_core.package_identification:_identify(src/lidar) by extensions ['ignore', 'ignore_ament_install']
[0.147s] Level 1:colcon.colcon_core.package_identification:_identify(src/lidar) by extension 'ignore'
[0.147s] Level 1:colcon.colcon_core.package_identification:_identify(src/lidar) by extension 'ignore_ament_install'
[0.147s] Level 1:colcon.colcon_core.package_identification:_identify(src/lidar) by extensions ['colcon_pkg']
[0.147s] Level 1:colcon.colcon_core.package_identification:_identify(src/lidar) by extension 'colcon_pkg'
[0.147s] Level 1:colcon.colcon_core.package_identification:_identify(src/lidar) by extensions ['colcon_meta']
[0.147s] Level 1:colcon.colcon_core.package_identification:_identify(src/lidar) by extension 'colcon_meta'
[0.147s] Level 1:colcon.colcon_core.package_identification:_identify(src/lidar) by extensions ['ros']
[0.147s] Level 1:colcon.colcon_core.package_identification:_identify(src/lidar) by extension 'ros'
[0.147s] Level 1:colcon.colcon_core.package_identification:_identify(src/lidar) by extensions ['cmake', 'python']
[0.147s] Level 1:colcon.colcon_core.package_identification:_identify(src/lidar) by extension 'cmake'
[0.147s] Level 1:colcon.colcon_core.package_identification:_identify(src/lidar) by extension 'python'
[0.147s] Level 1:colcon.colcon_core.package_identification:_identify(src/lidar) by extensions ['python_setup_py']
[0.147s] Level 1:colcon.colcon_core.package_identification:_identify(src/lidar) by extension 'python_setup_py'
[0.147s] Level 1:colcon.colcon_core.package_identification:_identify(src/lidar/cluster_filter) by extensions ['ignore', 'ignore_ament_install']
[0.147s] Level 1:colcon.colcon_core.package_identification:_identify(src/lidar/cluster_filter) by extension 'ignore'
[0.147s] Level 1:colcon.colcon_core.package_identification:_identify(src/lidar/cluster_filter) by extension 'ignore_ament_install'
[0.147s] Level 1:colcon.colcon_core.package_identification:_identify(src/lidar/cluster_filter) by extensions ['colcon_pkg']
[0.147s] Level 1:colcon.colcon_core.package_identification:_identify(src/lidar/cluster_filter) by extension 'colcon_pkg'
[0.147s] Level 1:colcon.colcon_core.package_identification:_identify(src/lidar/cluster_filter) by extensions ['colcon_meta']
[0.147s] Level 1:colcon.colcon_core.package_identification:_identify(src/lidar/cluster_filter) by extension 'colcon_meta'
[0.147s] Level 1:colcon.colcon_core.package_identification:_identify(src/lidar/cluster_filter) by extensions ['ros']
[0.147s] Level 1:colcon.colcon_core.package_identification:_identify(src/lidar/cluster_filter) by extension 'ros'
[0.149s] DEBUG:colcon.colcon_core.package_identification:Package 'src/lidar/cluster_filter' with type 'ros.ament_cmake' and name 'cluster_filter'
[0.149s] Level 1:colcon.colcon_core.package_identification:_identify(src/lidar/lidar_clustering) by extensions ['ignore', 'ignore_ament_install']
[0.150s] Level 1:colcon.colcon_core.package_identification:_identify(src/lidar/lidar_clustering) by extension 'ignore'
[0.150s] Level 1:colcon.colcon_core.package_identification:_identify(src/lidar/lidar_clustering) by extension 'ignore_ament_install'
[0.150s] Level 1:colcon.colcon_core.package_identification:_identify(src/lidar/lidar_clustering) by extensions ['colcon_pkg']
[0.150s] Level 1:colcon.colcon_core.package_identification:_identify(src/lidar/lidar_clustering) by extension 'colcon_pkg'
[0.150s] Level 1:colcon.colcon_core.package_identification:_identify(src/lidar/lidar_clustering) by extensions ['colcon_meta']
[0.150s] Level 1:colcon.colcon_core.package_identification:_identify(src/lidar/lidar_clustering) by extension 'colcon_meta'
[0.150s] Level 1:colcon.colcon_core.package_identification:_identify(src/lidar/lidar_clustering) by extensions ['ros']
[0.150s] Level 1:colcon.colcon_core.package_identification:_identify(src/lidar/lidar_clustering) by extension 'ros'
[0.152s] DEBUG:colcon.colcon_core.package_identification:Package 'src/lidar/lidar_clustering' with type 'ros.ament_cmake' and name 'lidar_clustering'
[0.152s] Level 1:colcon.colcon_core.package_identification:_identify(src/lidar/lidar_interfaces) by extensions ['ignore', 'ignore_ament_install']
[0.152s] Level 1:colcon.colcon_core.package_identification:_identify(src/lidar/lidar_interfaces) by extension 'ignore'
[0.152s] Level 1:colcon.colcon_core.package_identification:_identify(src/lidar/lidar_interfaces) by extension 'ignore_ament_install'
[0.153s] Level 1:colcon.colcon_core.package_identification:_identify(src/lidar/lidar_interfaces) by extensions ['colcon_pkg']
[0.153s] Level 1:colcon.colcon_core.package_identification:_identify(src/lidar/lidar_interfaces) by extension 'colcon_pkg'
[0.153s] Level 1:colcon.colcon_core.package_identification:_identify(src/lidar/lidar_interfaces) by extensions ['colcon_meta']
[0.153s] Level 1:colcon.colcon_core.package_identification:_identify(src/lidar/lidar_interfaces) by extension 'colcon_meta'
[0.153s] Level 1:colcon.colcon_core.package_identification:_identify(src/lidar/lidar_interfaces) by extensions ['ros']
[0.153s] Level 1:colcon.colcon_core.package_identification:_identify(src/lidar/lidar_interfaces) by extension 'ros'
[0.153s] DEBUG:colcon.colcon_core.package_identification:Package 'src/lidar/lidar_interfaces' with type 'ros.ament_cmake' and name 'lidar_interfaces'
[0.153s] Level 1:colcon.colcon_core.package_identification:_identify(src/lidar/lidar_tracking) by extensions ['ignore', 'ignore_ament_install']
[0.153s] Level 1:colcon.colcon_core.package_identification:_identify(src/lidar/lidar_tracking) by extension 'ignore'
[0.153s] Level 1:colcon.colcon_core.package_identification:_identify(src/lidar/lidar_tracking) by extension 'ignore_ament_install'
[0.153s] Level 1:colcon.colcon_core.package_identification:_identify(src/lidar/lidar_tracking) by extensions ['colcon_pkg']
[0.153s] Level 1:colcon.colcon_core.package_identification:_identify(src/lidar/lidar_tracking) by extension 'colcon_pkg'
[0.153s] Level 1:colcon.colcon_core.package_identification:_identify(src/lidar/lidar_tracking) by extensions ['colcon_meta']
[0.153s] Level 1:colcon.colcon_core.package_identification:_identify(src/lidar/lidar_tracking) by extension 'colcon_meta'
[0.153s] Level 1:colcon.colcon_core.package_identification:_identify(src/lidar/lidar_tracking) by extensions ['ros']
[0.153s] Level 1:colcon.colcon_core.package_identification:_identify(src/lidar/lidar_tracking) by extension 'ros'
[0.154s] DEBUG:colcon.colcon_core.package_identification:Package 'src/lidar/lidar_tracking' with type 'ros.ament_cmake' and name 'lidar_tracking'
[0.154s] Level 1:colcon.colcon_core.package_identification:_identify(src/lidar/lidar_voxel_grid) by extensions ['ignore', 'ignore_ament_install']
[0.154s] Level 1:colcon.colcon_core.package_identification:_identify(src/lidar/lidar_voxel_grid) by extension 'ignore'
[0.154s] Level 1:colcon.colcon_core.package_identification:_identify(src/lidar/lidar_voxel_grid) by extension 'ignore_ament_install'
[0.154s] Level 1:colcon.colcon_core.package_identification:_identify(src/lidar/lidar_voxel_grid) by extensions ['colcon_pkg']
[0.154s] Level 1:colcon.colcon_core.package_identification:_identify(src/lidar/lidar_voxel_grid) by extension 'colcon_pkg'
[0.154s] Level 1:colcon.colcon_core.package_identification:_identify(src/lidar/lidar_voxel_grid) by extensions ['colcon_meta']
[0.154s] Level 1:colcon.colcon_core.package_identification:_identify(src/lidar/lidar_voxel_grid) by extension 'colcon_meta'
[0.154s] Level 1:colcon.colcon_core.package_identification:_identify(src/lidar/lidar_voxel_grid) by extensions ['ros']
[0.154s] Level 1:colcon.colcon_core.package_identification:_identify(src/lidar/lidar_voxel_grid) by extension 'ros'
[0.154s] DEBUG:colcon.colcon_core.package_identification:Package 'src/lidar/lidar_voxel_grid' with type 'ros.ament_cmake' and name 'lidar_voxel_grid'
[0.154s] Level 1:colcon.colcon_core.package_identification:_identify(src/lidar/patchwork-plusplus) by extensions ['ignore', 'ignore_ament_install']
[0.155s] Level 1:colcon.colcon_core.package_identification:_identify(src/lidar/patchwork-plusplus) by extension 'ignore'
[0.155s] Level 1:colcon.colcon_core.package_identification:_identify(src/lidar/patchwork-plusplus) by extension 'ignore_ament_install'
[0.155s] Level 1:colcon.colcon_core.package_identification:_identify(src/lidar/patchwork-plusplus) by extensions ['colcon_pkg']
[0.155s] Level 1:colcon.colcon_core.package_identification:_identify(src/lidar/patchwork-plusplus) by extension 'colcon_pkg'
[0.155s] Level 1:colcon.colcon_core.package_identification:_identify(src/lidar/patchwork-plusplus) by extensions ['colcon_meta']
[0.155s] Level 1:colcon.colcon_core.package_identification:_identify(src/lidar/patchwork-plusplus) by extension 'colcon_meta'
[0.155s] Level 1:colcon.colcon_core.package_identification:_identify(src/lidar/patchwork-plusplus) by extensions ['ros']
[0.155s] Level 1:colcon.colcon_core.package_identification:_identify(src/lidar/patchwork-plusplus) by extension 'ros'
[0.155s] Level 1:colcon.colcon_core.package_identification:_identify(src/lidar/patchwork-plusplus) by extensions ['cmake', 'python']
[0.155s] Level 1:colcon.colcon_core.package_identification:_identify(src/lidar/patchwork-plusplus) by extension 'cmake'
[0.155s] Level 1:colcon.colcon_core.package_identification:_identify(src/lidar/patchwork-plusplus) by extension 'python'
[0.155s] Level 1:colcon.colcon_core.package_identification:_identify(src/lidar/patchwork-plusplus) by extensions ['python_setup_py']
[0.155s] Level 1:colcon.colcon_core.package_identification:_identify(src/lidar/patchwork-plusplus) by extension 'python_setup_py'
[0.155s] Level 1:colcon.colcon_core.package_identification:_identify(src/lidar/patchwork-plusplus/cpp) by extensions ['ignore', 'ignore_ament_install']
[0.155s] Level 1:colcon.colcon_core.package_identification:_identify(src/lidar/patchwork-plusplus/cpp) by extension 'ignore'
[0.155s] Level 1:colcon.colcon_core.package_identification:_identify(src/lidar/patchwork-plusplus/cpp) ignored
[0.155s] Level 1:colcon.colcon_core.package_identification:_identify(src/lidar/patchwork-plusplus/data) by extensions ['ignore', 'ignore_ament_install']
[0.155s] Level 1:colcon.colcon_core.package_identification:_identify(src/lidar/patchwork-plusplus/data) by extension 'ignore'
[0.155s] Level 1:colcon.colcon_core.package_identification:_identify(src/lidar/patchwork-plusplus/data) by extension 'ignore_ament_install'
[0.155s] Level 1:colcon.colcon_core.package_identification:_identify(src/lidar/patchwork-plusplus/data) by extensions ['colcon_pkg']
[0.155s] Level 1:colcon.colcon_core.package_identification:_identify(src/lidar/patchwork-plusplus/data) by extension 'colcon_pkg'
[0.155s] Level 1:colcon.colcon_core.package_identification:_identify(src/lidar/patchwork-plusplus/data) by extensions ['colcon_meta']
[0.155s] Level 1:colcon.colcon_core.package_identification:_identify(src/lidar/patchwork-plusplus/data) by extension 'colcon_meta'
[0.155s] Level 1:colcon.colcon_core.package_identification:_identify(src/lidar/patchwork-plusplus/data) by extensions ['ros']
[0.155s] Level 1:colcon.colcon_core.package_identification:_identify(src/lidar/patchwork-plusplus/data) by extension 'ros'
[0.155s] Level 1:colcon.colcon_core.package_identification:_identify(src/lidar/patchwork-plusplus/data) by extensions ['cmake', 'python']
[0.155s] Level 1:colcon.colcon_core.package_identification:_identify(src/lidar/patchwork-plusplus/data) by extension 'cmake'
[0.155s] Level 1:colcon.colcon_core.package_identification:_identify(src/lidar/patchwork-plusplus/data) by extension 'python'
[0.155s] Level 1:colcon.colcon_core.package_identification:_identify(src/lidar/patchwork-plusplus/data) by extensions ['python_setup_py']
[0.155s] Level 1:colcon.colcon_core.package_identification:_identify(src/lidar/patchwork-plusplus/data) by extension 'python_setup_py'
[0.155s] Level 1:colcon.colcon_core.package_identification:_identify(src/lidar/patchwork-plusplus/pictures) by extensions ['ignore', 'ignore_ament_install']
[0.155s] Level 1:colcon.colcon_core.package_identification:_identify(src/lidar/patchwork-plusplus/pictures) by extension 'ignore'
[0.155s] Level 1:colcon.colcon_core.package_identification:_identify(src/lidar/patchwork-plusplus/pictures) by extension 'ignore_ament_install'
[0.155s] Level 1:colcon.colcon_core.package_identification:_identify(src/lidar/patchwork-plusplus/pictures) by extensions ['colcon_pkg']
[0.155s] Level 1:colcon.colcon_core.package_identification:_identify(src/lidar/patchwork-plusplus/pictures) by extension 'colcon_pkg'
[0.155s] Level 1:colcon.colcon_core.package_identification:_identify(src/lidar/patchwork-plusplus/pictures) by extensions ['colcon_meta']
[0.155s] Level 1:colcon.colcon_core.package_identification:_identify(src/lidar/patchwork-plusplus/pictures) by extension 'colcon_meta'
[0.155s] Level 1:colcon.colcon_core.package_identification:_identify(src/lidar/patchwork-plusplus/pictures) by extensions ['ros']
[0.155s] Level 1:colcon.colcon_core.package_identification:_identify(src/lidar/patchwork-plusplus/pictures) by extension 'ros'
[0.155s] Level 1:colcon.colcon_core.package_identification:_identify(src/lidar/patchwork-plusplus/pictures) by extensions ['cmake', 'python']
[0.156s] Level 1:colcon.colcon_core.package_identification:_identify(src/lidar/patchwork-plusplus/pictures) by extension 'cmake'
[0.156s] Level 1:colcon.colcon_core.package_identification:_identify(src/lidar/patchwork-plusplus/pictures) by extension 'python'
[0.156s] Level 1:colcon.colcon_core.package_identification:_identify(src/lidar/patchwork-plusplus/pictures) by extensions ['python_setup_py']
[0.156s] Level 1:colcon.colcon_core.package_identification:_identify(src/lidar/patchwork-plusplus/pictures) by extension 'python_setup_py'
[0.156s] Level 1:colcon.colcon_core.package_identification:_identify(src/lidar/patchwork-plusplus/python) by extensions ['ignore', 'ignore_ament_install']
[0.156s] Level 1:colcon.colcon_core.package_identification:_identify(src/lidar/patchwork-plusplus/python) by extension 'ignore'
[0.156s] Level 1:colcon.colcon_core.package_identification:_identify(src/lidar/patchwork-plusplus/python) ignored
[0.156s] Level 1:colcon.colcon_core.package_identification:_identify(src/lidar/patchwork-plusplus/ros) by extensions ['ignore', 'ignore_ament_install']
[0.156s] Level 1:colcon.colcon_core.package_identification:_identify(src/lidar/patchwork-plusplus/ros) by extension 'ignore'
[0.156s] Level 1:colcon.colcon_core.package_identification:_identify(src/lidar/patchwork-plusplus/ros) by extension 'ignore_ament_install'
[0.156s] Level 1:colcon.colcon_core.package_identification:_identify(src/lidar/patchwork-plusplus/ros) by extensions ['colcon_pkg']
[0.156s] Level 1:colcon.colcon_core.package_identification:_identify(src/lidar/patchwork-plusplus/ros) by extension 'colcon_pkg'
[0.156s] Level 1:colcon.colcon_core.package_identification:_identify(src/lidar/patchwork-plusplus/ros) by extensions ['colcon_meta']
[0.156s] Level 1:colcon.colcon_core.package_identification:_identify(src/lidar/patchwork-plusplus/ros) by extension 'colcon_meta'
[0.156s] Level 1:colcon.colcon_core.package_identification:_identify(src/lidar/patchwork-plusplus/ros) by extensions ['ros']
[0.156s] Level 1:colcon.colcon_core.package_identification:_identify(src/lidar/patchwork-plusplus/ros) by extension 'ros'
[0.156s] DEBUG:colcon.colcon_core.package_identification:Package 'src/lidar/patchwork-plusplus/ros' with type 'ros.ament_cmake' and name 'patchworkpp'
[0.157s] Level 1:colcon.colcon_core.package_identification:_identify(src/lidar/patchwork-plusplus/scripts) by extensions ['ignore', 'ignore_ament_install']
[0.157s] Level 1:colcon.colcon_core.package_identification:_identify(src/lidar/patchwork-plusplus/scripts) by extension 'ignore'
[0.157s] Level 1:colcon.colcon_core.package_identification:_identify(src/lidar/patchwork-plusplus/scripts) by extension 'ignore_ament_install'
[0.157s] Level 1:colcon.colcon_core.package_identification:_identify(src/lidar/patchwork-plusplus/scripts) by extensions ['colcon_pkg']
[0.157s] Level 1:colcon.colcon_core.package_identification:_identify(src/lidar/patchwork-plusplus/scripts) by extension 'colcon_pkg'
[0.157s] Level 1:colcon.colcon_core.package_identification:_identify(src/lidar/patchwork-plusplus/scripts) by extensions ['colcon_meta']
[0.157s] Level 1:colcon.colcon_core.package_identification:_identify(src/lidar/patchwork-plusplus/scripts) by extension 'colcon_meta'
[0.157s] Level 1:colcon.colcon_core.package_identification:_identify(src/lidar/patchwork-plusplus/scripts) by extensions ['ros']
[0.157s] Level 1:colcon.colcon_core.package_identification:_identify(src/lidar/patchwork-plusplus/scripts) by extension 'ros'
[0.157s] Level 1:colcon.colcon_core.package_identification:_identify(src/lidar/patchwork-plusplus/scripts) by extensions ['cmake', 'python']
[0.157s] Level 1:colcon.colcon_core.package_identification:_identify(src/lidar/patchwork-plusplus/scripts) by extension 'cmake'
[0.157s] Level 1:colcon.colcon_core.package_identification:_identify(src/lidar/patchwork-plusplus/scripts) by extension 'python'
[0.157s] Level 1:colcon.colcon_core.package_identification:_identify(src/lidar/patchwork-plusplus/scripts) by extensions ['python_setup_py']
[0.157s] Level 1:colcon.colcon_core.package_identification:_identify(src/lidar/patchwork-plusplus/scripts) by extension 'python_setup_py'
[0.157s] Level 1:colcon.colcon_core.package_identification:_identify(src/lidar/velodyne) by extensions ['ignore', 'ignore_ament_install']
[0.157s] Level 1:colcon.colcon_core.package_identification:_identify(src/lidar/velodyne) by extension 'ignore'
[0.157s] Level 1:colcon.colcon_core.package_identification:_identify(src/lidar/velodyne) by extension 'ignore_ament_install'
[0.157s] Level 1:colcon.colcon_core.package_identification:_identify(src/lidar/velodyne) by extensions ['colcon_pkg']
[0.157s] Level 1:colcon.colcon_core.package_identification:_identify(src/lidar/velodyne) by extension 'colcon_pkg'
[0.157s] Level 1:colcon.colcon_core.package_identification:_identify(src/lidar/velodyne) by extensions ['colcon_meta']
[0.157s] Level 1:colcon.colcon_core.package_identification:_identify(src/lidar/velodyne) by extension 'colcon_meta'
[0.157s] Level 1:colcon.colcon_core.package_identification:_identify(src/lidar/velodyne) by extensions ['ros']
[0.157s] Level 1:colcon.colcon_core.package_identification:_identify(src/lidar/velodyne) by extension 'ros'
[0.166s] DEBUG:colcon.colcon_core.package_identification:Package 'src/lidar/velodyne' with type 'ros.ament_cmake' and name 'velodyne'
[0.166s] Level 1:colcon.colcon_core.package_identification:_identify(src/lidar/velodyne_cropbox) by extensions ['ignore', 'ignore_ament_install']
[0.166s] Level 1:colcon.colcon_core.package_identification:_identify(src/lidar/velodyne_cropbox) by extension 'ignore'
[0.166s] Level 1:colcon.colcon_core.package_identification:_identify(src/lidar/velodyne_cropbox) by extension 'ignore_ament_install'
[0.166s] Level 1:colcon.colcon_core.package_identification:_identify(src/lidar/velodyne_cropbox) by extensions ['colcon_pkg']
[0.166s] Level 1:colcon.colcon_core.package_identification:_identify(src/lidar/velodyne_cropbox) by extension 'colcon_pkg'
[0.166s] Level 1:colcon.colcon_core.package_identification:_identify(src/lidar/velodyne_cropbox) by extensions ['colcon_meta']
[0.166s] Level 1:colcon.colcon_core.package_identification:_identify(src/lidar/velodyne_cropbox) by extension 'colcon_meta'
[0.166s] Level 1:colcon.colcon_core.package_identification:_identify(src/lidar/velodyne_cropbox) by extensions ['ros']
[0.166s] Level 1:colcon.colcon_core.package_identification:_identify(src/lidar/velodyne_cropbox) by extension 'ros'
[0.166s] DEBUG:colcon.colcon_core.package_identification:Package 'src/lidar/velodyne_cropbox' with type 'ros.ament_cmake' and name 'velodyne_cropbox'
[0.166s] Level 1:colcon.colcon_core.package_identification:_identify(src/lidar/velodyne_driver) by extensions ['ignore', 'ignore_ament_install']
[0.166s] Level 1:colcon.colcon_core.package_identification:_identify(src/lidar/velodyne_driver) by extension 'ignore'
[0.166s] Level 1:colcon.colcon_core.package_identification:_identify(src/lidar/velodyne_driver) by extension 'ignore_ament_install'
[0.166s] Level 1:colcon.colcon_core.package_identification:_identify(src/lidar/velodyne_driver) by extensions ['colcon_pkg']
[0.167s] Level 1:colcon.colcon_core.package_identification:_identify(src/lidar/velodyne_driver) by extension 'colcon_pkg'
[0.167s] Level 1:colcon.colcon_core.package_identification:_identify(src/lidar/velodyne_driver) by extensions ['colcon_meta']
[0.167s] Level 1:colcon.colcon_core.package_identification:_identify(src/lidar/velodyne_driver) by extension 'colcon_meta'
[0.167s] Level 1:colcon.colcon_core.package_identification:_identify(src/lidar/velodyne_driver) by extensions ['ros']
[0.167s] Level 1:colcon.colcon_core.package_identification:_identify(src/lidar/velodyne_driver) by extension 'ros'
[0.167s] DEBUG:colcon.colcon_core.package_identification:Package 'src/lidar/velodyne_driver' with type 'ros.ament_cmake' and name 'velodyne_driver'
[0.167s] Level 1:colcon.colcon_core.package_identification:_identify(src/lidar/velodyne_laserscan) by extensions ['ignore', 'ignore_ament_install']
[0.167s] Level 1:colcon.colcon_core.package_identification:_identify(src/lidar/velodyne_laserscan) by extension 'ignore'
[0.167s] Level 1:colcon.colcon_core.package_identification:_identify(src/lidar/velodyne_laserscan) by extension 'ignore_ament_install'
[0.167s] Level 1:colcon.colcon_core.package_identification:_identify(src/lidar/velodyne_laserscan) by extensions ['colcon_pkg']
[0.167s] Level 1:colcon.colcon_core.package_identification:_identify(src/lidar/velodyne_laserscan) by extension 'colcon_pkg'
[0.167s] Level 1:colcon.colcon_core.package_identification:_identify(src/lidar/velodyne_laserscan) by extensions ['colcon_meta']
[0.167s] Level 1:colcon.colcon_core.package_identification:_identify(src/lidar/velodyne_laserscan) by extension 'colcon_meta'
[0.167s] Level 1:colcon.colcon_core.package_identification:_identify(src/lidar/velodyne_laserscan) by extensions ['ros']
[0.167s] Level 1:colcon.colcon_core.package_identification:_identify(src/lidar/velodyne_laserscan) by extension 'ros'
[0.168s] DEBUG:colcon.colcon_core.package_identification:Package 'src/lidar/velodyne_laserscan' with type 'ros.ament_cmake' and name 'velodyne_laserscan'
[0.168s] Level 1:colcon.colcon_core.package_identification:_identify(src/lidar/velodyne_msgs) by extensions ['ignore', 'ignore_ament_install']
[0.168s] Level 1:colcon.colcon_core.package_identification:_identify(src/lidar/velodyne_msgs) by extension 'ignore'
[0.168s] Level 1:colcon.colcon_core.package_identification:_identify(src/lidar/velodyne_msgs) by extension 'ignore_ament_install'
[0.168s] Level 1:colcon.colcon_core.package_identification:_identify(src/lidar/velodyne_msgs) by extensions ['colcon_pkg']
[0.168s] Level 1:colcon.colcon_core.package_identification:_identify(src/lidar/velodyne_msgs) by extension 'colcon_pkg'
[0.168s] Level 1:colcon.colcon_core.package_identification:_identify(src/lidar/velodyne_msgs) by extensions ['colcon_meta']
[0.168s] Level 1:colcon.colcon_core.package_identification:_identify(src/lidar/velodyne_msgs) by extension 'colcon_meta'
[0.168s] Level 1:colcon.colcon_core.package_identification:_identify(src/lidar/velodyne_msgs) by extensions ['ros']
[0.168s] Level 1:colcon.colcon_core.package_identification:_identify(src/lidar/velodyne_msgs) by extension 'ros'
[0.168s] DEBUG:colcon.colcon_core.package_identification:Package 'src/lidar/velodyne_msgs' with type 'ros.ament_cmake' and name 'velodyne_msgs'
[0.168s] Level 1:colcon.colcon_core.package_identification:_identify(src/lidar/velodyne_pointcloud) by extensions ['ignore', 'ignore_ament_install']
[0.168s] Level 1:colcon.colcon_core.package_identification:_identify(src/lidar/velodyne_pointcloud) by extension 'ignore'
[0.168s] Level 1:colcon.colcon_core.package_identification:_identify(src/lidar/velodyne_pointcloud) by extension 'ignore_ament_install'
[0.168s] Level 1:colcon.colcon_core.package_identification:_identify(src/lidar/velodyne_pointcloud) by extensions ['colcon_pkg']
[0.168s] Level 1:colcon.colcon_core.package_identification:_identify(src/lidar/velodyne_pointcloud) by extension 'colcon_pkg'
[0.168s] Level 1:colcon.colcon_core.package_identification:_identify(src/lidar/velodyne_pointcloud) by extensions ['colcon_meta']
[0.168s] Level 1:colcon.colcon_core.package_identification:_identify(src/lidar/velodyne_pointcloud) by extension 'colcon_meta'
[0.168s] Level 1:colcon.colcon_core.package_identification:_identify(src/lidar/velodyne_pointcloud) by extensions ['ros']
[0.169s] Level 1:colcon.colcon_core.package_identification:_identify(src/lidar/velodyne_pointcloud) by extension 'ros'
[0.169s] DEBUG:colcon.colcon_core.package_identification:Package 'src/lidar/velodyne_pointcloud' with type 'ros.ament_cmake' and name 'velodyne_pointcloud'
[0.169s] Level 1:colcon.colcon_core.package_identification:_identify(src/lidar_launch) by extensions ['ignore', 'ignore_ament_install']
[0.169s] Level 1:colcon.colcon_core.package_identification:_identify(src/lidar_launch) by extension 'ignore'
[0.169s] Level 1:colcon.colcon_core.package_identification:_identify(src/lidar_launch) by extension 'ignore_ament_install'
[0.169s] Level 1:colcon.colcon_core.package_identification:_identify(src/lidar_launch) by extensions ['colcon_pkg']
[0.169s] Level 1:colcon.colcon_core.package_identification:_identify(src/lidar_launch) by extension 'colcon_pkg'
[0.169s] Level 1:colcon.colcon_core.package_identification:_identify(src/lidar_launch) by extensions ['colcon_meta']
[0.169s] Level 1:colcon.colcon_core.package_identification:_identify(src/lidar_launch) by extension 'colcon_meta'
[0.169s] Level 1:colcon.colcon_core.package_identification:_identify(src/lidar_launch) by extensions ['ros']
[0.169s] Level 1:colcon.colcon_core.package_identification:_identify(src/lidar_launch) by extension 'ros'
[0.170s] DEBUG:colcon.colcon_core.package_identification:Package 'src/lidar_launch' with type 'ros.ament_cmake' and name 'lidar_launch'
[0.170s] Level 1:colcon.colcon_core.package_discovery:discover_packages(recursive) using defaults
[0.170s] Level 1:colcon.colcon_core.package_discovery:discover_packages(ignore) discover
[0.170s] Level 1:colcon.colcon_core.package_discovery:discover_packages(ignore) using defaults
[0.170s] Level 1:colcon.colcon_core.package_discovery:discover_packages(path) discover
[0.170s] Level 1:colcon.colcon_core.package_discovery:discover_packages(path) using defaults
[0.183s] Level 1:colcon.colcon_core.package_discovery:discover_packages(prefix_path) check parameters
[0.183s] Level 1:colcon.colcon_core.package_discovery:discover_packages(prefix_path) discover
[0.184s] DEBUG:colcon.colcon_installed_package_information.package_discovery:Found 13 installed packages in /home/aiv/ev_ws/perception/install
[0.184s] DEBUG:colcon.colcon_installed_package_information.package_discovery:Found 1 installed packages in /home/aiv/ev_ws/carsa_gazebo/install
[0.185s] DEBUG:colcon.colcon_installed_package_information.package_discovery:Found 7 installed packages in /home/aiv/ev_ws/erp42_ros/install
[0.185s] DEBUG:colcon.colcon_installed_package_information.package_discovery:Found 302 installed packages in /opt/ros/humble
[0.187s] Level 1:colcon.colcon_core.package_discovery:discover_packages(prefix_path) using defaults
[0.206s] Level 5:colcon.colcon_core.verb:set package 'lidar_clustering' build argument 'cmake_args' from command line to 'None'
[0.207s] Level 5:colcon.colcon_core.verb:set package 'lidar_clustering' build argument 'cmake_target' from command line to 'None'
[0.207s] Level 5:colcon.colcon_core.verb:set package 'lidar_clustering' build argument 'cmake_target_skip_unavailable' from command line to 'False'
[0.207s] Level 5:colcon.colcon_core.verb:set package 'lidar_clustering' build argument 'cmake_clean_cache' from command line to 'False'
[0.207s] Level 5:colcon.colcon_core.verb:set package 'lidar_clustering' build argument 'cmake_clean_first' from command line to 'False'
[0.207s] Level 5:colcon.colcon_core.verb:set package 'lidar_clustering' build argument 'cmake_force_configure' from command line to 'False'
[0.207s] Level 5:colcon.colcon_core.verb:set package 'lidar_clustering' build argument 'ament_cmake_args' from command line to 'None'
[0.207s] Level 5:colcon.colcon_core.verb:set package 'lidar_clustering' build argument 'catkin_cmake_args' from command line to 'None'
[0.207s] Level 5:colcon.colcon_core.verb:set package 'lidar_clustering' build argument 'catkin_skip_building_tests' from command line to 'False'
[0.207s] DEBUG:colcon.colcon_core.verb:Building package 'lidar_clustering' with the following arguments: {'ament_cmake_args': None, 'build_base': '/home/aiv/ev_ws/perception/build/lidar_clustering', 'catkin_cmake_args': None, 'catkin_skip_building_tests': False, 'cmake_args': None, 'cmake_clean_cache': False, 'cmake_clean_first': False, 'cmake_force_configure': False, 'cmake_target': None, 'cmake_target_skip_unavailable': False, 'install_base': '/home/aiv/ev_ws/perception/install/lidar_clustering', 'merge_install': False, 'path': '/home/aiv/ev_ws/perception/src/lidar/lidar_clustering', 'symlink_install': False, 'test_result_base': None}
[0.207s] Level 5:colcon.colcon_core.verb:set package 'lidar_interfaces' build argument 'cmake_args' from command line to 'None'
[0.207s] Level 5:colcon.colcon_core.verb:set package 'lidar_interfaces' build argument 'cmake_target' from command line to 'None'
[0.207s] Level 5:colcon.colcon_core.verb:set package 'lidar_interfaces' build argument 'cmake_target_skip_unavailable' from command line to 'False'
[0.207s] Level 5:colcon.colcon_core.verb:set package 'lidar_interfaces' build argument 'cmake_clean_cache' from command line to 'False'
[0.207s] Level 5:colcon.colcon_core.verb:set package 'lidar_interfaces' build argument 'cmake_clean_first' from command line to 'False'
[0.207s] Level 5:colcon.colcon_core.verb:set package 'lidar_interfaces' build argument 'cmake_force_configure' from command line to 'False'
[0.207s] Level 5:colcon.colcon_core.verb:set package 'lidar_interfaces' build argument 'ament_cmake_args' from command line to 'None'
[0.207s] Level 5:colcon.colcon_core.verb:set package 'lidar_interfaces' build argument 'catkin_cmake_args' from command line to 'None'
[0.207s] Level 5:colcon.colcon_core.verb:set package 'lidar_interfaces' build argument 'catkin_skip_building_tests' from command line to 'False'
[0.207s] DEBUG:colcon.colcon_core.verb:Building package 'lidar_interfaces' with the following arguments: {'ament_cmake_args': None, 'build_base': '/home/aiv/ev_ws/perception/build/lidar_interfaces', 'catkin_cmake_args': None, 'catkin_skip_building_tests': False, 'cmake_args': None, 'cmake_clean_cache': False, 'cmake_clean_first': False, 'cmake_force_configure': False, 'cmake_target': None, 'cmake_target_skip_unavailable': False, 'install_base': '/home/aiv/ev_ws/perception/install/lidar_interfaces', 'merge_install': False, 'path': '/home/aiv/ev_ws/perception/src/lidar/lidar_interfaces', 'symlink_install': False, 'test_result_base': None}
[0.207s] Level 5:colcon.colcon_core.verb:set package 'lidar_voxel_grid' build argument 'cmake_args' from command line to 'None'
[0.207s] Level 5:colcon.colcon_core.verb:set package 'lidar_voxel_grid' build argument 'cmake_target' from command line to 'None'
[0.207s] Level 5:colcon.colcon_core.verb:set package 'lidar_voxel_grid' build argument 'cmake_target_skip_unavailable' from command line to 'False'
[0.207s] Level 5:colcon.colcon_core.verb:set package 'lidar_voxel_grid' build argument 'cmake_clean_cache' from command line to 'False'
[0.207s] Level 5:colcon.colcon_core.verb:set package 'lidar_voxel_grid' build argument 'cmake_clean_first' from command line to 'False'
[0.207s] Level 5:colcon.colcon_core.verb:set package 'lidar_voxel_grid' build argument 'cmake_force_configure' from command line to 'False'
[0.207s] Level 5:colcon.colcon_core.verb:set package 'lidar_voxel_grid' build argument 'ament_cmake_args' from command line to 'None'
[0.207s] Level 5:colcon.colcon_core.verb:set package 'lidar_voxel_grid' build argument 'catkin_cmake_args' from command line to 'None'
[0.207s] Level 5:colcon.colcon_core.verb:set package 'lidar_voxel_grid' build argument 'catkin_skip_building_tests' from command line to 'False'
[0.207s] DEBUG:colcon.colcon_core.verb:Building package 'lidar_voxel_grid' with the following arguments: {'ament_cmake_args': None, 'build_base': '/home/aiv/ev_ws/perception/build/lidar_voxel_grid', 'catkin_cmake_args': None, 'catkin_skip_building_tests': False, 'cmake_args': None, 'cmake_clean_cache': False, 'cmake_clean_first': False, 'cmake_force_configure': False, 'cmake_target': None, 'cmake_target_skip_unavailable': False, 'install_base': '/home/aiv/ev_ws/perception/install/lidar_voxel_grid', 'merge_install': False, 'path': '/home/aiv/ev_ws/perception/src/lidar/lidar_voxel_grid', 'symlink_install': False, 'test_result_base': None}
[0.207s] Level 5:colcon.colcon_core.verb:set package 'patchworkpp' build argument 'cmake_args' from command line to 'None'
[0.207s] Level 5:colcon.colcon_core.verb:set package 'patchworkpp' build argument 'cmake_target' from command line to 'None'
[0.207s] Level 5:colcon.colcon_core.verb:set package 'patchworkpp' build argument 'cmake_target_skip_unavailable' from command line to 'False'
[0.207s] Level 5:colcon.colcon_core.verb:set package 'patchworkpp' build argument 'cmake_clean_cache' from command line to 'False'
[0.207s] Level 5:colcon.colcon_core.verb:set package 'patchworkpp' build argument 'cmake_clean_first' from command line to 'False'
[0.207s] Level 5:colcon.colcon_core.verb:set package 'patchworkpp' build argument 'cmake_force_configure' from command line to 'False'
[0.207s] Level 5:colcon.colcon_core.verb:set package 'patchworkpp' build argument 'ament_cmake_args' from command line to 'None'
[0.207s] Level 5:colcon.colcon_core.verb:set package 'patchworkpp' build argument 'catkin_cmake_args' from command line to 'None'
[0.207s] Level 5:colcon.colcon_core.verb:set package 'patchworkpp' build argument 'catkin_skip_building_tests' from command line to 'False'
[0.207s] DEBUG:colcon.colcon_core.verb:Building package 'patchworkpp' with the following arguments: {'ament_cmake_args': None, 'build_base': '/home/aiv/ev_ws/perception/build/patchworkpp', 'catkin_cmake_args': None, 'catkin_skip_building_tests': False, 'cmake_args': None, 'cmake_clean_cache': False, 'cmake_clean_first': False, 'cmake_force_configure': False, 'cmake_target': None, 'cmake_target_skip_unavailable': False, 'install_base': '/home/aiv/ev_ws/perception/install/patchworkpp', 'merge_install': False, 'path': '/home/aiv/ev_ws/perception/src/lidar/patchwork-plusplus/ros', 'symlink_install': False, 'test_result_base': None}
[0.208s] Level 5:colcon.colcon_core.verb:set package 'velodyne_cropbox' build argument 'cmake_args' from command line to 'None'
[0.208s] Level 5:colcon.colcon_core.verb:set package 'velodyne_cropbox' build argument 'cmake_target' from command line to 'None'
[0.208s] Level 5:colcon.colcon_core.verb:set package 'velodyne_cropbox' build argument 'cmake_target_skip_unavailable' from command line to 'False'
[0.208s] Level 5:colcon.colcon_core.verb:set package 'velodyne_cropbox' build argument 'cmake_clean_cache' from command line to 'False'
[0.208s] Level 5:colcon.colcon_core.verb:set package 'velodyne_cropbox' build argument 'cmake_clean_first' from command line to 'False'
[0.208s] Level 5:colcon.colcon_core.verb:set package 'velodyne_cropbox' build argument 'cmake_force_configure' from command line to 'False'
[0.208s] Level 5:colcon.colcon_core.verb:set package 'velodyne_cropbox' build argument 'ament_cmake_args' from command line to 'None'
[0.208s] Level 5:colcon.colcon_core.verb:set package 'velodyne_cropbox' build argument 'catkin_cmake_args' from command line to 'None'
[0.208s] Level 5:colcon.colcon_core.verb:set package 'velodyne_cropbox' build argument 'catkin_skip_building_tests' from command line to 'False'
[0.208s] DEBUG:colcon.colcon_core.verb:Building package 'velodyne_cropbox' with the following arguments: {'ament_cmake_args': None, 'build_base': '/home/aiv/ev_ws/perception/build/velodyne_cropbox', 'catkin_cmake_args': None, 'catkin_skip_building_tests': False, 'cmake_args': None, 'cmake_clean_cache': False, 'cmake_clean_first': False, 'cmake_force_configure': False, 'cmake_target': None, 'cmake_target_skip_unavailable': False, 'install_base': '/home/aiv/ev_ws/perception/install/velodyne_cropbox', 'merge_install': False, 'path': '/home/aiv/ev_ws/perception/src/lidar/velodyne_cropbox', 'symlink_install': False, 'test_result_base': None}
[0.208s] Level 5:colcon.colcon_core.verb:set package 'velodyne_laserscan' build argument 'cmake_args' from command line to 'None'
[0.208s] Level 5:colcon.colcon_core.verb:set package 'velodyne_laserscan' build argument 'cmake_target' from command line to 'None'
[0.208s] Level 5:colcon.colcon_core.verb:set package 'velodyne_laserscan' build argument 'cmake_target_skip_unavailable' from command line to 'False'
[0.208s] Level 5:colcon.colcon_core.verb:set package 'velodyne_laserscan' build argument 'cmake_clean_cache' from command line to 'False'
[0.208s] Level 5:colcon.colcon_core.verb:set package 'velodyne_laserscan' build argument 'cmake_clean_first' from command line to 'False'
[0.208s] Level 5:colcon.colcon_core.verb:set package 'velodyne_laserscan' build argument 'cmake_force_configure' from command line to 'False'
[0.208s] Level 5:colcon.colcon_core.verb:set package 'velodyne_laserscan' build argument 'ament_cmake_args' from command line to 'None'
[0.208s] Level 5:colcon.colcon_core.verb:set package 'velodyne_laserscan' build argument 'catkin_cmake_args' from command line to 'None'
[0.208s] Level 5:colcon.colcon_core.verb:set package 'velodyne_laserscan' build argument 'catkin_skip_building_tests' from command line to 'False'
[0.208s] DEBUG:colcon.colcon_core.verb:Building package 'velodyne_laserscan' with the following arguments: {'ament_cmake_args': None, 'build_base': '/home/aiv/ev_ws/perception/build/velodyne_laserscan', 'catkin_cmake_args': None, 'catkin_skip_building_tests': False, 'cmake_args': None, 'cmake_clean_cache': False, 'cmake_clean_first': False, 'cmake_force_configure': False, 'cmake_target': None, 'cmake_target_skip_unavailable': False, 'install_base': '/home/aiv/ev_ws/perception/install/velodyne_laserscan', 'merge_install': False, 'path': '/home/aiv/ev_ws/perception/src/lidar/velodyne_laserscan', 'symlink_install': False, 'test_result_base': None}
[0.208s] Level 5:colcon.colcon_core.verb:set package 'velodyne_msgs' build argument 'cmake_args' from command line to 'None'
[0.208s] Level 5:colcon.colcon_core.verb:set package 'velodyne_msgs' build argument 'cmake_target' from command line to 'None'
[0.208s] Level 5:colcon.colcon_core.verb:set package 'velodyne_msgs' build argument 'cmake_target_skip_unavailable' from command line to 'False'
[0.208s] Level 5:colcon.colcon_core.verb:set package 'velodyne_msgs' build argument 'cmake_clean_cache' from command line to 'False'
[0.208s] Level 5:colcon.colcon_core.verb:set package 'velodyne_msgs' build argument 'cmake_clean_first' from command line to 'False'
[0.208s] Level 5:colcon.colcon_core.verb:set package 'velodyne_msgs' build argument 'cmake_force_configure' from command line to 'False'
[0.208s] Level 5:colcon.colcon_core.verb:set package 'velodyne_msgs' build argument 'ament_cmake_args' from command line to 'None'
[0.208s] Level 5:colcon.colcon_core.verb:set package 'velodyne_msgs' build argument 'catkin_cmake_args' from command line to 'None'
[0.208s] Level 5:colcon.colcon_core.verb:set package 'velodyne_msgs' build argument 'catkin_skip_building_tests' from command line to 'False'
[0.208s] DEBUG:colcon.colcon_core.verb:Building package 'velodyne_msgs' with the following arguments: {'ament_cmake_args': None, 'build_base': '/home/aiv/ev_ws/perception/build/velodyne_msgs', 'catkin_cmake_args': None, 'catkin_skip_building_tests': False, 'cmake_args': None, 'cmake_clean_cache': False, 'cmake_clean_first': False, 'cmake_force_configure': False, 'cmake_target': None, 'cmake_target_skip_unavailable': False, 'install_base': '/home/aiv/ev_ws/perception/install/velodyne_msgs', 'merge_install': False, 'path': '/home/aiv/ev_ws/perception/src/lidar/velodyne_msgs', 'symlink_install': False, 'test_result_base': None}
[0.208s] Level 5:colcon.colcon_core.verb:set package 'cluster_filter' build argument 'cmake_args' from command line to 'None'
[0.208s] Level 5:colcon.colcon_core.verb:set package 'cluster_filter' build argument 'cmake_target' from command line to 'None'
[0.208s] Level 5:colcon.colcon_core.verb:set package 'cluster_filter' build argument 'cmake_target_skip_unavailable' from command line to 'False'
[0.208s] Level 5:colcon.colcon_core.verb:set package 'cluster_filter' build argument 'cmake_clean_cache' from command line to 'False'
[0.208s] Level 5:colcon.colcon_core.verb:set package 'cluster_filter' build argument 'cmake_clean_first' from command line to 'False'
[0.208s] Level 5:colcon.colcon_core.verb:set package 'cluster_filter' build argument 'cmake_force_configure' from command line to 'False'
[0.208s] Level 5:colcon.colcon_core.verb:set package 'cluster_filter' build argument 'ament_cmake_args' from command line to 'None'
[0.209s] Level 5:colcon.colcon_core.verb:set package 'cluster_filter' build argument 'catkin_cmake_args' from command line to 'None'
[0.209s] Level 5:colcon.colcon_core.verb:set package 'cluster_filter' build argument 'catkin_skip_building_tests' from command line to 'False'
[0.209s] DEBUG:colcon.colcon_core.verb:Building package 'cluster_filter' with the following arguments: {'ament_cmake_args': None, 'build_base': '/home/aiv/ev_ws/perception/build/cluster_filter', 'catkin_cmake_args': None, 'catkin_skip_building_tests': False, 'cmake_args': None, 'cmake_clean_cache': False, 'cmake_clean_first': False, 'cmake_force_configure': False, 'cmake_target': None, 'cmake_target_skip_unavailable': False, 'install_base': '/home/aiv/ev_ws/perception/install/cluster_filter', 'merge_install': False, 'path': '/home/aiv/ev_ws/perception/src/lidar/cluster_filter', 'symlink_install': False, 'test_result_base': None}
[0.209s] Level 5:colcon.colcon_core.verb:set package 'lidar_tracking' build argument 'cmake_args' from command line to 'None'
[0.209s] Level 5:colcon.colcon_core.verb:set package 'lidar_tracking' build argument 'cmake_target' from command line to 'None'
[0.209s] Level 5:colcon.colcon_core.verb:set package 'lidar_tracking' build argument 'cmake_target_skip_unavailable' from command line to 'False'
[0.209s] Level 5:colcon.colcon_core.verb:set package 'lidar_tracking' build argument 'cmake_clean_cache' from command line to 'False'
[0.209s] Level 5:colcon.colcon_core.verb:set package 'lidar_tracking' build argument 'cmake_clean_first' from command line to 'False'
[0.209s] Level 5:colcon.colcon_core.verb:set package 'lidar_tracking' build argument 'cmake_force_configure' from command line to 'False'
[0.209s] Level 5:colcon.colcon_core.verb:set package 'lidar_tracking' build argument 'ament_cmake_args' from command line to 'None'
[0.209s] Level 5:colcon.colcon_core.verb:set package 'lidar_tracking' build argument 'catkin_cmake_args' from command line to 'None'
[0.209s] Level 5:colcon.colcon_core.verb:set package 'lidar_tracking' build argument 'catkin_skip_building_tests' from command line to 'False'
[0.209s] DEBUG:colcon.colcon_core.verb:Building package 'lidar_tracking' with the following arguments: {'ament_cmake_args': None, 'build_base': '/home/aiv/ev_ws/perception/build/lidar_tracking', 'catkin_cmake_args': None, 'catkin_skip_building_tests': False, 'cmake_args': None, 'cmake_clean_cache': False, 'cmake_clean_first': False, 'cmake_force_configure': False, 'cmake_target': None, 'cmake_target_skip_unavailable': False, 'install_base': '/home/aiv/ev_ws/perception/install/lidar_tracking', 'merge_install': False, 'path': '/home/aiv/ev_ws/perception/src/lidar/lidar_tracking', 'symlink_install': False, 'test_result_base': None}
[0.209s] Level 5:colcon.colcon_core.verb:set package 'velodyne_driver' build argument 'cmake_args' from command line to 'None'
[0.209s] Level 5:colcon.colcon_core.verb:set package 'velodyne_driver' build argument 'cmake_target' from command line to 'None'
[0.209s] Level 5:colcon.colcon_core.verb:set package 'velodyne_driver' build argument 'cmake_target_skip_unavailable' from command line to 'False'
[0.209s] Level 5:colcon.colcon_core.verb:set package 'velodyne_driver' build argument 'cmake_clean_cache' from command line to 'False'
[0.209s] Level 5:colcon.colcon_core.verb:set package 'velodyne_driver' build argument 'cmake_clean_first' from command line to 'False'
[0.209s] Level 5:colcon.colcon_core.verb:set package 'velodyne_driver' build argument 'cmake_force_configure' from command line to 'False'
[0.209s] Level 5:colcon.colcon_core.verb:set package 'velodyne_driver' build argument 'ament_cmake_args' from command line to 'None'
[0.209s] Level 5:colcon.colcon_core.verb:set package 'velodyne_driver' build argument 'catkin_cmake_args' from command line to 'None'
[0.209s] Level 5:colcon.colcon_core.verb:set package 'velodyne_driver' build argument 'catkin_skip_building_tests' from command line to 'False'
[0.209s] DEBUG:colcon.colcon_core.verb:Building package 'velodyne_driver' with the following arguments: {'ament_cmake_args': None, 'build_base': '/home/aiv/ev_ws/perception/build/velodyne_driver', 'catkin_cmake_args': None, 'catkin_skip_building_tests': False, 'cmake_args': None, 'cmake_clean_cache': False, 'cmake_clean_first': False, 'cmake_force_configure': False, 'cmake_target': None, 'cmake_target_skip_unavailable': False, 'install_base': '/home/aiv/ev_ws/perception/install/velodyne_driver', 'merge_install': False, 'path': '/home/aiv/ev_ws/perception/src/lidar/velodyne_driver', 'symlink_install': False, 'test_result_base': None}
[0.209s] Level 5:colcon.colcon_core.verb:set package 'velodyne_pointcloud' build argument 'cmake_args' from command line to 'None'
[0.209s] Level 5:colcon.colcon_core.verb:set package 'velodyne_pointcloud' build argument 'cmake_target' from command line to 'None'
[0.209s] Level 5:colcon.colcon_core.verb:set package 'velodyne_pointcloud' build argument 'cmake_target_skip_unavailable' from command line to 'False'
[0.209s] Level 5:colcon.colcon_core.verb:set package 'velodyne_pointcloud' build argument 'cmake_clean_cache' from command line to 'False'
[0.209s] Level 5:colcon.colcon_core.verb:set package 'velodyne_pointcloud' build argument 'cmake_clean_first' from command line to 'False'
[0.209s] Level 5:colcon.colcon_core.verb:set package 'velodyne_pointcloud' build argument 'cmake_force_configure' from command line to 'False'
[0.209s] Level 5:colcon.colcon_core.verb:set package 'velodyne_pointcloud' build argument 'ament_cmake_args' from command line to 'None'
[0.209s] Level 5:colcon.colcon_core.verb:set package 'velodyne_pointcloud' build argument 'catkin_cmake_args' from command line to 'None'
[0.209s] Level 5:colcon.colcon_core.verb:set package 'velodyne_pointcloud' build argument 'catkin_skip_building_tests' from command line to 'False'
[0.209s] DEBUG:colcon.colcon_core.verb:Building package 'velodyne_pointcloud' with the following arguments: {'ament_cmake_args': None, 'build_base': '/home/aiv/ev_ws/perception/build/velodyne_pointcloud', 'catkin_cmake_args': None, 'catkin_skip_building_tests': False, 'cmake_args': None, 'cmake_clean_cache': False, 'cmake_clean_first': False, 'cmake_force_configure': False, 'cmake_target': None, 'cmake_target_skip_unavailable': False, 'install_base': '/home/aiv/ev_ws/perception/install/velodyne_pointcloud', 'merge_install': False, 'path': '/home/aiv/ev_ws/perception/src/lidar/velodyne_pointcloud', 'symlink_install': False, 'test_result_base': None}
[0.209s] Level 5:colcon.colcon_core.verb:set package 'lidar_launch' build argument 'cmake_args' from command line to 'None'
[0.210s] Level 5:colcon.colcon_core.verb:set package 'lidar_launch' build argument 'cmake_target' from command line to 'None'
[0.210s] Level 5:colcon.colcon_core.verb:set package 'lidar_launch' build argument 'cmake_target_skip_unavailable' from command line to 'False'
[0.210s] Level 5:colcon.colcon_core.verb:set package 'lidar_launch' build argument 'cmake_clean_cache' from command line to 'False'
[0.210s] Level 5:colcon.colcon_core.verb:set package 'lidar_launch' build argument 'cmake_clean_first' from command line to 'False'
[0.210s] Level 5:colcon.colcon_core.verb:set package 'lidar_launch' build argument 'cmake_force_configure' from command line to 'False'
[0.210s] Level 5:colcon.colcon_core.verb:set package 'lidar_launch' build argument 'ament_cmake_args' from command line to 'None'
[0.210s] Level 5:colcon.colcon_core.verb:set package 'lidar_launch' build argument 'catkin_cmake_args' from command line to 'None'
[0.210s] Level 5:colcon.colcon_core.verb:set package 'lidar_launch' build argument 'catkin_skip_building_tests' from command line to 'False'
[0.210s] DEBUG:colcon.colcon_core.verb:Building package 'lidar_launch' with the following arguments: {'ament_cmake_args': None, 'build_base': '/home/aiv/ev_ws/perception/build/lidar_launch', 'catkin_cmake_args': None, 'catkin_skip_building_tests': False, 'cmake_args': None, 'cmake_clean_cache': False, 'cmake_clean_first': False, 'cmake_force_configure': False, 'cmake_target': None, 'cmake_target_skip_unavailable': False, 'install_base': '/home/aiv/ev_ws/perception/install/lidar_launch', 'merge_install': False, 'path': '/home/aiv/ev_ws/perception/src/lidar_launch', 'symlink_install': False, 'test_result_base': None}
[0.210s] Level 5:colcon.colcon_core.verb:set package 'velodyne' build argument 'cmake_args' from command line to 'None'
[0.210s] Level 5:colcon.colcon_core.verb:set package 'velodyne' build argument 'cmake_target' from command line to 'None'
[0.210s] Level 5:colcon.colcon_core.verb:set package 'velodyne' build argument 'cmake_target_skip_unavailable' from command line to 'False'
[0.210s] Level 5:colcon.colcon_core.verb:set package 'velodyne' build argument 'cmake_clean_cache' from command line to 'False'
[0.210s] Level 5:colcon.colcon_core.verb:set package 'velodyne' build argument 'cmake_clean_first' from command line to 'False'
[0.210s] Level 5:colcon.colcon_core.verb:set package 'velodyne' build argument 'cmake_force_configure' from command line to 'False'
[0.210s] Level 5:colcon.colcon_core.verb:set package 'velodyne' build argument 'ament_cmake_args' from command line to 'None'
[0.210s] Level 5:colcon.colcon_core.verb:set package 'velodyne' build argument 'catkin_cmake_args' from command line to 'None'
[0.210s] Level 5:colcon.colcon_core.verb:set package 'velodyne' build argument 'catkin_skip_building_tests' from command line to 'False'
[0.210s] DEBUG:colcon.colcon_core.verb:Building package 'velodyne' with the following arguments: {'ament_cmake_args': None, 'build_base': '/home/aiv/ev_ws/perception/build/velodyne', 'catkin_cmake_args': None, 'catkin_skip_building_tests': False, 'cmake_args': None, 'cmake_clean_cache': False, 'cmake_clean_first': False, 'cmake_force_configure': False, 'cmake_target': None, 'cmake_target_skip_unavailable': False, 'install_base': '/home/aiv/ev_ws/perception/install/velodyne', 'merge_install': False, 'path': '/home/aiv/ev_ws/perception/src/lidar/velodyne', 'symlink_install': False, 'test_result_base': None}
[0.210s] INFO:colcon.colcon_core.executor:Executing jobs using 'parallel' executor
[0.211s] DEBUG:colcon.colcon_parallel_executor.executor.parallel:run_until_complete
[0.211s] INFO:colcon.colcon_ros.task.ament_cmake.build:Building ROS package in '/home/aiv/ev_ws/perception/src/lidar/velodyne_msgs' with build type 'ament_cmake'
[0.211s] INFO:colcon.colcon_cmake.task.cmake.build:Building CMake package in '/home/aiv/ev_ws/perception/src/lidar/velodyne_msgs'
[0.212s] INFO:colcon.colcon_core.plugin_system:Skipping extension 'colcon_core.shell.bat': Not used on non-Windows systems
[0.212s] INFO:colcon.colcon_core.shell:Skip shell extension 'powershell' for command environment: Not usable outside of PowerShell
[0.212s] DEBUG:colcon.colcon_core.shell:Skip shell extension 'dsv' for command environment
[0.215s] INFO:colcon.colcon_ros.task.ament_cmake.build:Building ROS package in '/home/aiv/ev_ws/perception/src/lidar/lidar_interfaces' with build type 'ament_cmake'
[0.215s] INFO:colcon.colcon_cmake.task.cmake.build:Building CMake package in '/home/aiv/ev_ws/perception/src/lidar/lidar_interfaces'
[0.215s] INFO:colcon.colcon_core.shell:Skip shell extension 'powershell' for command environment: Not usable outside of PowerShell
[0.215s] DEBUG:colcon.colcon_core.shell:Skip shell extension 'dsv' for command environment
[0.217s] INFO:colcon.colcon_ros.task.ament_cmake.build:Building ROS package in '/home/aiv/ev_ws/perception/src/lidar/lidar_clustering' with build type 'ament_cmake'
[0.217s] INFO:colcon.colcon_cmake.task.cmake.build:Building CMake package in '/home/aiv/ev_ws/perception/src/lidar/lidar_clustering'
[0.218s] INFO:colcon.colcon_core.shell:Skip shell extension 'powershell' for command environment: Not usable outside of PowerShell
[0.218s] DEBUG:colcon.colcon_core.shell:Skip shell extension 'dsv' for command environment
[0.220s] INFO:colcon.colcon_ros.task.ament_cmake.build:Building ROS package in '/home/aiv/ev_ws/perception/src/lidar/lidar_voxel_grid' with build type 'ament_cmake'
[0.220s] INFO:colcon.colcon_cmake.task.cmake.build:Building CMake package in '/home/aiv/ev_ws/perception/src/lidar/lidar_voxel_grid'
[0.220s] INFO:colcon.colcon_core.shell:Skip shell extension 'powershell' for command environment: Not usable outside of PowerShell
[0.220s] DEBUG:colcon.colcon_core.shell:Skip shell extension 'dsv' for command environment
[0.222s] INFO:colcon.colcon_ros.task.ament_cmake.build:Building ROS package in '/home/aiv/ev_ws/perception/src/lidar/patchwork-plusplus/ros' with build type 'ament_cmake'
[0.223s] INFO:colcon.colcon_cmake.task.cmake.build:Building CMake package in '/home/aiv/ev_ws/perception/src/lidar/patchwork-plusplus/ros'
[0.223s] INFO:colcon.colcon_core.shell:Skip shell extension 'powershell' for command environment: Not usable outside of PowerShell
[0.223s] DEBUG:colcon.colcon_core.shell:Skip shell extension 'dsv' for command environment
[0.225s] INFO:colcon.colcon_ros.task.ament_cmake.build:Building ROS package in '/home/aiv/ev_ws/perception/src/lidar/velodyne_cropbox' with build type 'ament_cmake'
[0.225s] INFO:colcon.colcon_cmake.task.cmake.build:Building CMake package in '/home/aiv/ev_ws/perception/src/lidar/velodyne_cropbox'
[0.225s] INFO:colcon.colcon_core.shell:Skip shell extension 'powershell' for command environment: Not usable outside of PowerShell
[0.225s] DEBUG:colcon.colcon_core.shell:Skip shell extension 'dsv' for command environment
[0.227s] INFO:colcon.colcon_ros.task.ament_cmake.build:Building ROS package in '/home/aiv/ev_ws/perception/src/lidar/velodyne_laserscan' with build type 'ament_cmake'
[0.227s] INFO:colcon.colcon_cmake.task.cmake.build:Building CMake package in '/home/aiv/ev_ws/perception/src/lidar/velodyne_laserscan'
[0.227s] INFO:colcon.colcon_core.shell:Skip shell extension 'powershell' for command environment: Not usable outside of PowerShell
[0.227s] DEBUG:colcon.colcon_core.shell:Skip shell extension 'dsv' for command environment
[0.232s] DEBUG:colcon.colcon_core.event_handler.log_command:Invoking command in '/home/aiv/ev_ws/perception/build/velodyne_msgs': CMAKE_PREFIX_PATH=${CMAKE_PREFIX_PATH}:/opt/ros/humble /usr/bin/cmake --build /home/aiv/ev_ws/perception/build/velodyne_msgs -- -j28 -l28
[0.234s] DEBUG:colcon.colcon_core.event_handler.log_command:Invoking command in '/home/aiv/ev_ws/perception/build/lidar_interfaces': CMAKE_PREFIX_PATH=${CMAKE_PREFIX_PATH}:/opt/ros/humble /usr/bin/cmake --build /home/aiv/ev_ws/perception/build/lidar_interfaces -- -j28 -l28
[0.235s] DEBUG:colcon.colcon_core.event_handler.log_command:Invoking command in '/home/aiv/ev_ws/perception/build/lidar_clustering': CMAKE_PREFIX_PATH=${CMAKE_PREFIX_PATH}:/opt/ros/humble /usr/bin/cmake --build /home/aiv/ev_ws/perception/build/lidar_clustering -- -j28 -l28
[0.237s] DEBUG:colcon.colcon_core.event_handler.log_command:Invoking command in '/home/aiv/ev_ws/perception/build/lidar_voxel_grid': CMAKE_PREFIX_PATH=${CMAKE_PREFIX_PATH}:/opt/ros/humble /usr/bin/cmake --build /home/aiv/ev_ws/perception/build/lidar_voxel_grid -- -j28 -l28
[0.238s] DEBUG:colcon.colcon_core.event_handler.log_command:Invoking command in '/home/aiv/ev_ws/perception/build/patchworkpp': CMAKE_PREFIX_PATH=${CMAKE_PREFIX_PATH}:/opt/ros/humble /usr/bin/cmake --build /home/aiv/ev_ws/perception/build/patchworkpp -- -j28 -l28
[0.241s] DEBUG:colcon.colcon_core.event_handler.log_command:Invoking command in '/home/aiv/ev_ws/perception/build/velodyne_cropbox': CMAKE_PREFIX_PATH=${CMAKE_PREFIX_PATH}:/opt/ros/humble /usr/bin/cmake --build /home/aiv/ev_ws/perception/build/velodyne_cropbox -- -j28 -l28
[0.243s] DEBUG:colcon.colcon_core.event_handler.log_command:Invoking command in '/home/aiv/ev_ws/perception/build/velodyne_laserscan': CMAKE_PREFIX_PATH=${CMAKE_PREFIX_PATH}:/opt/ros/humble /usr/bin/cmake --build /home/aiv/ev_ws/perception/build/velodyne_laserscan -- -j28 -l28
[0.290s] DEBUG:colcon.colcon_core.event_handler.log_command:Invoked command in '/home/aiv/ev_ws/perception/build/velodyne_cropbox' returned '0': CMAKE_PREFIX_PATH=${CMAKE_PREFIX_PATH}:/opt/ros/humble /usr/bin/cmake --build /home/aiv/ev_ws/perception/build/velodyne_cropbox -- -j28 -l28
[0.298s] DEBUG:colcon.colcon_core.event_handler.log_command:Invoking command in '/home/aiv/ev_ws/perception/build/velodyne_cropbox': CMAKE_PREFIX_PATH=${CMAKE_PREFIX_PATH}:/opt/ros/humble /usr/bin/cmake --install /home/aiv/ev_ws/perception/build/velodyne_cropbox
[0.299s] DEBUG:colcon.colcon_core.event_handler.log_command:Invoked command in '/home/aiv/ev_ws/perception/build/lidar_voxel_grid' returned '0': CMAKE_PREFIX_PATH=${CMAKE_PREFIX_PATH}:/opt/ros/humble /usr/bin/cmake --build /home/aiv/ev_ws/perception/build/lidar_voxel_grid -- -j28 -l28
[0.300s] DEBUG:colcon.colcon_core.event_handler.log_command:Invoking command in '/home/aiv/ev_ws/perception/build/lidar_voxel_grid': CMAKE_PREFIX_PATH=${CMAKE_PREFIX_PATH}:/opt/ros/humble /usr/bin/cmake --install /home/aiv/ev_ws/perception/build/lidar_voxel_grid
[0.302s] DEBUG:colcon.colcon_core.event_handler.log_command:Invoked command in '/home/aiv/ev_ws/perception/build/lidar_clustering' returned '0': CMAKE_PREFIX_PATH=${CMAKE_PREFIX_PATH}:/opt/ros/humble /usr/bin/cmake --build /home/aiv/ev_ws/perception/build/lidar_clustering -- -j28 -l28
[0.303s] DEBUG:colcon.colcon_core.event_handler.log_command:Invoking command in '/home/aiv/ev_ws/perception/build/lidar_clustering': CMAKE_PREFIX_PATH=${CMAKE_PREFIX_PATH}:/opt/ros/humble /usr/bin/cmake --install /home/aiv/ev_ws/perception/build/lidar_clustering
[0.306s] Level 1:colcon.colcon_core.environment:create_environment_scripts_only(velodyne_cropbox)
[0.308s] DEBUG:colcon.colcon_core.event_handler.log_command:Invoked command in '/home/aiv/ev_ws/perception/build/velodyne_cropbox' returned '0': CMAKE_PREFIX_PATH=${CMAKE_PREFIX_PATH}:/opt/ros/humble /usr/bin/cmake --install /home/aiv/ev_ws/perception/build/velodyne_cropbox
[0.312s] Level 1:colcon.colcon_core.environment:checking '/home/aiv/ev_ws/perception/install/velodyne_cropbox' for CMake module files
[0.312s] Level 1:colcon.colcon_core.environment:checking '/home/aiv/ev_ws/perception/install/velodyne_cropbox' for CMake config files
[0.312s] Level 1:colcon.colcon_core.shell:create_environment_hook('velodyne_cropbox', 'cmake_prefix_path')
[0.313s] INFO:colcon.colcon_core.shell:Creating environment hook '/home/aiv/ev_ws/perception/install/velodyne_cropbox/share/velodyne_cropbox/hook/cmake_prefix_path.ps1'
[0.313s] INFO:colcon.colcon_core.shell:Creating environment descriptor '/home/aiv/ev_ws/perception/install/velodyne_cropbox/share/velodyne_cropbox/hook/cmake_prefix_path.dsv'
[0.314s] INFO:colcon.colcon_core.shell:Creating environment hook '/home/aiv/ev_ws/perception/install/velodyne_cropbox/share/velodyne_cropbox/hook/cmake_prefix_path.sh'
[0.315s] Level 1:colcon.colcon_core.environment:checking '/home/aiv/ev_ws/perception/install/velodyne_cropbox/lib'
[0.315s] Level 1:colcon.colcon_core.shell:create_environment_hook('velodyne_cropbox', 'ld_library_path_lib')
[0.315s] INFO:colcon.colcon_core.shell:Creating environment hook '/home/aiv/ev_ws/perception/install/velodyne_cropbox/share/velodyne_cropbox/hook/ld_library_path_lib.ps1'
[0.315s] INFO:colcon.colcon_core.shell:Creating environment descriptor '/home/aiv/ev_ws/perception/install/velodyne_cropbox/share/velodyne_cropbox/hook/ld_library_path_lib.dsv'
[0.316s] INFO:colcon.colcon_core.shell:Creating environment hook '/home/aiv/ev_ws/perception/install/velodyne_cropbox/share/velodyne_cropbox/hook/ld_library_path_lib.sh'
[0.316s] Level 1:colcon.colcon_core.environment:checking '/home/aiv/ev_ws/perception/install/velodyne_cropbox/bin'
[0.316s] Level 1:colcon.colcon_core.environment:checking '/home/aiv/ev_ws/perception/install/velodyne_cropbox/lib/pkgconfig/velodyne_cropbox.pc'
[0.316s] Level 1:colcon.colcon_core.environment:checking '/home/aiv/ev_ws/perception/install/velodyne_cropbox/lib/python3.10/site-packages'
[0.317s] Level 1:colcon.colcon_core.environment:checking '/home/aiv/ev_ws/perception/install/velodyne_cropbox/bin'
[0.317s] INFO:colcon.colcon_core.shell:Creating package script '/home/aiv/ev_ws/perception/install/velodyne_cropbox/share/velodyne_cropbox/package.ps1'
[0.318s] INFO:colcon.colcon_core.shell:Creating package descriptor '/home/aiv/ev_ws/perception/install/velodyne_cropbox/share/velodyne_cropbox/package.dsv'
[0.318s] INFO:colcon.colcon_core.shell:Creating package script '/home/aiv/ev_ws/perception/install/velodyne_cropbox/share/velodyne_cropbox/package.sh'
[0.319s] INFO:colcon.colcon_core.shell:Creating package script '/home/aiv/ev_ws/perception/install/velodyne_cropbox/share/velodyne_cropbox/package.bash'
[0.320s] INFO:colcon.colcon_core.shell:Creating package script '/home/aiv/ev_ws/perception/install/velodyne_cropbox/share/velodyne_cropbox/package.zsh'
[0.321s] Level 1:colcon.colcon_core.environment:create_file_with_runtime_dependencies(/home/aiv/ev_ws/perception/install/velodyne_cropbox/share/colcon-core/packages/velodyne_cropbox)
[0.321s] Level 1:colcon.colcon_core.environment:create_environment_scripts_only(velodyne_cropbox)
[0.322s] Level 1:colcon.colcon_core.environment:checking '/home/aiv/ev_ws/perception/install/velodyne_cropbox' for CMake module files
[0.322s] Level 1:colcon.colcon_core.environment:checking '/home/aiv/ev_ws/perception/install/velodyne_cropbox' for CMake config files
[0.322s] Level 1:colcon.colcon_core.shell:create_environment_hook('velodyne_cropbox', 'cmake_prefix_path')
[0.323s] INFO:colcon.colcon_core.shell:Creating environment hook '/home/aiv/ev_ws/perception/install/velodyne_cropbox/share/velodyne_cropbox/hook/cmake_prefix_path.ps1'
[0.323s] INFO:colcon.colcon_core.shell:Creating environment descriptor '/home/aiv/ev_ws/perception/install/velodyne_cropbox/share/velodyne_cropbox/hook/cmake_prefix_path.dsv'
[0.323s] INFO:colcon.colcon_core.shell:Creating environment hook '/home/aiv/ev_ws/perception/install/velodyne_cropbox/share/velodyne_cropbox/hook/cmake_prefix_path.sh'
[0.324s] Level 1:colcon.colcon_core.environment:checking '/home/aiv/ev_ws/perception/install/velodyne_cropbox/lib'
[0.324s] Level 1:colcon.colcon_core.shell:create_environment_hook('velodyne_cropbox', 'ld_library_path_lib')
[0.324s] INFO:colcon.colcon_core.shell:Creating environment hook '/home/aiv/ev_ws/perception/install/velodyne_cropbox/share/velodyne_cropbox/hook/ld_library_path_lib.ps1'
[0.324s] INFO:colcon.colcon_core.shell:Creating environment descriptor '/home/aiv/ev_ws/perception/install/velodyne_cropbox/share/velodyne_cropbox/hook/ld_library_path_lib.dsv'
[0.324s] INFO:colcon.colcon_core.shell:Creating environment hook '/home/aiv/ev_ws/perception/install/velodyne_cropbox/share/velodyne_cropbox/hook/ld_library_path_lib.sh'
[0.325s] Level 1:colcon.colcon_core.environment:checking '/home/aiv/ev_ws/perception/install/velodyne_cropbox/bin'
[0.325s] Level 1:colcon.colcon_core.environment:checking '/home/aiv/ev_ws/perception/install/velodyne_cropbox/lib/pkgconfig/velodyne_cropbox.pc'
[0.325s] Level 1:colcon.colcon_core.environment:checking '/home/aiv/ev_ws/perception/install/velodyne_cropbox/lib/python3.10/site-packages'
[0.325s] Level 1:colcon.colcon_core.environment:checking '/home/aiv/ev_ws/perception/install/velodyne_cropbox/bin'
[0.325s] INFO:colcon.colcon_core.shell:Creating package script '/home/aiv/ev_ws/perception/install/velodyne_cropbox/share/velodyne_cropbox/package.ps1'
[0.326s] INFO:colcon.colcon_core.shell:Creating package descriptor '/home/aiv/ev_ws/perception/install/velodyne_cropbox/share/velodyne_cropbox/package.dsv'
[0.326s] INFO:colcon.colcon_core.shell:Creating package script '/home/aiv/ev_ws/perception/install/velodyne_cropbox/share/velodyne_cropbox/package.sh'
[0.326s] INFO:colcon.colcon_core.shell:Creating package script '/home/aiv/ev_ws/perception/install/velodyne_cropbox/share/velodyne_cropbox/package.bash'
[0.326s] INFO:colcon.colcon_core.shell:Creating package script '/home/aiv/ev_ws/perception/install/velodyne_cropbox/share/velodyne_cropbox/package.zsh'
[0.326s] Level 1:colcon.colcon_core.environment:create_file_with_runtime_dependencies(/home/aiv/ev_ws/perception/install/velodyne_cropbox/share/colcon-core/packages/velodyne_cropbox)
[0.328s] DEBUG:colcon.colcon_core.event_handler.log_command:Invoked command in '/home/aiv/ev_ws/perception/build/velodyne_laserscan' returned '0': CMAKE_PREFIX_PATH=${CMAKE_PREFIX_PATH}:/opt/ros/humble /usr/bin/cmake --build /home/aiv/ev_ws/perception/build/velodyne_laserscan -- -j28 -l28
[0.329s] DEBUG:colcon.colcon_core.event_handler.log_command:Invoking command in '/home/aiv/ev_ws/perception/build/velodyne_laserscan': CMAKE_PREFIX_PATH=${CMAKE_PREFIX_PATH}:/opt/ros/humble /usr/bin/cmake --install /home/aiv/ev_ws/perception/build/velodyne_laserscan
[0.329s] Level 1:colcon.colcon_core.environment:create_environment_scripts_only(lidar_clustering)
[0.330s] Level 1:colcon.colcon_core.environment:checking '/home/aiv/ev_ws/perception/install/lidar_clustering' for CMake module files
[0.330s] DEBUG:colcon.colcon_core.event_handler.log_command:Invoked command in '/home/aiv/ev_ws/perception/build/lidar_clustering' returned '0': CMAKE_PREFIX_PATH=${CMAKE_PREFIX_PATH}:/opt/ros/humble /usr/bin/cmake --install /home/aiv/ev_ws/perception/build/lidar_clustering
[0.330s] Level 1:colcon.colcon_core.environment:checking '/home/aiv/ev_ws/perception/install/lidar_clustering' for CMake config files
[0.330s] Level 1:colcon.colcon_core.shell:create_environment_hook('lidar_clustering', 'cmake_prefix_path')
[0.331s] INFO:colcon.colcon_core.shell:Creating environment hook '/home/aiv/ev_ws/perception/install/lidar_clustering/share/lidar_clustering/hook/cmake_prefix_path.ps1'
[0.331s] INFO:colcon.colcon_core.shell:Creating environment descriptor '/home/aiv/ev_ws/perception/install/lidar_clustering/share/lidar_clustering/hook/cmake_prefix_path.dsv'
[0.331s] INFO:colcon.colcon_core.shell:Creating environment hook '/home/aiv/ev_ws/perception/install/lidar_clustering/share/lidar_clustering/hook/cmake_prefix_path.sh'
[0.331s] Level 1:colcon.colcon_core.environment:checking '/home/aiv/ev_ws/perception/install/lidar_clustering/lib'
[0.331s] Level 1:colcon.colcon_core.shell:create_environment_hook('lidar_clustering', 'ld_library_path_lib')
[0.332s] INFO:colcon.colcon_core.shell:Creating environment hook '/home/aiv/ev_ws/perception/install/lidar_clustering/share/lidar_clustering/hook/ld_library_path_lib.ps1'
[0.332s] INFO:colcon.colcon_core.shell:Creating environment descriptor '/home/aiv/ev_ws/perception/install/lidar_clustering/share/lidar_clustering/hook/ld_library_path_lib.dsv'
[0.332s] INFO:colcon.colcon_core.shell:Creating environment hook '/home/aiv/ev_ws/perception/install/lidar_clustering/share/lidar_clustering/hook/ld_library_path_lib.sh'
[0.332s] Level 1:colcon.colcon_core.environment:checking '/home/aiv/ev_ws/perception/install/lidar_clustering/bin'
[0.332s] Level 1:colcon.colcon_core.environment:checking '/home/aiv/ev_ws/perception/install/lidar_clustering/lib/pkgconfig/lidar_clustering.pc'
[0.332s] Level 1:colcon.colcon_core.environment:checking '/home/aiv/ev_ws/perception/install/lidar_clustering/lib/python3.10/site-packages'
[0.333s] Level 1:colcon.colcon_core.environment:checking '/home/aiv/ev_ws/perception/install/lidar_clustering/bin'
[0.333s] INFO:colcon.colcon_core.shell:Creating package script '/home/aiv/ev_ws/perception/install/lidar_clustering/share/lidar_clustering/package.ps1'
[0.333s] INFO:colcon.colcon_core.shell:Creating package descriptor '/home/aiv/ev_ws/perception/install/lidar_clustering/share/lidar_clustering/package.dsv'
[0.333s] INFO:colcon.colcon_core.shell:Creating package script '/home/aiv/ev_ws/perception/install/lidar_clustering/share/lidar_clustering/package.sh'
[0.334s] INFO:colcon.colcon_core.shell:Creating package script '/home/aiv/ev_ws/perception/install/lidar_clustering/share/lidar_clustering/package.bash'
[0.334s] INFO:colcon.colcon_core.shell:Creating package script '/home/aiv/ev_ws/perception/install/lidar_clustering/share/lidar_clustering/package.zsh'
[0.334s] Level 1:colcon.colcon_core.environment:create_file_with_runtime_dependencies(/home/aiv/ev_ws/perception/install/lidar_clustering/share/colcon-core/packages/lidar_clustering)
[0.334s] Level 1:colcon.colcon_core.environment:create_environment_scripts_only(lidar_clustering)
[0.334s] Level 1:colcon.colcon_core.environment:checking '/home/aiv/ev_ws/perception/install/lidar_clustering' for CMake module files
[0.335s] Level 1:colcon.colcon_core.environment:checking '/home/aiv/ev_ws/perception/install/lidar_clustering' for CMake config files
[0.335s] Level 1:colcon.colcon_core.shell:create_environment_hook('lidar_clustering', 'cmake_prefix_path')
[0.335s] INFO:colcon.colcon_core.shell:Creating environment hook '/home/aiv/ev_ws/perception/install/lidar_clustering/share/lidar_clustering/hook/cmake_prefix_path.ps1'
[0.335s] INFO:colcon.colcon_core.shell:Creating environment descriptor '/home/aiv/ev_ws/perception/install/lidar_clustering/share/lidar_clustering/hook/cmake_prefix_path.dsv'
[0.335s] INFO:colcon.colcon_core.shell:Creating environment hook '/home/aiv/ev_ws/perception/install/lidar_clustering/share/lidar_clustering/hook/cmake_prefix_path.sh'
[0.336s] Level 1:colcon.colcon_core.environment:checking '/home/aiv/ev_ws/perception/install/lidar_clustering/lib'
[0.336s] Level 1:colcon.colcon_core.shell:create_environment_hook('lidar_clustering', 'ld_library_path_lib')
[0.336s] INFO:colcon.colcon_core.shell:Creating environment hook '/home/aiv/ev_ws/perception/install/lidar_clustering/share/lidar_clustering/hook/ld_library_path_lib.ps1'
[0.336s] INFO:colcon.colcon_core.shell:Creating environment descriptor '/home/aiv/ev_ws/perception/install/lidar_clustering/share/lidar_clustering/hook/ld_library_path_lib.dsv'
[0.336s] INFO:colcon.colcon_core.shell:Creating environment hook '/home/aiv/ev_ws/perception/install/lidar_clustering/share/lidar_clustering/hook/ld_library_path_lib.sh'
[0.336s] Level 1:colcon.colcon_core.environment:checking '/home/aiv/ev_ws/perception/install/lidar_clustering/bin'
[0.336s] Level 1:colcon.colcon_core.environment:checking '/home/aiv/ev_ws/perception/install/lidar_clustering/lib/pkgconfig/lidar_clustering.pc'
[0.337s] Level 1:colcon.colcon_core.environment:checking '/home/aiv/ev_ws/perception/install/lidar_clustering/lib/python3.10/site-packages'
[0.337s] Level 1:colcon.colcon_core.environment:checking '/home/aiv/ev_ws/perception/install/lidar_clustering/bin'
[0.337s] INFO:colcon.colcon_core.shell:Creating package script '/home/aiv/ev_ws/perception/install/lidar_clustering/share/lidar_clustering/package.ps1'
[0.338s] INFO:colcon.colcon_core.shell:Creating package descriptor '/home/aiv/ev_ws/perception/install/lidar_clustering/share/lidar_clustering/package.dsv'
[0.339s] INFO:colcon.colcon_core.shell:Creating package script '/home/aiv/ev_ws/perception/install/lidar_clustering/share/lidar_clustering/package.sh'
[0.339s] INFO:colcon.colcon_core.shell:Creating package script '/home/aiv/ev_ws/perception/install/lidar_clustering/share/lidar_clustering/package.bash'
[0.340s] INFO:colcon.colcon_core.shell:Creating package script '/home/aiv/ev_ws/perception/install/lidar_clustering/share/lidar_clustering/package.zsh'
[0.340s] Level 1:colcon.colcon_core.environment:create_file_with_runtime_dependencies(/home/aiv/ev_ws/perception/install/lidar_clustering/share/colcon-core/packages/lidar_clustering)
[0.341s] Level 1:colcon.colcon_core.environment:create_environment_scripts_only(lidar_voxel_grid)
[0.341s] Level 1:colcon.colcon_core.environment:checking '/home/aiv/ev_ws/perception/install/lidar_voxel_grid' for CMake module files
[0.342s] DEBUG:colcon.colcon_core.event_handler.log_command:Invoked command in '/home/aiv/ev_ws/perception/build/lidar_voxel_grid' returned '0': CMAKE_PREFIX_PATH=${CMAKE_PREFIX_PATH}:/opt/ros/humble /usr/bin/cmake --install /home/aiv/ev_ws/perception/build/lidar_voxel_grid
[0.342s] Level 1:colcon.colcon_core.environment:checking '/home/aiv/ev_ws/perception/install/lidar_voxel_grid' for CMake config files
[0.343s] Level 1:colcon.colcon_core.shell:create_environment_hook('lidar_voxel_grid', 'cmake_prefix_path')
[0.343s] INFO:colcon.colcon_core.shell:Creating environment hook '/home/aiv/ev_ws/perception/install/lidar_voxel_grid/share/lidar_voxel_grid/hook/cmake_prefix_path.ps1'
[0.344s] INFO:colcon.colcon_core.shell:Creating environment descriptor '/home/aiv/ev_ws/perception/install/lidar_voxel_grid/share/lidar_voxel_grid/hook/cmake_prefix_path.dsv'
[0.344s] INFO:colcon.colcon_core.shell:Creating environment hook '/home/aiv/ev_ws/perception/install/lidar_voxel_grid/share/lidar_voxel_grid/hook/cmake_prefix_path.sh'
[0.344s] Level 1:colcon.colcon_core.environment:checking '/home/aiv/ev_ws/perception/install/lidar_voxel_grid/lib'
[0.344s] Level 1:colcon.colcon_core.shell:create_environment_hook('lidar_voxel_grid', 'ld_library_path_lib')
[0.344s] INFO:colcon.colcon_core.shell:Creating environment hook '/home/aiv/ev_ws/perception/install/lidar_voxel_grid/share/lidar_voxel_grid/hook/ld_library_path_lib.ps1'
[0.345s] INFO:colcon.colcon_core.shell:Creating environment descriptor '/home/aiv/ev_ws/perception/install/lidar_voxel_grid/share/lidar_voxel_grid/hook/ld_library_path_lib.dsv'
[0.345s] INFO:colcon.colcon_core.shell:Creating environment hook '/home/aiv/ev_ws/perception/install/lidar_voxel_grid/share/lidar_voxel_grid/hook/ld_library_path_lib.sh'
[0.345s] Level 1:colcon.colcon_core.environment:checking '/home/aiv/ev_ws/perception/install/lidar_voxel_grid/bin'
[0.345s] Level 1:colcon.colcon_core.environment:checking '/home/aiv/ev_ws/perception/install/lidar_voxel_grid/lib/pkgconfig/lidar_voxel_grid.pc'
[0.345s] Level 1:colcon.colcon_core.environment:checking '/home/aiv/ev_ws/perception/install/lidar_voxel_grid/lib/python3.10/site-packages'
[0.345s] Level 1:colcon.colcon_core.environment:checking '/home/aiv/ev_ws/perception/install/lidar_voxel_grid/bin'
[0.346s] INFO:colcon.colcon_core.shell:Creating package script '/home/aiv/ev_ws/perception/install/lidar_voxel_grid/share/lidar_voxel_grid/package.ps1'
[0.346s] INFO:colcon.colcon_core.shell:Creating package descriptor '/home/aiv/ev_ws/perception/install/lidar_voxel_grid/share/lidar_voxel_grid/package.dsv'
[0.346s] INFO:colcon.colcon_core.shell:Creating package script '/home/aiv/ev_ws/perception/install/lidar_voxel_grid/share/lidar_voxel_grid/package.sh'
[0.346s] INFO:colcon.colcon_core.shell:Creating package script '/home/aiv/ev_ws/perception/install/lidar_voxel_grid/share/lidar_voxel_grid/package.bash'
[0.346s] INFO:colcon.colcon_core.shell:Creating package script '/home/aiv/ev_ws/perception/install/lidar_voxel_grid/share/lidar_voxel_grid/package.zsh'
[0.347s] Level 1:colcon.colcon_core.environment:create_file_with_runtime_dependencies(/home/aiv/ev_ws/perception/install/lidar_voxel_grid/share/colcon-core/packages/lidar_voxel_grid)
[0.347s] Level 1:colcon.colcon_core.environment:create_environment_scripts_only(lidar_voxel_grid)
[0.347s] Level 1:colcon.colcon_core.environment:checking '/home/aiv/ev_ws/perception/install/lidar_voxel_grid' for CMake module files
[0.348s] Level 1:colcon.colcon_core.environment:checking '/home/aiv/ev_ws/perception/install/lidar_voxel_grid' for CMake config files
[0.348s] Level 1:colcon.colcon_core.shell:create_environment_hook('lidar_voxel_grid', 'cmake_prefix_path')
[0.348s] INFO:colcon.colcon_core.shell:Creating environment hook '/home/aiv/ev_ws/perception/install/lidar_voxel_grid/share/lidar_voxel_grid/hook/cmake_prefix_path.ps1'
[0.348s] INFO:colcon.colcon_core.shell:Creating environment descriptor '/home/aiv/ev_ws/perception/install/lidar_voxel_grid/share/lidar_voxel_grid/hook/cmake_prefix_path.dsv'
[0.348s] INFO:colcon.colcon_core.shell:Creating environment hook '/home/aiv/ev_ws/perception/install/lidar_voxel_grid/share/lidar_voxel_grid/hook/cmake_prefix_path.sh'
[0.349s] Level 1:colcon.colcon_core.environment:checking '/home/aiv/ev_ws/perception/install/lidar_voxel_grid/lib'
[0.349s] Level 1:colcon.colcon_core.shell:create_environment_hook('lidar_voxel_grid', 'ld_library_path_lib')
[0.349s] INFO:colcon.colcon_core.shell:Creating environment hook '/home/aiv/ev_ws/perception/install/lidar_voxel_grid/share/lidar_voxel_grid/hook/ld_library_path_lib.ps1'
[0.349s] INFO:colcon.colcon_core.shell:Creating environment descriptor '/home/aiv/ev_ws/perception/install/lidar_voxel_grid/share/lidar_voxel_grid/hook/ld_library_path_lib.dsv'
[0.349s] INFO:colcon.colcon_core.shell:Creating environment hook '/home/aiv/ev_ws/perception/install/lidar_voxel_grid/share/lidar_voxel_grid/hook/ld_library_path_lib.sh'
[0.350s] Level 1:colcon.colcon_core.environment:checking '/home/aiv/ev_ws/perception/install/lidar_voxel_grid/bin'
[0.350s] Level 1:colcon.colcon_core.environment:checking '/home/aiv/ev_ws/perception/install/lidar_voxel_grid/lib/pkgconfig/lidar_voxel_grid.pc'
[0.350s] Level 1:colcon.colcon_core.environment:checking '/home/aiv/ev_ws/perception/install/lidar_voxel_grid/lib/python3.10/site-packages'
[0.350s] Level 1:colcon.colcon_core.environment:checking '/home/aiv/ev_ws/perception/install/lidar_voxel_grid/bin'
[0.350s] INFO:colcon.colcon_core.shell:Creating package script '/home/aiv/ev_ws/perception/install/lidar_voxel_grid/share/lidar_voxel_grid/package.ps1'
[0.350s] INFO:colcon.colcon_core.shell:Creating package descriptor '/home/aiv/ev_ws/perception/install/lidar_voxel_grid/share/lidar_voxel_grid/package.dsv'
[0.351s] INFO:colcon.colcon_core.shell:Creating package script '/home/aiv/ev_ws/perception/install/lidar_voxel_grid/share/lidar_voxel_grid/package.sh'
[0.351s] INFO:colcon.colcon_core.shell:Creating package script '/home/aiv/ev_ws/perception/install/lidar_voxel_grid/share/lidar_voxel_grid/package.bash'
[0.351s] INFO:colcon.colcon_core.shell:Creating package script '/home/aiv/ev_ws/perception/install/lidar_voxel_grid/share/lidar_voxel_grid/package.zsh'
[0.351s] Level 1:colcon.colcon_core.environment:create_file_with_runtime_dependencies(/home/aiv/ev_ws/perception/install/lidar_voxel_grid/share/colcon-core/packages/lidar_voxel_grid)
[0.352s] Level 1:colcon.colcon_core.environment:create_environment_scripts_only(velodyne_laserscan)
[0.353s] Level 1:colcon.colcon_core.environment:checking '/home/aiv/ev_ws/perception/install/velodyne_laserscan' for CMake module files
[0.353s] DEBUG:colcon.colcon_core.event_handler.log_command:Invoked command in '/home/aiv/ev_ws/perception/build/velodyne_laserscan' returned '0': CMAKE_PREFIX_PATH=${CMAKE_PREFIX_PATH}:/opt/ros/humble /usr/bin/cmake --install /home/aiv/ev_ws/perception/build/velodyne_laserscan
[0.354s] Level 1:colcon.colcon_core.environment:checking '/home/aiv/ev_ws/perception/install/velodyne_laserscan' for CMake config files
[0.354s] Level 1:colcon.colcon_core.shell:create_environment_hook('velodyne_laserscan', 'cmake_prefix_path')
[0.354s] INFO:colcon.colcon_core.shell:Creating environment hook '/home/aiv/ev_ws/perception/install/velodyne_laserscan/share/velodyne_laserscan/hook/cmake_prefix_path.ps1'
[0.355s] INFO:colcon.colcon_core.shell:Creating environment descriptor '/home/aiv/ev_ws/perception/install/velodyne_laserscan/share/velodyne_laserscan/hook/cmake_prefix_path.dsv'
[0.355s] INFO:colcon.colcon_core.shell:Creating environment hook '/home/aiv/ev_ws/perception/install/velodyne_laserscan/share/velodyne_laserscan/hook/cmake_prefix_path.sh'
[0.355s] Level 1:colcon.colcon_core.environment:checking '/home/aiv/ev_ws/perception/install/velodyne_laserscan/lib'
[0.355s] Level 1:colcon.colcon_core.shell:create_environment_hook('velodyne_laserscan', 'ld_library_path_lib')
[0.355s] INFO:colcon.colcon_core.shell:Creating environment hook '/home/aiv/ev_ws/perception/install/velodyne_laserscan/share/velodyne_laserscan/hook/ld_library_path_lib.ps1'
[0.356s] INFO:colcon.colcon_core.shell:Creating environment descriptor '/home/aiv/ev_ws/perception/install/velodyne_laserscan/share/velodyne_laserscan/hook/ld_library_path_lib.dsv'
[0.356s] INFO:colcon.colcon_core.shell:Creating environment hook '/home/aiv/ev_ws/perception/install/velodyne_laserscan/share/velodyne_laserscan/hook/ld_library_path_lib.sh'
[0.356s] Level 1:colcon.colcon_core.environment:checking '/home/aiv/ev_ws/perception/install/velodyne_laserscan/bin'
[0.356s] Level 1:colcon.colcon_core.environment:checking '/home/aiv/ev_ws/perception/install/velodyne_laserscan/lib/pkgconfig/velodyne_laserscan.pc'
[0.357s] Level 1:colcon.colcon_core.environment:checking '/home/aiv/ev_ws/perception/install/velodyne_laserscan/lib/python3.10/site-packages'
[0.357s] Level 1:colcon.colcon_core.environment:checking '/home/aiv/ev_ws/perception/install/velodyne_laserscan/bin'
[0.357s] INFO:colcon.colcon_core.shell:Creating package script '/home/aiv/ev_ws/perception/install/velodyne_laserscan/share/velodyne_laserscan/package.ps1'
[0.357s] INFO:colcon.colcon_core.shell:Creating package descriptor '/home/aiv/ev_ws/perception/install/velodyne_laserscan/share/velodyne_laserscan/package.dsv'
[0.358s] INFO:colcon.colcon_core.shell:Creating package script '/home/aiv/ev_ws/perception/install/velodyne_laserscan/share/velodyne_laserscan/package.sh'
[0.358s] INFO:colcon.colcon_core.shell:Creating package script '/home/aiv/ev_ws/perception/install/velodyne_laserscan/share/velodyne_laserscan/package.bash'
[0.358s] INFO:colcon.colcon_core.shell:Creating package script '/home/aiv/ev_ws/perception/install/velodyne_laserscan/share/velodyne_laserscan/package.zsh'
[0.359s] Level 1:colcon.colcon_core.environment:create_file_with_runtime_dependencies(/home/aiv/ev_ws/perception/install/velodyne_laserscan/share/colcon-core/packages/velodyne_laserscan)
[0.359s] Level 1:colcon.colcon_core.environment:create_environment_scripts_only(velodyne_laserscan)
[0.359s] Level 1:colcon.colcon_core.environment:checking '/home/aiv/ev_ws/perception/install/velodyne_laserscan' for CMake module files
[0.360s] Level 1:colcon.colcon_core.environment:checking '/home/aiv/ev_ws/perception/install/velodyne_laserscan' for CMake config files
[0.360s] Level 1:colcon.colcon_core.shell:create_environment_hook('velodyne_laserscan', 'cmake_prefix_path')
[0.360s] INFO:colcon.colcon_core.shell:Creating environment hook '/home/aiv/ev_ws/perception/install/velodyne_laserscan/share/velodyne_laserscan/hook/cmake_prefix_path.ps1'
[0.360s] INFO:colcon.colcon_core.shell:Creating environment descriptor '/home/aiv/ev_ws/perception/install/velodyne_laserscan/share/velodyne_laserscan/hook/cmake_prefix_path.dsv'
[0.360s] INFO:colcon.colcon_core.shell:Creating environment hook '/home/aiv/ev_ws/perception/install/velodyne_laserscan/share/velodyne_laserscan/hook/cmake_prefix_path.sh'
[0.361s] Level 1:colcon.colcon_core.environment:checking '/home/aiv/ev_ws/perception/install/velodyne_laserscan/lib'
[0.361s] Level 1:colcon.colcon_core.shell:create_environment_hook('velodyne_laserscan', 'ld_library_path_lib')
[0.361s] INFO:colcon.colcon_core.shell:Creating environment hook '/home/aiv/ev_ws/perception/install/velodyne_laserscan/share/velodyne_laserscan/hook/ld_library_path_lib.ps1'
[0.361s] INFO:colcon.colcon_core.shell:Creating environment descriptor '/home/aiv/ev_ws/perception/install/velodyne_laserscan/share/velodyne_laserscan/hook/ld_library_path_lib.dsv'
[0.361s] INFO:colcon.colcon_core.shell:Creating environment hook '/home/aiv/ev_ws/perception/install/velodyne_laserscan/share/velodyne_laserscan/hook/ld_library_path_lib.sh'
[0.362s] Level 1:colcon.colcon_core.environment:checking '/home/aiv/ev_ws/perception/install/velodyne_laserscan/bin'
[0.362s] Level 1:colcon.colcon_core.environment:checking '/home/aiv/ev_ws/perception/install/velodyne_laserscan/lib/pkgconfig/velodyne_laserscan.pc'
[0.362s] Level 1:colcon.colcon_core.environment:checking '/home/aiv/ev_ws/perception/install/velodyne_laserscan/lib/python3.10/site-packages'
[0.362s] Level 1:colcon.colcon_core.environment:checking '/home/aiv/ev_ws/perception/install/velodyne_laserscan/bin'
[0.362s] INFO:colcon.colcon_core.shell:Creating package script '/home/aiv/ev_ws/perception/install/velodyne_laserscan/share/velodyne_laserscan/package.ps1'
[0.362s] INFO:colcon.colcon_core.shell:Creating package descriptor '/home/aiv/ev_ws/perception/install/velodyne_laserscan/share/velodyne_laserscan/package.dsv'
[0.363s] INFO:colcon.colcon_core.shell:Creating package script '/home/aiv/ev_ws/perception/install/velodyne_laserscan/share/velodyne_laserscan/package.sh'
[0.363s] INFO:colcon.colcon_core.shell:Creating package script '/home/aiv/ev_ws/perception/install/velodyne_laserscan/share/velodyne_laserscan/package.bash'
[0.363s] INFO:colcon.colcon_core.shell:Creating package script '/home/aiv/ev_ws/perception/install/velodyne_laserscan/share/velodyne_laserscan/package.zsh'
[0.363s] Level 1:colcon.colcon_core.environment:create_file_with_runtime_dependencies(/home/aiv/ev_ws/perception/install/velodyne_laserscan/share/colcon-core/packages/velodyne_laserscan)
[0.427s] DEBUG:colcon.colcon_core.event_handler.log_command:Invoked command in '/home/aiv/ev_ws/perception/build/patchworkpp' returned '0': CMAKE_PREFIX_PATH=${CMAKE_PREFIX_PATH}:/opt/ros/humble /usr/bin/cmake --build /home/aiv/ev_ws/perception/build/patchworkpp -- -j28 -l28
[0.430s] DEBUG:colcon.colcon_core.event_handler.log_command:Invoking command in '/home/aiv/ev_ws/perception/build/patchworkpp': CMAKE_PREFIX_PATH=${CMAKE_PREFIX_PATH}:/opt/ros/humble /usr/bin/cmake --install /home/aiv/ev_ws/perception/build/patchworkpp
[0.438s] Level 1:colcon.colcon_core.environment:create_environment_scripts_only(patchworkpp)
[0.438s] Level 1:colcon.colcon_core.environment:checking '/home/aiv/ev_ws/perception/install/patchworkpp' for CMake module files
[0.439s] DEBUG:colcon.colcon_core.event_handler.log_command:Invoked command in '/home/aiv/ev_ws/perception/build/patchworkpp' returned '0': CMAKE_PREFIX_PATH=${CMAKE_PREFIX_PATH}:/opt/ros/humble /usr/bin/cmake --install /home/aiv/ev_ws/perception/build/patchworkpp
[0.439s] Level 1:colcon.colcon_core.environment:checking '/home/aiv/ev_ws/perception/install/patchworkpp' for CMake config files
[0.439s] Level 1:colcon.colcon_core.shell:create_environment_hook('patchworkpp', 'cmake_prefix_path')
[0.439s] INFO:colcon.colcon_core.shell:Creating environment hook '/home/aiv/ev_ws/perception/install/patchworkpp/share/patchworkpp/hook/cmake_prefix_path.ps1'
[0.440s] INFO:colcon.colcon_core.shell:Creating environment descriptor '/home/aiv/ev_ws/perception/install/patchworkpp/share/patchworkpp/hook/cmake_prefix_path.dsv'
[0.440s] INFO:colcon.colcon_core.shell:Creating environment hook '/home/aiv/ev_ws/perception/install/patchworkpp/share/patchworkpp/hook/cmake_prefix_path.sh'
[0.440s] Level 1:colcon.colcon_core.environment:checking '/home/aiv/ev_ws/perception/install/patchworkpp/lib'
[0.440s] Level 1:colcon.colcon_core.shell:create_environment_hook('patchworkpp', 'ld_library_path_lib')
[0.440s] INFO:colcon.colcon_core.shell:Creating environment hook '/home/aiv/ev_ws/perception/install/patchworkpp/share/patchworkpp/hook/ld_library_path_lib.ps1'
[0.441s] INFO:colcon.colcon_core.shell:Creating environment descriptor '/home/aiv/ev_ws/perception/install/patchworkpp/share/patchworkpp/hook/ld_library_path_lib.dsv'
[0.441s] INFO:colcon.colcon_core.shell:Creating environment hook '/home/aiv/ev_ws/perception/install/patchworkpp/share/patchworkpp/hook/ld_library_path_lib.sh'
[0.441s] Level 1:colcon.colcon_core.environment:checking '/home/aiv/ev_ws/perception/install/patchworkpp/bin'
[0.441s] Level 1:colcon.colcon_core.environment:checking '/home/aiv/ev_ws/perception/install/patchworkpp/lib/pkgconfig/patchworkpp.pc'
[0.441s] Level 1:colcon.colcon_core.environment:checking '/home/aiv/ev_ws/perception/install/patchworkpp/lib/python3.10/site-packages'
[0.442s] Level 1:colcon.colcon_core.environment:checking '/home/aiv/ev_ws/perception/install/patchworkpp/bin'
[0.442s] INFO:colcon.colcon_core.shell:Creating package script '/home/aiv/ev_ws/perception/install/patchworkpp/share/patchworkpp/package.ps1'
[0.442s] INFO:colcon.colcon_core.shell:Creating package descriptor '/home/aiv/ev_ws/perception/install/patchworkpp/share/patchworkpp/package.dsv'
[0.442s] INFO:colcon.colcon_core.shell:Creating package script '/home/aiv/ev_ws/perception/install/patchworkpp/share/patchworkpp/package.sh'
[0.443s] INFO:colcon.colcon_core.shell:Creating package script '/home/aiv/ev_ws/perception/install/patchworkpp/share/patchworkpp/package.bash'
[0.443s] INFO:colcon.colcon_core.shell:Creating package script '/home/aiv/ev_ws/perception/install/patchworkpp/share/patchworkpp/package.zsh'
[0.444s] Level 1:colcon.colcon_core.environment:create_file_with_runtime_dependencies(/home/aiv/ev_ws/perception/install/patchworkpp/share/colcon-core/packages/patchworkpp)
[0.446s] Level 1:colcon.colcon_core.environment:create_environment_scripts_only(patchworkpp)
[0.447s] Level 1:colcon.colcon_core.environment:checking '/home/aiv/ev_ws/perception/install/patchworkpp' for CMake module files
[0.447s] Level 1:colcon.colcon_core.environment:checking '/home/aiv/ev_ws/perception/install/patchworkpp' for CMake config files
[0.447s] Level 1:colcon.colcon_core.shell:create_environment_hook('patchworkpp', 'cmake_prefix_path')
[0.447s] INFO:colcon.colcon_core.shell:Creating environment hook '/home/aiv/ev_ws/perception/install/patchworkpp/share/patchworkpp/hook/cmake_prefix_path.ps1'
[0.448s] INFO:colcon.colcon_core.shell:Creating environment descriptor '/home/aiv/ev_ws/perception/install/patchworkpp/share/patchworkpp/hook/cmake_prefix_path.dsv'
[0.448s] INFO:colcon.colcon_core.shell:Creating environment hook '/home/aiv/ev_ws/perception/install/patchworkpp/share/patchworkpp/hook/cmake_prefix_path.sh'
[0.448s] Level 1:colcon.colcon_core.environment:checking '/home/aiv/ev_ws/perception/install/patchworkpp/lib'
[0.448s] Level 1:colcon.colcon_core.shell:create_environment_hook('patchworkpp', 'ld_library_path_lib')
[0.448s] INFO:colcon.colcon_core.shell:Creating environment hook '/home/aiv/ev_ws/perception/install/patchworkpp/share/patchworkpp/hook/ld_library_path_lib.ps1'
[0.449s] INFO:colcon.colcon_core.shell:Creating environment descriptor '/home/aiv/ev_ws/perception/install/patchworkpp/share/patchworkpp/hook/ld_library_path_lib.dsv'
[0.449s] INFO:colcon.colcon_core.shell:Creating environment hook '/home/aiv/ev_ws/perception/install/patchworkpp/share/patchworkpp/hook/ld_library_path_lib.sh'
[0.449s] Level 1:colcon.colcon_core.environment:checking '/home/aiv/ev_ws/perception/install/patchworkpp/bin'
[0.449s] Level 1:colcon.colcon_core.environment:checking '/home/aiv/ev_ws/perception/install/patchworkpp/lib/pkgconfig/patchworkpp.pc'
[0.449s] Level 1:colcon.colcon_core.environment:checking '/home/aiv/ev_ws/perception/install/patchworkpp/lib/python3.10/site-packages'
[0.449s] Level 1:colcon.colcon_core.environment:checking '/home/aiv/ev_ws/perception/install/patchworkpp/bin'
[0.450s] INFO:colcon.colcon_core.shell:Creating package script '/home/aiv/ev_ws/perception/install/patchworkpp/share/patchworkpp/package.ps1'
[0.450s] INFO:colcon.colcon_core.shell:Creating package descriptor '/home/aiv/ev_ws/perception/install/patchworkpp/share/patchworkpp/package.dsv'
[0.450s] INFO:colcon.colcon_core.shell:Creating package script '/home/aiv/ev_ws/perception/install/patchworkpp/share/patchworkpp/package.sh'
[0.450s] INFO:colcon.colcon_core.shell:Creating package script '/home/aiv/ev_ws/perception/install/patchworkpp/share/patchworkpp/package.bash'
[0.451s] INFO:colcon.colcon_core.shell:Creating package script '/home/aiv/ev_ws/perception/install/patchworkpp/share/patchworkpp/package.zsh'
[0.451s] Level 1:colcon.colcon_core.environment:create_file_with_runtime_dependencies(/home/aiv/ev_ws/perception/install/patchworkpp/share/colcon-core/packages/patchworkpp)
[0.463s] DEBUG:colcon.colcon_core.event_handler.log_command:Invoked command in '/home/aiv/ev_ws/perception/build/velodyne_msgs' returned '0': CMAKE_PREFIX_PATH=${CMAKE_PREFIX_PATH}:/opt/ros/humble /usr/bin/cmake --build /home/aiv/ev_ws/perception/build/velodyne_msgs -- -j28 -l28
[0.464s] DEBUG:colcon.colcon_core.event_handler.log_command:Invoking command in '/home/aiv/ev_ws/perception/build/velodyne_msgs': CMAKE_PREFIX_PATH=${CMAKE_PREFIX_PATH}:/opt/ros/humble /usr/bin/cmake --install /home/aiv/ev_ws/perception/build/velodyne_msgs
[0.466s] DEBUG:colcon.colcon_core.event_handler.log_command:Invoked command in '/home/aiv/ev_ws/perception/build/lidar_interfaces' returned '0': CMAKE_PREFIX_PATH=${CMAKE_PREFIX_PATH}:/opt/ros/humble /usr/bin/cmake --build /home/aiv/ev_ws/perception/build/lidar_interfaces -- -j28 -l28
[0.467s] DEBUG:colcon.colcon_core.event_handler.log_command:Invoking command in '/home/aiv/ev_ws/perception/build/lidar_interfaces': CMAKE_PREFIX_PATH=${CMAKE_PREFIX_PATH}:/opt/ros/humble /usr/bin/cmake --install /home/aiv/ev_ws/perception/build/lidar_interfaces
[0.499s] Level 1:colcon.colcon_core.environment:create_environment_scripts_only(velodyne_msgs)
[0.499s] Level 1:colcon.colcon_core.environment:checking '/home/aiv/ev_ws/perception/install/velodyne_msgs' for CMake module files
[0.499s] DEBUG:colcon.colcon_core.event_handler.log_command:Invoked command in '/home/aiv/ev_ws/perception/build/velodyne_msgs' returned '0': CMAKE_PREFIX_PATH=${CMAKE_PREFIX_PATH}:/opt/ros/humble /usr/bin/cmake --install /home/aiv/ev_ws/perception/build/velodyne_msgs
[0.500s] Level 1:colcon.colcon_core.environment:checking '/home/aiv/ev_ws/perception/install/velodyne_msgs' for CMake config files
[0.500s] Level 1:colcon.colcon_core.shell:create_environment_hook('velodyne_msgs', 'cmake_prefix_path')
[0.501s] INFO:colcon.colcon_core.shell:Creating environment hook '/home/aiv/ev_ws/perception/install/velodyne_msgs/share/velodyne_msgs/hook/cmake_prefix_path.ps1'
[0.503s] INFO:colcon.colcon_core.shell:Creating environment descriptor '/home/aiv/ev_ws/perception/install/velodyne_msgs/share/velodyne_msgs/hook/cmake_prefix_path.dsv'
[0.504s] INFO:colcon.colcon_core.shell:Creating environment hook '/home/aiv/ev_ws/perception/install/velodyne_msgs/share/velodyne_msgs/hook/cmake_prefix_path.sh'
[0.506s] Level 1:colcon.colcon_core.environment:checking '/home/aiv/ev_ws/perception/install/velodyne_msgs/lib'
[0.506s] Level 1:colcon.colcon_core.shell:create_environment_hook('velodyne_msgs', 'ld_library_path_lib')
[0.506s] INFO:colcon.colcon_core.shell:Creating environment hook '/home/aiv/ev_ws/perception/install/velodyne_msgs/share/velodyne_msgs/hook/ld_library_path_lib.ps1'
[0.506s] INFO:colcon.colcon_core.shell:Creating environment descriptor '/home/aiv/ev_ws/perception/install/velodyne_msgs/share/velodyne_msgs/hook/ld_library_path_lib.dsv'
[0.507s] INFO:colcon.colcon_core.shell:Creating environment hook '/home/aiv/ev_ws/perception/install/velodyne_msgs/share/velodyne_msgs/hook/ld_library_path_lib.sh'
[0.507s] Level 1:colcon.colcon_core.environment:checking '/home/aiv/ev_ws/perception/install/velodyne_msgs/bin'
[0.507s] Level 1:colcon.colcon_core.environment:checking '/home/aiv/ev_ws/perception/install/velodyne_msgs/lib/pkgconfig/velodyne_msgs.pc'
[0.507s] Level 1:colcon.colcon_core.environment:checking '/home/aiv/ev_ws/perception/install/velodyne_msgs/lib/python3.10/site-packages'
[0.507s] Level 1:colcon.colcon_core.environment:checking '/home/aiv/ev_ws/perception/install/velodyne_msgs/bin'
[0.508s] INFO:colcon.colcon_core.shell:Creating package script '/home/aiv/ev_ws/perception/install/velodyne_msgs/share/velodyne_msgs/package.ps1'
[0.508s] INFO:colcon.colcon_core.shell:Creating package descriptor '/home/aiv/ev_ws/perception/install/velodyne_msgs/share/velodyne_msgs/package.dsv'
[0.509s] INFO:colcon.colcon_core.shell:Creating package script '/home/aiv/ev_ws/perception/install/velodyne_msgs/share/velodyne_msgs/package.sh'
[0.509s] INFO:colcon.colcon_core.shell:Creating package script '/home/aiv/ev_ws/perception/install/velodyne_msgs/share/velodyne_msgs/package.bash'
[0.509s] INFO:colcon.colcon_core.shell:Creating package script '/home/aiv/ev_ws/perception/install/velodyne_msgs/share/velodyne_msgs/package.zsh'
[0.510s] Level 1:colcon.colcon_core.environment:create_file_with_runtime_dependencies(/home/aiv/ev_ws/perception/install/velodyne_msgs/share/colcon-core/packages/velodyne_msgs)
[0.510s] Level 1:colcon.colcon_core.environment:create_environment_scripts_only(velodyne_msgs)
[0.510s] Level 1:colcon.colcon_core.environment:checking '/home/aiv/ev_ws/perception/install/velodyne_msgs' for CMake module files
[0.511s] Level 1:colcon.colcon_core.environment:checking '/home/aiv/ev_ws/perception/install/velodyne_msgs' for CMake config files
[0.512s] Level 1:colcon.colcon_core.shell:create_environment_hook('velodyne_msgs', 'cmake_prefix_path')
[0.512s] INFO:colcon.colcon_core.shell:Creating environment hook '/home/aiv/ev_ws/perception/install/velodyne_msgs/share/velodyne_msgs/hook/cmake_prefix_path.ps1'
[0.512s] INFO:colcon.colcon_core.shell:Creating environment descriptor '/home/aiv/ev_ws/perception/install/velodyne_msgs/share/velodyne_msgs/hook/cmake_prefix_path.dsv'
[0.512s] INFO:colcon.colcon_core.shell:Creating environment hook '/home/aiv/ev_ws/perception/install/velodyne_msgs/share/velodyne_msgs/hook/cmake_prefix_path.sh'
[0.512s] Level 1:colcon.colcon_core.environment:checking '/home/aiv/ev_ws/perception/install/velodyne_msgs/lib'
[0.513s] Level 1:colcon.colcon_core.shell:create_environment_hook('velodyne_msgs', 'ld_library_path_lib')
[0.513s] INFO:colcon.colcon_core.shell:Creating environment hook '/home/aiv/ev_ws/perception/install/velodyne_msgs/share/velodyne_msgs/hook/ld_library_path_lib.ps1'
[0.513s] INFO:colcon.colcon_core.shell:Creating environment descriptor '/home/aiv/ev_ws/perception/install/velodyne_msgs/share/velodyne_msgs/hook/ld_library_path_lib.dsv'
[0.513s] INFO:colcon.colcon_core.shell:Creating environment hook '/home/aiv/ev_ws/perception/install/velodyne_msgs/share/velodyne_msgs/hook/ld_library_path_lib.sh'
[0.513s] Level 1:colcon.colcon_core.environment:checking '/home/aiv/ev_ws/perception/install/velodyne_msgs/bin'
[0.513s] Level 1:colcon.colcon_core.environment:checking '/home/aiv/ev_ws/perception/install/velodyne_msgs/lib/pkgconfig/velodyne_msgs.pc'
[0.513s] Level 1:colcon.colcon_core.environment:checking '/home/aiv/ev_ws/perception/install/velodyne_msgs/lib/python3.10/site-packages'
[0.514s] Level 1:colcon.colcon_core.environment:checking '/home/aiv/ev_ws/perception/install/velodyne_msgs/bin'
[0.514s] INFO:colcon.colcon_core.shell:Creating package script '/home/aiv/ev_ws/perception/install/velodyne_msgs/share/velodyne_msgs/package.ps1'
[0.514s] INFO:colcon.colcon_core.shell:Creating package descriptor '/home/aiv/ev_ws/perception/install/velodyne_msgs/share/velodyne_msgs/package.dsv'
[0.514s] INFO:colcon.colcon_core.shell:Creating package script '/home/aiv/ev_ws/perception/install/velodyne_msgs/share/velodyne_msgs/package.sh'
[0.515s] INFO:colcon.colcon_core.shell:Creating package script '/home/aiv/ev_ws/perception/install/velodyne_msgs/share/velodyne_msgs/package.bash'
[0.515s] INFO:colcon.colcon_core.shell:Creating package script '/home/aiv/ev_ws/perception/install/velodyne_msgs/share/velodyne_msgs/package.zsh'
[0.515s] Level 1:colcon.colcon_core.environment:create_file_with_runtime_dependencies(/home/aiv/ev_ws/perception/install/velodyne_msgs/share/colcon-core/packages/velodyne_msgs)
[0.515s] INFO:colcon.colcon_ros.task.ament_cmake.build:Building ROS package in '/home/aiv/ev_ws/perception/src/lidar/velodyne_driver' with build type 'ament_cmake'
[0.515s] INFO:colcon.colcon_cmake.task.cmake.build:Building CMake package in '/home/aiv/ev_ws/perception/src/lidar/velodyne_driver'
[0.515s] INFO:colcon.colcon_core.shell:Skip shell extension 'powershell' for command environment: Not usable outside of PowerShell
[0.515s] DEBUG:colcon.colcon_core.shell:Skip shell extension 'dsv' for command environment
[0.518s] INFO:colcon.colcon_ros.task.ament_cmake.build:Building ROS package in '/home/aiv/ev_ws/perception/src/lidar/velodyne_pointcloud' with build type 'ament_cmake'
[0.518s] INFO:colcon.colcon_cmake.task.cmake.build:Building CMake package in '/home/aiv/ev_ws/perception/src/lidar/velodyne_pointcloud'
[0.519s] INFO:colcon.colcon_core.shell:Skip shell extension 'powershell' for command environment: Not usable outside of PowerShell
[0.519s] DEBUG:colcon.colcon_core.shell:Skip shell extension 'dsv' for command environment
[0.522s] Level 1:colcon.colcon_core.environment:create_environment_scripts_only(lidar_interfaces)
[0.522s] Level 1:colcon.colcon_core.environment:checking '/home/aiv/ev_ws/perception/install/lidar_interfaces' for CMake module files
[0.523s] DEBUG:colcon.colcon_core.event_handler.log_command:Invoked command in '/home/aiv/ev_ws/perception/build/lidar_interfaces' returned '0': CMAKE_PREFIX_PATH=${CMAKE_PREFIX_PATH}:/opt/ros/humble /usr/bin/cmake --install /home/aiv/ev_ws/perception/build/lidar_interfaces
[0.523s] Level 1:colcon.colcon_core.environment:checking '/home/aiv/ev_ws/perception/install/lidar_interfaces' for CMake config files
[0.524s] Level 1:colcon.colcon_core.shell:create_environment_hook('lidar_interfaces', 'cmake_prefix_path')
[0.524s] INFO:colcon.colcon_core.shell:Creating environment hook '/home/aiv/ev_ws/perception/install/lidar_interfaces/share/lidar_interfaces/hook/cmake_prefix_path.ps1'
[0.524s] INFO:colcon.colcon_core.shell:Creating environment descriptor '/home/aiv/ev_ws/perception/install/lidar_interfaces/share/lidar_interfaces/hook/cmake_prefix_path.dsv'
[0.525s] INFO:colcon.colcon_core.shell:Creating environment hook '/home/aiv/ev_ws/perception/install/lidar_interfaces/share/lidar_interfaces/hook/cmake_prefix_path.sh'
[0.525s] Level 1:colcon.colcon_core.environment:checking '/home/aiv/ev_ws/perception/install/lidar_interfaces/lib'
[0.525s] Level 1:colcon.colcon_core.shell:create_environment_hook('lidar_interfaces', 'ld_library_path_lib')
[0.525s] INFO:colcon.colcon_core.shell:Creating environment hook '/home/aiv/ev_ws/perception/install/lidar_interfaces/share/lidar_interfaces/hook/ld_library_path_lib.ps1'
[0.526s] INFO:colcon.colcon_core.shell:Creating environment descriptor '/home/aiv/ev_ws/perception/install/lidar_interfaces/share/lidar_interfaces/hook/ld_library_path_lib.dsv'
[0.526s] INFO:colcon.colcon_core.shell:Creating environment hook '/home/aiv/ev_ws/perception/install/lidar_interfaces/share/lidar_interfaces/hook/ld_library_path_lib.sh'
[0.526s] Level 1:colcon.colcon_core.environment:checking '/home/aiv/ev_ws/perception/install/lidar_interfaces/bin'
[0.526s] Level 1:colcon.colcon_core.environment:checking '/home/aiv/ev_ws/perception/install/lidar_interfaces/lib/pkgconfig/lidar_interfaces.pc'
[0.527s] Level 1:colcon.colcon_core.environment:checking '/home/aiv/ev_ws/perception/install/lidar_interfaces/lib/python3.10/site-packages'
[0.527s] Level 1:colcon.colcon_core.environment:checking '/home/aiv/ev_ws/perception/install/lidar_interfaces/bin'
[0.527s] INFO:colcon.colcon_core.shell:Creating package script '/home/aiv/ev_ws/perception/install/lidar_interfaces/share/lidar_interfaces/package.ps1'
[0.528s] INFO:colcon.colcon_core.shell:Creating package descriptor '/home/aiv/ev_ws/perception/install/lidar_interfaces/share/lidar_interfaces/package.dsv'
[0.528s] INFO:colcon.colcon_core.shell:Creating package script '/home/aiv/ev_ws/perception/install/lidar_interfaces/share/lidar_interfaces/package.sh'
[0.528s] INFO:colcon.colcon_core.shell:Creating package script '/home/aiv/ev_ws/perception/install/lidar_interfaces/share/lidar_interfaces/package.bash'
[0.529s] INFO:colcon.colcon_core.shell:Creating package script '/home/aiv/ev_ws/perception/install/lidar_interfaces/share/lidar_interfaces/package.zsh'
[0.529s] Level 1:colcon.colcon_core.environment:create_file_with_runtime_dependencies(/home/aiv/ev_ws/perception/install/lidar_interfaces/share/colcon-core/packages/lidar_interfaces)
[0.529s] Level 1:colcon.colcon_core.environment:create_environment_scripts_only(lidar_interfaces)
[0.529s] Level 1:colcon.colcon_core.environment:checking '/home/aiv/ev_ws/perception/install/lidar_interfaces' for CMake module files
[0.530s] Level 1:colcon.colcon_core.environment:checking '/home/aiv/ev_ws/perception/install/lidar_interfaces' for CMake config files
[0.530s] Level 1:colcon.colcon_core.shell:create_environment_hook('lidar_interfaces', 'cmake_prefix_path')
[0.530s] INFO:colcon.colcon_core.shell:Creating environment hook '/home/aiv/ev_ws/perception/install/lidar_interfaces/share/lidar_interfaces/hook/cmake_prefix_path.ps1'
[0.530s] INFO:colcon.colcon_core.shell:Creating environment descriptor '/home/aiv/ev_ws/perception/install/lidar_interfaces/share/lidar_interfaces/hook/cmake_prefix_path.dsv'
[0.530s] INFO:colcon.colcon_core.shell:Creating environment hook '/home/aiv/ev_ws/perception/install/lidar_interfaces/share/lidar_interfaces/hook/cmake_prefix_path.sh'
[0.531s] Level 1:colcon.colcon_core.environment:checking '/home/aiv/ev_ws/perception/install/lidar_interfaces/lib'
[0.531s] Level 1:colcon.colcon_core.shell:create_environment_hook('lidar_interfaces', 'ld_library_path_lib')
[0.531s] INFO:colcon.colcon_core.shell:Creating environment hook '/home/aiv/ev_ws/perception/install/lidar_interfaces/share/lidar_interfaces/hook/ld_library_path_lib.ps1'
[0.532s] INFO:colcon.colcon_core.shell:Creating environment descriptor '/home/aiv/ev_ws/perception/install/lidar_interfaces/share/lidar_interfaces/hook/ld_library_path_lib.dsv'
[0.532s] INFO:colcon.colcon_core.shell:Creating environment hook '/home/aiv/ev_ws/perception/install/lidar_interfaces/share/lidar_interfaces/hook/ld_library_path_lib.sh'
[0.532s] Level 1:colcon.colcon_core.environment:checking '/home/aiv/ev_ws/perception/install/lidar_interfaces/bin'
[0.532s] Level 1:colcon.colcon_core.environment:checking '/home/aiv/ev_ws/perception/install/lidar_interfaces/lib/pkgconfig/lidar_interfaces.pc'
[0.532s] Level 1:colcon.colcon_core.environment:checking '/home/aiv/ev_ws/perception/install/lidar_interfaces/lib/python3.10/site-packages'
[0.532s] Level 1:colcon.colcon_core.environment:checking '/home/aiv/ev_ws/perception/install/lidar_interfaces/bin'
[0.533s] INFO:colcon.colcon_core.shell:Creating package script '/home/aiv/ev_ws/perception/install/lidar_interfaces/share/lidar_interfaces/package.ps1'
[0.533s] INFO:colcon.colcon_core.shell:Creating package descriptor '/home/aiv/ev_ws/perception/install/lidar_interfaces/share/lidar_interfaces/package.dsv'
[0.533s] INFO:colcon.colcon_core.shell:Creating package script '/home/aiv/ev_ws/perception/install/lidar_interfaces/share/lidar_interfaces/package.sh'
[0.533s] INFO:colcon.colcon_core.shell:Creating package script '/home/aiv/ev_ws/perception/install/lidar_interfaces/share/lidar_interfaces/package.bash'
[0.533s] INFO:colcon.colcon_core.shell:Creating package script '/home/aiv/ev_ws/perception/install/lidar_interfaces/share/lidar_interfaces/package.zsh'
[0.534s] Level 1:colcon.colcon_core.environment:create_file_with_runtime_dependencies(/home/aiv/ev_ws/perception/install/lidar_interfaces/share/colcon-core/packages/lidar_interfaces)
[0.534s] INFO:colcon.colcon_ros.task.ament_cmake.build:Building ROS package in '/home/aiv/ev_ws/perception/src/lidar/cluster_filter' with build type 'ament_cmake'
[0.534s] INFO:colcon.colcon_cmake.task.cmake.build:Building CMake package in '/home/aiv/ev_ws/perception/src/lidar/cluster_filter'
[0.534s] INFO:colcon.colcon_core.shell:Skip shell extension 'powershell' for command environment: Not usable outside of PowerShell
[0.534s] DEBUG:colcon.colcon_core.shell:Skip shell extension 'dsv' for command environment
[0.537s] INFO:colcon.colcon_ros.task.ament_cmake.build:Building ROS package in '/home/aiv/ev_ws/perception/src/lidar/lidar_tracking' with build type 'ament_cmake'
[0.537s] INFO:colcon.colcon_cmake.task.cmake.build:Building CMake package in '/home/aiv/ev_ws/perception/src/lidar/lidar_tracking'
[0.537s] INFO:colcon.colcon_core.shell:Skip shell extension 'powershell' for command environment: Not usable outside of PowerShell
[0.537s] DEBUG:colcon.colcon_core.shell:Skip shell extension 'dsv' for command environment
[0.544s] DEBUG:colcon.colcon_core.event_handler.log_command:Invoking command in '/home/aiv/ev_ws/perception/build/velodyne_driver': CMAKE_PREFIX_PATH=/home/aiv/ev_ws/perception/install/velodyne_msgs:/home/aiv/ev_ws/perception/install/velodyne:/home/aiv/ev_ws/perception/install/lidar_launch:/home/aiv/ev_ws/perception/install/velodyne_pointcloud:/home/aiv/ev_ws/perception/install/velodyne_driver:/home/aiv/ev_ws/perception/install/velodyne_laserscan:/home/aiv/ev_ws/perception/install/velodyne_cropbox:/home/aiv/ev_ws/perception/install/patchworkpp:/home/aiv/ev_ws/perception/install/lidar_voxel_grid:/home/aiv/ev_ws/perception/install/lidar_tracking:/home/aiv/ev_ws/perception/install/cluster_filter:/home/aiv/ev_ws/perception/install/lidar_interfaces:/home/aiv/ev_ws/perception/install/lidar_clustering:/home/aiv/ev_ws/carsa_gazebo/install/carsa_gazebo:/home/aiv/ev_ws/erp42_ros/install/erp42_serial:/home/aiv/ev_ws/erp42_ros/install/erp42_rqt_plugin:/home/aiv/ev_ws/erp42_ros/install/erp42_gazebo:/home/aiv/ev_ws/erp42_ros/install/erp42_util:/home/aiv/ev_ws/erp42_ros/install/erp42_msgs:/home/aiv/ev_ws/erp42_ros/install/erp42_description:/home/aiv/ev_ws/erp42_ros/install/erp42_cmake:/opt/ros/humble LD_LIBRARY_PATH=/home/aiv/ev_ws/perception/install/velodyne_msgs/lib:/home/aiv/ev_ws/perception/install/velodyne_pointcloud/lib:/home/aiv/ev_ws/perception/install/velodyne_driver/lib:/home/aiv/ev_ws/perception/install/velodyne_laserscan/lib:/home/aiv/ev_ws/perception/install/velodyne_cropbox/lib:/home/aiv/ev_ws/perception/install/patchworkpp/lib:/home/aiv/ev_ws/perception/install/lidar_voxel_grid/lib:/home/aiv/ev_ws/perception/install/lidar_tracking/lib:/home/aiv/ev_ws/perception/install/cluster_filter/lib:/home/aiv/ev_ws/perception/install/lidar_interfaces/lib:/home/aiv/ev_ws/perception/install/lidar_clustering/lib:/home/aiv/ev_ws/erp42_ros/install/erp42_serial/lib:/home/aiv/ev_ws/erp42_ros/install/erp42_rqt_plugin/lib:/home/aiv/ev_ws/erp42_ros/install/erp42_gazebo/lib:/home/aiv/ev_ws/erp42_ros/install/erp42_util/lib:/home/aiv/ev_ws/erp42_ros/install/erp42_msgs/lib:/usr/local/cuda-12.6/lib64:/usr/local/cuda-12.6/lib64:/usr/lib/x86_64-linux-gnu/gazebo-11/plugins:/opt/ros/humble/opt/rviz_ogre_vendor/lib:/opt/ros/humble/lib/x86_64-linux-gnu:/opt/ros/humble/lib:/usr/local/cuda-12.6/lib64 /usr/bin/cmake --build /home/aiv/ev_ws/perception/build/velodyne_driver -- -j28 -l28
[0.546s] DEBUG:colcon.colcon_core.event_handler.log_command:Invoking command in '/home/aiv/ev_ws/perception/build/velodyne_pointcloud': CMAKE_PREFIX_PATH=/home/aiv/ev_ws/perception/install/velodyne_msgs:/home/aiv/ev_ws/perception/install/velodyne:/home/aiv/ev_ws/perception/install/lidar_launch:/home/aiv/ev_ws/perception/install/velodyne_pointcloud:/home/aiv/ev_ws/perception/install/velodyne_driver:/home/aiv/ev_ws/perception/install/velodyne_laserscan:/home/aiv/ev_ws/perception/install/velodyne_cropbox:/home/aiv/ev_ws/perception/install/patchworkpp:/home/aiv/ev_ws/perception/install/lidar_voxel_grid:/home/aiv/ev_ws/perception/install/lidar_tracking:/home/aiv/ev_ws/perception/install/cluster_filter:/home/aiv/ev_ws/perception/install/lidar_interfaces:/home/aiv/ev_ws/perception/install/lidar_clustering:/home/aiv/ev_ws/carsa_gazebo/install/carsa_gazebo:/home/aiv/ev_ws/erp42_ros/install/erp42_serial:/home/aiv/ev_ws/erp42_ros/install/erp42_rqt_plugin:/home/aiv/ev_ws/erp42_ros/install/erp42_gazebo:/home/aiv/ev_ws/erp42_ros/install/erp42_util:/home/aiv/ev_ws/erp42_ros/install/erp42_msgs:/home/aiv/ev_ws/erp42_ros/install/erp42_description:/home/aiv/ev_ws/erp42_ros/install/erp42_cmake:/opt/ros/humble LD_LIBRARY_PATH=/home/aiv/ev_ws/perception/install/velodyne_msgs/lib:/home/aiv/ev_ws/perception/install/velodyne_pointcloud/lib:/home/aiv/ev_ws/perception/install/velodyne_driver/lib:/home/aiv/ev_ws/perception/install/velodyne_laserscan/lib:/home/aiv/ev_ws/perception/install/velodyne_cropbox/lib:/home/aiv/ev_ws/perception/install/patchworkpp/lib:/home/aiv/ev_ws/perception/install/lidar_voxel_grid/lib:/home/aiv/ev_ws/perception/install/lidar_tracking/lib:/home/aiv/ev_ws/perception/install/cluster_filter/lib:/home/aiv/ev_ws/perception/install/lidar_interfaces/lib:/home/aiv/ev_ws/perception/install/lidar_clustering/lib:/home/aiv/ev_ws/erp42_ros/install/erp42_serial/lib:/home/aiv/ev_ws/erp42_ros/install/erp42_rqt_plugin/lib:/home/aiv/ev_ws/erp42_ros/install/erp42_gazebo/lib:/home/aiv/ev_ws/erp42_ros/install/erp42_util/lib:/home/aiv/ev_ws/erp42_ros/install/erp42_msgs/lib:/usr/local/cuda-12.6/lib64:/usr/local/cuda-12.6/lib64:/usr/lib/x86_64-linux-gnu/gazebo-11/plugins:/opt/ros/humble/opt/rviz_ogre_vendor/lib:/opt/ros/humble/lib/x86_64-linux-gnu:/opt/ros/humble/lib:/usr/local/cuda-12.6/lib64 /usr/bin/cmake --build /home/aiv/ev_ws/perception/build/velodyne_pointcloud -- -j28 -l28
[0.547s] DEBUG:colcon.colcon_core.event_handler.log_command:Invoking command in '/home/aiv/ev_ws/perception/build/cluster_filter': CMAKE_PREFIX_PATH=/home/aiv/ev_ws/perception/install/lidar_interfaces:/home/aiv/ev_ws/perception/install/velodyne:/home/aiv/ev_ws/perception/install/lidar_launch:/home/aiv/ev_ws/perception/install/velodyne_pointcloud:/home/aiv/ev_ws/perception/install/velodyne_driver:/home/aiv/ev_ws/perception/install/velodyne_msgs:/home/aiv/ev_ws/perception/install/velodyne_laserscan:/home/aiv/ev_ws/perception/install/velodyne_cropbox:/home/aiv/ev_ws/perception/install/patchworkpp:/home/aiv/ev_ws/perception/install/lidar_voxel_grid:/home/aiv/ev_ws/perception/install/lidar_tracking:/home/aiv/ev_ws/perception/install/cluster_filter:/home/aiv/ev_ws/perception/install/lidar_clustering:/home/aiv/ev_ws/carsa_gazebo/install/carsa_gazebo:/home/aiv/ev_ws/erp42_ros/install/erp42_serial:/home/aiv/ev_ws/erp42_ros/install/erp42_rqt_plugin:/home/aiv/ev_ws/erp42_ros/install/erp42_gazebo:/home/aiv/ev_ws/erp42_ros/install/erp42_util:/home/aiv/ev_ws/erp42_ros/install/erp42_msgs:/home/aiv/ev_ws/erp42_ros/install/erp42_description:/home/aiv/ev_ws/erp42_ros/install/erp42_cmake:/opt/ros/humble LD_LIBRARY_PATH=/home/aiv/ev_ws/perception/install/lidar_interfaces/lib:/home/aiv/ev_ws/perception/install/velodyne_pointcloud/lib:/home/aiv/ev_ws/perception/install/velodyne_driver/lib:/home/aiv/ev_ws/perception/install/velodyne_msgs/lib:/home/aiv/ev_ws/perception/install/velodyne_laserscan/lib:/home/aiv/ev_ws/perception/install/velodyne_cropbox/lib:/home/aiv/ev_ws/perception/install/patchworkpp/lib:/home/aiv/ev_ws/perception/install/lidar_voxel_grid/lib:/home/aiv/ev_ws/perception/install/lidar_tracking/lib:/home/aiv/ev_ws/perception/install/cluster_filter/lib:/home/aiv/ev_ws/perception/install/lidar_clustering/lib:/home/aiv/ev_ws/erp42_ros/install/erp42_serial/lib:/home/aiv/ev_ws/erp42_ros/install/erp42_rqt_plugin/lib:/home/aiv/ev_ws/erp42_ros/install/erp42_gazebo/lib:/home/aiv/ev_ws/erp42_ros/install/erp42_util/lib:/home/aiv/ev_ws/erp42_ros/install/erp42_msgs/lib:/usr/local/cuda-12.6/lib64:/usr/local/cuda-12.6/lib64:/usr/lib/x86_64-linux-gnu/gazebo-11/plugins:/opt/ros/humble/opt/rviz_ogre_vendor/lib:/opt/ros/humble/lib/x86_64-linux-gnu:/opt/ros/humble/lib:/usr/local/cuda-12.6/lib64 /usr/bin/cmake --build /home/aiv/ev_ws/perception/build/cluster_filter -- -j28 -l28
[0.549s] DEBUG:colcon.colcon_core.event_handler.log_command:Invoking command in '/home/aiv/ev_ws/perception/build/lidar_tracking': CMAKE_PREFIX_PATH=/home/aiv/ev_ws/perception/install/lidar_interfaces:/home/aiv/ev_ws/perception/install/velodyne:/home/aiv/ev_ws/perception/install/lidar_launch:/home/aiv/ev_ws/perception/install/velodyne_pointcloud:/home/aiv/ev_ws/perception/install/velodyne_driver:/home/aiv/ev_ws/perception/install/velodyne_msgs:/home/aiv/ev_ws/perception/install/velodyne_laserscan:/home/aiv/ev_ws/perception/install/velodyne_cropbox:/home/aiv/ev_ws/perception/install/patchworkpp:/home/aiv/ev_ws/perception/install/lidar_voxel_grid:/home/aiv/ev_ws/perception/install/lidar_tracking:/home/aiv/ev_ws/perception/install/cluster_filter:/home/aiv/ev_ws/perception/install/lidar_clustering:/home/aiv/ev_ws/carsa_gazebo/install/carsa_gazebo:/home/aiv/ev_ws/erp42_ros/install/erp42_serial:/home/aiv/ev_ws/erp42_ros/install/erp42_rqt_plugin:/home/aiv/ev_ws/erp42_ros/install/erp42_gazebo:/home/aiv/ev_ws/erp42_ros/install/erp42_util:/home/aiv/ev_ws/erp42_ros/install/erp42_msgs:/home/aiv/ev_ws/erp42_ros/install/erp42_description:/home/aiv/ev_ws/erp42_ros/install/erp42_cmake:/opt/ros/humble LD_LIBRARY_PATH=/home/aiv/ev_ws/perception/install/lidar_interfaces/lib:/home/aiv/ev_ws/perception/install/velodyne_pointcloud/lib:/home/aiv/ev_ws/perception/install/velodyne_driver/lib:/home/aiv/ev_ws/perception/install/velodyne_msgs/lib:/home/aiv/ev_ws/perception/install/velodyne_laserscan/lib:/home/aiv/ev_ws/perception/install/velodyne_cropbox/lib:/home/aiv/ev_ws/perception/install/patchworkpp/lib:/home/aiv/ev_ws/perception/install/lidar_voxel_grid/lib:/home/aiv/ev_ws/perception/install/lidar_tracking/lib:/home/aiv/ev_ws/perception/install/cluster_filter/lib:/home/aiv/ev_ws/perception/install/lidar_clustering/lib:/home/aiv/ev_ws/erp42_ros/install/erp42_serial/lib:/home/aiv/ev_ws/erp42_ros/install/erp42_rqt_plugin/lib:/home/aiv/ev_ws/erp42_ros/install/erp42_gazebo/lib:/home/aiv/ev_ws/erp42_ros/install/erp42_util/lib:/home/aiv/ev_ws/erp42_ros/install/erp42_msgs/lib:/usr/local/cuda-12.6/lib64:/usr/local/cuda-12.6/lib64:/usr/lib/x86_64-linux-gnu/gazebo-11/plugins:/opt/ros/humble/opt/rviz_ogre_vendor/lib:/opt/ros/humble/lib/x86_64-linux-gnu:/opt/ros/humble/lib:/usr/local/cuda-12.6/lib64 /usr/bin/cmake --build /home/aiv/ev_ws/perception/build/lidar_tracking -- -j28 -l28
[0.602s] DEBUG:colcon.colcon_core.event_handler.log_command:Invoked command in '/home/aiv/ev_ws/perception/build/cluster_filter' returned '0': CMAKE_PREFIX_PATH=/home/aiv/ev_ws/perception/install/lidar_interfaces:/home/aiv/ev_ws/perception/install/velodyne:/home/aiv/ev_ws/perception/install/lidar_launch:/home/aiv/ev_ws/perception/install/velodyne_pointcloud:/home/aiv/ev_ws/perception/install/velodyne_driver:/home/aiv/ev_ws/perception/install/velodyne_msgs:/home/aiv/ev_ws/perception/install/velodyne_laserscan:/home/aiv/ev_ws/perception/install/velodyne_cropbox:/home/aiv/ev_ws/perception/install/patchworkpp:/home/aiv/ev_ws/perception/install/lidar_voxel_grid:/home/aiv/ev_ws/perception/install/lidar_tracking:/home/aiv/ev_ws/perception/install/cluster_filter:/home/aiv/ev_ws/perception/install/lidar_clustering:/home/aiv/ev_ws/carsa_gazebo/install/carsa_gazebo:/home/aiv/ev_ws/erp42_ros/install/erp42_serial:/home/aiv/ev_ws/erp42_ros/install/erp42_rqt_plugin:/home/aiv/ev_ws/erp42_ros/install/erp42_gazebo:/home/aiv/ev_ws/erp42_ros/install/erp42_util:/home/aiv/ev_ws/erp42_ros/install/erp42_msgs:/home/aiv/ev_ws/erp42_ros/install/erp42_description:/home/aiv/ev_ws/erp42_ros/install/erp42_cmake:/opt/ros/humble LD_LIBRARY_PATH=/home/aiv/ev_ws/perception/install/lidar_interfaces/lib:/home/aiv/ev_ws/perception/install/velodyne_pointcloud/lib:/home/aiv/ev_ws/perception/install/velodyne_driver/lib:/home/aiv/ev_ws/perception/install/velodyne_msgs/lib:/home/aiv/ev_ws/perception/install/velodyne_laserscan/lib:/home/aiv/ev_ws/perception/install/velodyne_cropbox/lib:/home/aiv/ev_ws/perception/install/patchworkpp/lib:/home/aiv/ev_ws/perception/install/lidar_voxel_grid/lib:/home/aiv/ev_ws/perception/install/lidar_tracking/lib:/home/aiv/ev_ws/perception/install/cluster_filter/lib:/home/aiv/ev_ws/perception/install/lidar_clustering/lib:/home/aiv/ev_ws/erp42_ros/install/erp42_serial/lib:/home/aiv/ev_ws/erp42_ros/install/erp42_rqt_plugin/lib:/home/aiv/ev_ws/erp42_ros/install/erp42_gazebo/lib:/home/aiv/ev_ws/erp42_ros/install/erp42_util/lib:/home/aiv/ev_ws/erp42_ros/install/erp42_msgs/lib:/usr/local/cuda-12.6/lib64:/usr/local/cuda-12.6/lib64:/usr/lib/x86_64-linux-gnu/gazebo-11/plugins:/opt/ros/humble/opt/rviz_ogre_vendor/lib:/opt/ros/humble/lib/x86_64-linux-gnu:/opt/ros/humble/lib:/usr/local/cuda-12.6/lib64 /usr/bin/cmake --build /home/aiv/ev_ws/perception/build/cluster_filter -- -j28 -l28
[0.603s] DEBUG:colcon.colcon_core.event_handler.log_command:Invoking command in '/home/aiv/ev_ws/perception/build/cluster_filter': CMAKE_PREFIX_PATH=/home/aiv/ev_ws/perception/install/lidar_interfaces:/home/aiv/ev_ws/perception/install/velodyne:/home/aiv/ev_ws/perception/install/lidar_launch:/home/aiv/ev_ws/perception/install/velodyne_pointcloud:/home/aiv/ev_ws/perception/install/velodyne_driver:/home/aiv/ev_ws/perception/install/velodyne_msgs:/home/aiv/ev_ws/perception/install/velodyne_laserscan:/home/aiv/ev_ws/perception/install/velodyne_cropbox:/home/aiv/ev_ws/perception/install/patchworkpp:/home/aiv/ev_ws/perception/install/lidar_voxel_grid:/home/aiv/ev_ws/perception/install/lidar_tracking:/home/aiv/ev_ws/perception/install/cluster_filter:/home/aiv/ev_ws/perception/install/lidar_clustering:/home/aiv/ev_ws/carsa_gazebo/install/carsa_gazebo:/home/aiv/ev_ws/erp42_ros/install/erp42_serial:/home/aiv/ev_ws/erp42_ros/install/erp42_rqt_plugin:/home/aiv/ev_ws/erp42_ros/install/erp42_gazebo:/home/aiv/ev_ws/erp42_ros/install/erp42_util:/home/aiv/ev_ws/erp42_ros/install/erp42_msgs:/home/aiv/ev_ws/erp42_ros/install/erp42_description:/home/aiv/ev_ws/erp42_ros/install/erp42_cmake:/opt/ros/humble LD_LIBRARY_PATH=/home/aiv/ev_ws/perception/install/lidar_interfaces/lib:/home/aiv/ev_ws/perception/install/velodyne_pointcloud/lib:/home/aiv/ev_ws/perception/install/velodyne_driver/lib:/home/aiv/ev_ws/perception/install/velodyne_msgs/lib:/home/aiv/ev_ws/perception/install/velodyne_laserscan/lib:/home/aiv/ev_ws/perception/install/velodyne_cropbox/lib:/home/aiv/ev_ws/perception/install/patchworkpp/lib:/home/aiv/ev_ws/perception/install/lidar_voxel_grid/lib:/home/aiv/ev_ws/perception/install/lidar_tracking/lib:/home/aiv/ev_ws/perception/install/cluster_filter/lib:/home/aiv/ev_ws/perception/install/lidar_clustering/lib:/home/aiv/ev_ws/erp42_ros/install/erp42_serial/lib:/home/aiv/ev_ws/erp42_ros/install/erp42_rqt_plugin/lib:/home/aiv/ev_ws/erp42_ros/install/erp42_gazebo/lib:/home/aiv/ev_ws/erp42_ros/install/erp42_util/lib:/home/aiv/ev_ws/erp42_ros/install/erp42_msgs/lib:/usr/local/cuda-12.6/lib64:/usr/local/cuda-12.6/lib64:/usr/lib/x86_64-linux-gnu/gazebo-11/plugins:/opt/ros/humble/opt/rviz_ogre_vendor/lib:/opt/ros/humble/lib/x86_64-linux-gnu:/opt/ros/humble/lib:/usr/local/cuda-12.6/lib64 /usr/bin/cmake --install /home/aiv/ev_ws/perception/build/cluster_filter
[0.611s] DEBUG:colcon.colcon_core.event_handler.log_command:Invoked command in '/home/aiv/ev_ws/perception/build/lidar_tracking' returned '0': CMAKE_PREFIX_PATH=/home/aiv/ev_ws/perception/install/lidar_interfaces:/home/aiv/ev_ws/perception/install/velodyne:/home/aiv/ev_ws/perception/install/lidar_launch:/home/aiv/ev_ws/perception/install/velodyne_pointcloud:/home/aiv/ev_ws/perception/install/velodyne_driver:/home/aiv/ev_ws/perception/install/velodyne_msgs:/home/aiv/ev_ws/perception/install/velodyne_laserscan:/home/aiv/ev_ws/perception/install/velodyne_cropbox:/home/aiv/ev_ws/perception/install/patchworkpp:/home/aiv/ev_ws/perception/install/lidar_voxel_grid:/home/aiv/ev_ws/perception/install/lidar_tracking:/home/aiv/ev_ws/perception/install/cluster_filter:/home/aiv/ev_ws/perception/install/lidar_clustering:/home/aiv/ev_ws/carsa_gazebo/install/carsa_gazebo:/home/aiv/ev_ws/erp42_ros/install/erp42_serial:/home/aiv/ev_ws/erp42_ros/install/erp42_rqt_plugin:/home/aiv/ev_ws/erp42_ros/install/erp42_gazebo:/home/aiv/ev_ws/erp42_ros/install/erp42_util:/home/aiv/ev_ws/erp42_ros/install/erp42_msgs:/home/aiv/ev_ws/erp42_ros/install/erp42_description:/home/aiv/ev_ws/erp42_ros/install/erp42_cmake:/opt/ros/humble LD_LIBRARY_PATH=/home/aiv/ev_ws/perception/install/lidar_interfaces/lib:/home/aiv/ev_ws/perception/install/velodyne_pointcloud/lib:/home/aiv/ev_ws/perception/install/velodyne_driver/lib:/home/aiv/ev_ws/perception/install/velodyne_msgs/lib:/home/aiv/ev_ws/perception/install/velodyne_laserscan/lib:/home/aiv/ev_ws/perception/install/velodyne_cropbox/lib:/home/aiv/ev_ws/perception/install/patchworkpp/lib:/home/aiv/ev_ws/perception/install/lidar_voxel_grid/lib:/home/aiv/ev_ws/perception/install/lidar_tracking/lib:/home/aiv/ev_ws/perception/install/cluster_filter/lib:/home/aiv/ev_ws/perception/install/lidar_clustering/lib:/home/aiv/ev_ws/erp42_ros/install/erp42_serial/lib:/home/aiv/ev_ws/erp42_ros/install/erp42_rqt_plugin/lib:/home/aiv/ev_ws/erp42_ros/install/erp42_gazebo/lib:/home/aiv/ev_ws/erp42_ros/install/erp42_util/lib:/home/aiv/ev_ws/erp42_ros/install/erp42_msgs/lib:/usr/local/cuda-12.6/lib64:/usr/local/cuda-12.6/lib64:/usr/lib/x86_64-linux-gnu/gazebo-11/plugins:/opt/ros/humble/opt/rviz_ogre_vendor/lib:/opt/ros/humble/lib/x86_64-linux-gnu:/opt/ros/humble/lib:/usr/local/cuda-12.6/lib64 /usr/bin/cmake --build /home/aiv/ev_ws/perception/build/lidar_tracking -- -j28 -l28
[0.613s] DEBUG:colcon.colcon_core.event_handler.log_command:Invoking command in '/home/aiv/ev_ws/perception/build/lidar_tracking': CMAKE_PREFIX_PATH=/home/aiv/ev_ws/perception/install/lidar_interfaces:/home/aiv/ev_ws/perception/install/velodyne:/home/aiv/ev_ws/perception/install/lidar_launch:/home/aiv/ev_ws/perception/install/velodyne_pointcloud:/home/aiv/ev_ws/perception/install/velodyne_driver:/home/aiv/ev_ws/perception/install/velodyne_msgs:/home/aiv/ev_ws/perception/install/velodyne_laserscan:/home/aiv/ev_ws/perception/install/velodyne_cropbox:/home/aiv/ev_ws/perception/install/patchworkpp:/home/aiv/ev_ws/perception/install/lidar_voxel_grid:/home/aiv/ev_ws/perception/install/lidar_tracking:/home/aiv/ev_ws/perception/install/cluster_filter:/home/aiv/ev_ws/perception/install/lidar_clustering:/home/aiv/ev_ws/carsa_gazebo/install/carsa_gazebo:/home/aiv/ev_ws/erp42_ros/install/erp42_serial:/home/aiv/ev_ws/erp42_ros/install/erp42_rqt_plugin:/home/aiv/ev_ws/erp42_ros/install/erp42_gazebo:/home/aiv/ev_ws/erp42_ros/install/erp42_util:/home/aiv/ev_ws/erp42_ros/install/erp42_msgs:/home/aiv/ev_ws/erp42_ros/install/erp42_description:/home/aiv/ev_ws/erp42_ros/install/erp42_cmake:/opt/ros/humble LD_LIBRARY_PATH=/home/aiv/ev_ws/perception/install/lidar_interfaces/lib:/home/aiv/ev_ws/perception/install/velodyne_pointcloud/lib:/home/aiv/ev_ws/perception/install/velodyne_driver/lib:/home/aiv/ev_ws/perception/install/velodyne_msgs/lib:/home/aiv/ev_ws/perception/install/velodyne_laserscan/lib:/home/aiv/ev_ws/perception/install/velodyne_cropbox/lib:/home/aiv/ev_ws/perception/install/patchworkpp/lib:/home/aiv/ev_ws/perception/install/lidar_voxel_grid/lib:/home/aiv/ev_ws/perception/install/lidar_tracking/lib:/home/aiv/ev_ws/perception/install/cluster_filter/lib:/home/aiv/ev_ws/perception/install/lidar_clustering/lib:/home/aiv/ev_ws/erp42_ros/install/erp42_serial/lib:/home/aiv/ev_ws/erp42_ros/install/erp42_rqt_plugin/lib:/home/aiv/ev_ws/erp42_ros/install/erp42_gazebo/lib:/home/aiv/ev_ws/erp42_ros/install/erp42_util/lib:/home/aiv/ev_ws/erp42_ros/install/erp42_msgs/lib:/usr/local/cuda-12.6/lib64:/usr/local/cuda-12.6/lib64:/usr/lib/x86_64-linux-gnu/gazebo-11/plugins:/opt/ros/humble/opt/rviz_ogre_vendor/lib:/opt/ros/humble/lib/x86_64-linux-gnu:/opt/ros/humble/lib:/usr/local/cuda-12.6/lib64 /usr/bin/cmake --install /home/aiv/ev_ws/perception/build/lidar_tracking
[0.613s] Level 1:colcon.colcon_core.environment:create_environment_scripts_only(cluster_filter)
[0.614s] Level 1:colcon.colcon_core.environment:checking '/home/aiv/ev_ws/perception/install/cluster_filter' for CMake module files
[0.614s] DEBUG:colcon.colcon_core.event_handler.log_command:Invoked command in '/home/aiv/ev_ws/perception/build/cluster_filter' returned '0': CMAKE_PREFIX_PATH=/home/aiv/ev_ws/perception/install/lidar_interfaces:/home/aiv/ev_ws/perception/install/velodyne:/home/aiv/ev_ws/perception/install/lidar_launch:/home/aiv/ev_ws/perception/install/velodyne_pointcloud:/home/aiv/ev_ws/perception/install/velodyne_driver:/home/aiv/ev_ws/perception/install/velodyne_msgs:/home/aiv/ev_ws/perception/install/velodyne_laserscan:/home/aiv/ev_ws/perception/install/velodyne_cropbox:/home/aiv/ev_ws/perception/install/patchworkpp:/home/aiv/ev_ws/perception/install/lidar_voxel_grid:/home/aiv/ev_ws/perception/install/lidar_tracking:/home/aiv/ev_ws/perception/install/cluster_filter:/home/aiv/ev_ws/perception/install/lidar_clustering:/home/aiv/ev_ws/carsa_gazebo/install/carsa_gazebo:/home/aiv/ev_ws/erp42_ros/install/erp42_serial:/home/aiv/ev_ws/erp42_ros/install/erp42_rqt_plugin:/home/aiv/ev_ws/erp42_ros/install/erp42_gazebo:/home/aiv/ev_ws/erp42_ros/install/erp42_util:/home/aiv/ev_ws/erp42_ros/install/erp42_msgs:/home/aiv/ev_ws/erp42_ros/install/erp42_description:/home/aiv/ev_ws/erp42_ros/install/erp42_cmake:/opt/ros/humble LD_LIBRARY_PATH=/home/aiv/ev_ws/perception/install/lidar_interfaces/lib:/home/aiv/ev_ws/perception/install/velodyne_pointcloud/lib:/home/aiv/ev_ws/perception/install/velodyne_driver/lib:/home/aiv/ev_ws/perception/install/velodyne_msgs/lib:/home/aiv/ev_ws/perception/install/velodyne_laserscan/lib:/home/aiv/ev_ws/perception/install/velodyne_cropbox/lib:/home/aiv/ev_ws/perception/install/patchworkpp/lib:/home/aiv/ev_ws/perception/install/lidar_voxel_grid/lib:/home/aiv/ev_ws/perception/install/lidar_tracking/lib:/home/aiv/ev_ws/perception/install/cluster_filter/lib:/home/aiv/ev_ws/perception/install/lidar_clustering/lib:/home/aiv/ev_ws/erp42_ros/install/erp42_serial/lib:/home/aiv/ev_ws/erp42_ros/install/erp42_rqt_plugin/lib:/home/aiv/ev_ws/erp42_ros/install/erp42_gazebo/lib:/home/aiv/ev_ws/erp42_ros/install/erp42_util/lib:/home/aiv/ev_ws/erp42_ros/install/erp42_msgs/lib:/usr/local/cuda-12.6/lib64:/usr/local/cuda-12.6/lib64:/usr/lib/x86_64-linux-gnu/gazebo-11/plugins:/opt/ros/humble/opt/rviz_ogre_vendor/lib:/opt/ros/humble/lib/x86_64-linux-gnu:/opt/ros/humble/lib:/usr/local/cuda-12.6/lib64 /usr/bin/cmake --install /home/aiv/ev_ws/perception/build/cluster_filter
[0.614s] Level 1:colcon.colcon_core.environment:checking '/home/aiv/ev_ws/perception/install/cluster_filter' for CMake config files
[0.615s] Level 1:colcon.colcon_core.shell:create_environment_hook('cluster_filter', 'cmake_prefix_path')
[0.615s] INFO:colcon.colcon_core.shell:Creating environment hook '/home/aiv/ev_ws/perception/install/cluster_filter/share/cluster_filter/hook/cmake_prefix_path.ps1'
[0.615s] INFO:colcon.colcon_core.shell:Creating environment descriptor '/home/aiv/ev_ws/perception/install/cluster_filter/share/cluster_filter/hook/cmake_prefix_path.dsv'
[0.615s] INFO:colcon.colcon_core.shell:Creating environment hook '/home/aiv/ev_ws/perception/install/cluster_filter/share/cluster_filter/hook/cmake_prefix_path.sh'
[0.616s] Level 1:colcon.colcon_core.environment:checking '/home/aiv/ev_ws/perception/install/cluster_filter/lib'
[0.616s] Level 1:colcon.colcon_core.shell:create_environment_hook('cluster_filter', 'ld_library_path_lib')
[0.616s] INFO:colcon.colcon_core.shell:Creating environment hook '/home/aiv/ev_ws/perception/install/cluster_filter/share/cluster_filter/hook/ld_library_path_lib.ps1'
[0.616s] INFO:colcon.colcon_core.shell:Creating environment descriptor '/home/aiv/ev_ws/perception/install/cluster_filter/share/cluster_filter/hook/ld_library_path_lib.dsv'
[0.616s] INFO:colcon.colcon_core.shell:Creating environment hook '/home/aiv/ev_ws/perception/install/cluster_filter/share/cluster_filter/hook/ld_library_path_lib.sh'
[0.616s] Level 1:colcon.colcon_core.environment:checking '/home/aiv/ev_ws/perception/install/cluster_filter/bin'
[0.616s] Level 1:colcon.colcon_core.environment:checking '/home/aiv/ev_ws/perception/install/cluster_filter/lib/pkgconfig/cluster_filter.pc'
[0.617s] Level 1:colcon.colcon_core.environment:checking '/home/aiv/ev_ws/perception/install/cluster_filter/lib/python3.10/site-packages'
[0.617s] Level 1:colcon.colcon_core.environment:checking '/home/aiv/ev_ws/perception/install/cluster_filter/bin'
[0.617s] INFO:colcon.colcon_core.shell:Creating package script '/home/aiv/ev_ws/perception/install/cluster_filter/share/cluster_filter/package.ps1'
[0.617s] INFO:colcon.colcon_core.shell:Creating package descriptor '/home/aiv/ev_ws/perception/install/cluster_filter/share/cluster_filter/package.dsv'
[0.618s] INFO:colcon.colcon_core.shell:Creating package script '/home/aiv/ev_ws/perception/install/cluster_filter/share/cluster_filter/package.sh'
[0.618s] INFO:colcon.colcon_core.shell:Creating package script '/home/aiv/ev_ws/perception/install/cluster_filter/share/cluster_filter/package.bash'
[0.618s] INFO:colcon.colcon_core.shell:Creating package script '/home/aiv/ev_ws/perception/install/cluster_filter/share/cluster_filter/package.zsh'
[0.618s] Level 1:colcon.colcon_core.environment:create_file_with_runtime_dependencies(/home/aiv/ev_ws/perception/install/cluster_filter/share/colcon-core/packages/cluster_filter)
[0.619s] Level 1:colcon.colcon_core.environment:create_environment_scripts_only(cluster_filter)
[0.619s] Level 1:colcon.colcon_core.environment:checking '/home/aiv/ev_ws/perception/install/cluster_filter' for CMake module files
[0.619s] Level 1:colcon.colcon_core.environment:checking '/home/aiv/ev_ws/perception/install/cluster_filter' for CMake config files
[0.619s] Level 1:colcon.colcon_core.shell:create_environment_hook('cluster_filter', 'cmake_prefix_path')
[0.619s] INFO:colcon.colcon_core.shell:Creating environment hook '/home/aiv/ev_ws/perception/install/cluster_filter/share/cluster_filter/hook/cmake_prefix_path.ps1'
[0.620s] INFO:colcon.colcon_core.shell:Creating environment descriptor '/home/aiv/ev_ws/perception/install/cluster_filter/share/cluster_filter/hook/cmake_prefix_path.dsv'
[0.620s] INFO:colcon.colcon_core.shell:Creating environment hook '/home/aiv/ev_ws/perception/install/cluster_filter/share/cluster_filter/hook/cmake_prefix_path.sh'
[0.621s] Level 1:colcon.colcon_core.environment:checking '/home/aiv/ev_ws/perception/install/cluster_filter/lib'
[0.621s] Level 1:colcon.colcon_core.shell:create_environment_hook('cluster_filter', 'ld_library_path_lib')
[0.621s] INFO:colcon.colcon_core.shell:Creating environment hook '/home/aiv/ev_ws/perception/install/cluster_filter/share/cluster_filter/hook/ld_library_path_lib.ps1'
[0.621s] INFO:colcon.colcon_core.shell:Creating environment descriptor '/home/aiv/ev_ws/perception/install/cluster_filter/share/cluster_filter/hook/ld_library_path_lib.dsv'
[0.622s] INFO:colcon.colcon_core.shell:Creating environment hook '/home/aiv/ev_ws/perception/install/cluster_filter/share/cluster_filter/hook/ld_library_path_lib.sh'
[0.622s] Level 1:colcon.colcon_core.environment:checking '/home/aiv/ev_ws/perception/install/cluster_filter/bin'
[0.622s] Level 1:colcon.colcon_core.environment:checking '/home/aiv/ev_ws/perception/install/cluster_filter/lib/pkgconfig/cluster_filter.pc'
[0.622s] Level 1:colcon.colcon_core.environment:checking '/home/aiv/ev_ws/perception/install/cluster_filter/lib/python3.10/site-packages'
[0.622s] Level 1:colcon.colcon_core.environment:checking '/home/aiv/ev_ws/perception/install/cluster_filter/bin'
[0.622s] INFO:colcon.colcon_core.shell:Creating package script '/home/aiv/ev_ws/perception/install/cluster_filter/share/cluster_filter/package.ps1'
[0.623s] INFO:colcon.colcon_core.shell:Creating package descriptor '/home/aiv/ev_ws/perception/install/cluster_filter/share/cluster_filter/package.dsv'
[0.623s] INFO:colcon.colcon_core.shell:Creating package script '/home/aiv/ev_ws/perception/install/cluster_filter/share/cluster_filter/package.sh'
[0.623s] INFO:colcon.colcon_core.shell:Creating package script '/home/aiv/ev_ws/perception/install/cluster_filter/share/cluster_filter/package.bash'
[0.623s] INFO:colcon.colcon_core.shell:Creating package script '/home/aiv/ev_ws/perception/install/cluster_filter/share/cluster_filter/package.zsh'
[0.623s] Level 1:colcon.colcon_core.environment:create_file_with_runtime_dependencies(/home/aiv/ev_ws/perception/install/cluster_filter/share/colcon-core/packages/cluster_filter)
[0.625s] Level 1:colcon.colcon_core.environment:create_environment_scripts_only(lidar_tracking)
[0.625s] Level 1:colcon.colcon_core.environment:checking '/home/aiv/ev_ws/perception/install/lidar_tracking' for CMake module files
[0.626s] Level 1:colcon.colcon_core.environment:checking '/home/aiv/ev_ws/perception/install/lidar_tracking' for CMake config files
[0.628s] DEBUG:colcon.colcon_core.event_handler.log_command:Invoked command in '/home/aiv/ev_ws/perception/build/lidar_tracking' returned '0': CMAKE_PREFIX_PATH=/home/aiv/ev_ws/perception/install/lidar_interfaces:/home/aiv/ev_ws/perception/install/velodyne:/home/aiv/ev_ws/perception/install/lidar_launch:/home/aiv/ev_ws/perception/install/velodyne_pointcloud:/home/aiv/ev_ws/perception/install/velodyne_driver:/home/aiv/ev_ws/perception/install/velodyne_msgs:/home/aiv/ev_ws/perception/install/velodyne_laserscan:/home/aiv/ev_ws/perception/install/velodyne_cropbox:/home/aiv/ev_ws/perception/install/patchworkpp:/home/aiv/ev_ws/perception/install/lidar_voxel_grid:/home/aiv/ev_ws/perception/install/lidar_tracking:/home/aiv/ev_ws/perception/install/cluster_filter:/home/aiv/ev_ws/perception/install/lidar_clustering:/home/aiv/ev_ws/carsa_gazebo/install/carsa_gazebo:/home/aiv/ev_ws/erp42_ros/install/erp42_serial:/home/aiv/ev_ws/erp42_ros/install/erp42_rqt_plugin:/home/aiv/ev_ws/erp42_ros/install/erp42_gazebo:/home/aiv/ev_ws/erp42_ros/install/erp42_util:/home/aiv/ev_ws/erp42_ros/install/erp42_msgs:/home/aiv/ev_ws/erp42_ros/install/erp42_description:/home/aiv/ev_ws/erp42_ros/install/erp42_cmake:/opt/ros/humble LD_LIBRARY_PATH=/home/aiv/ev_ws/perception/install/lidar_interfaces/lib:/home/aiv/ev_ws/perception/install/velodyne_pointcloud/lib:/home/aiv/ev_ws/perception/install/velodyne_driver/lib:/home/aiv/ev_ws/perception/install/velodyne_msgs/lib:/home/aiv/ev_ws/perception/install/velodyne_laserscan/lib:/home/aiv/ev_ws/perception/install/velodyne_cropbox/lib:/home/aiv/ev_ws/perception/install/patchworkpp/lib:/home/aiv/ev_ws/perception/install/lidar_voxel_grid/lib:/home/aiv/ev_ws/perception/install/lidar_tracking/lib:/home/aiv/ev_ws/perception/install/cluster_filter/lib:/home/aiv/ev_ws/perception/install/lidar_clustering/lib:/home/aiv/ev_ws/erp42_ros/install/erp42_serial/lib:/home/aiv/ev_ws/erp42_ros/install/erp42_rqt_plugin/lib:/home/aiv/ev_ws/erp42_ros/install/erp42_gazebo/lib:/home/aiv/ev_ws/erp42_ros/install/erp42_util/lib:/home/aiv/ev_ws/erp42_ros/install/erp42_msgs/lib:/usr/local/cuda-12.6/lib64:/usr/local/cuda-12.6/lib64:/usr/lib/x86_64-linux-gnu/gazebo-11/plugins:/opt/ros/humble/opt/rviz_ogre_vendor/lib:/opt/ros/humble/lib/x86_64-linux-gnu:/opt/ros/humble/lib:/usr/local/cuda-12.6/lib64 /usr/bin/cmake --install /home/aiv/ev_ws/perception/build/lidar_tracking
[0.628s] Level 1:colcon.colcon_core.shell:create_environment_hook('lidar_tracking', 'cmake_prefix_path')
[0.628s] INFO:colcon.colcon_core.shell:Creating environment hook '/home/aiv/ev_ws/perception/install/lidar_tracking/share/lidar_tracking/hook/cmake_prefix_path.ps1'
[0.629s] INFO:colcon.colcon_core.shell:Creating environment descriptor '/home/aiv/ev_ws/perception/install/lidar_tracking/share/lidar_tracking/hook/cmake_prefix_path.dsv'
[0.629s] INFO:colcon.colcon_core.shell:Creating environment hook '/home/aiv/ev_ws/perception/install/lidar_tracking/share/lidar_tracking/hook/cmake_prefix_path.sh'
[0.629s] Level 1:colcon.colcon_core.environment:checking '/home/aiv/ev_ws/perception/install/lidar_tracking/lib'
[0.629s] Level 1:colcon.colcon_core.shell:create_environment_hook('lidar_tracking', 'ld_library_path_lib')
[0.630s] INFO:colcon.colcon_core.shell:Creating environment hook '/home/aiv/ev_ws/perception/install/lidar_tracking/share/lidar_tracking/hook/ld_library_path_lib.ps1'
[0.630s] INFO:colcon.colcon_core.shell:Creating environment descriptor '/home/aiv/ev_ws/perception/install/lidar_tracking/share/lidar_tracking/hook/ld_library_path_lib.dsv'
[0.630s] INFO:colcon.colcon_core.shell:Creating environment hook '/home/aiv/ev_ws/perception/install/lidar_tracking/share/lidar_tracking/hook/ld_library_path_lib.sh'
[0.630s] Level 1:colcon.colcon_core.environment:checking '/home/aiv/ev_ws/perception/install/lidar_tracking/bin'
[0.630s] Level 1:colcon.colcon_core.environment:checking '/home/aiv/ev_ws/perception/install/lidar_tracking/lib/pkgconfig/lidar_tracking.pc'
[0.630s] Level 1:colcon.colcon_core.environment:checking '/home/aiv/ev_ws/perception/install/lidar_tracking/lib/python3.10/site-packages'
[0.631s] Level 1:colcon.colcon_core.environment:checking '/home/aiv/ev_ws/perception/install/lidar_tracking/bin'
[0.631s] INFO:colcon.colcon_core.shell:Creating package script '/home/aiv/ev_ws/perception/install/lidar_tracking/share/lidar_tracking/package.ps1'
[0.631s] INFO:colcon.colcon_core.shell:Creating package descriptor '/home/aiv/ev_ws/perception/install/lidar_tracking/share/lidar_tracking/package.dsv'
[0.631s] INFO:colcon.colcon_core.shell:Creating package script '/home/aiv/ev_ws/perception/install/lidar_tracking/share/lidar_tracking/package.sh'
[0.632s] INFO:colcon.colcon_core.shell:Creating package script '/home/aiv/ev_ws/perception/install/lidar_tracking/share/lidar_tracking/package.bash'
[0.632s] INFO:colcon.colcon_core.shell:Creating package script '/home/aiv/ev_ws/perception/install/lidar_tracking/share/lidar_tracking/package.zsh'
[0.632s] Level 1:colcon.colcon_core.environment:create_file_with_runtime_dependencies(/home/aiv/ev_ws/perception/install/lidar_tracking/share/colcon-core/packages/lidar_tracking)
[0.632s] Level 1:colcon.colcon_core.environment:create_environment_scripts_only(lidar_tracking)
[0.632s] Level 1:colcon.colcon_core.environment:checking '/home/aiv/ev_ws/perception/install/lidar_tracking' for CMake module files
[0.633s] Level 1:colcon.colcon_core.environment:checking '/home/aiv/ev_ws/perception/install/lidar_tracking' for CMake config files
[0.633s] Level 1:colcon.colcon_core.shell:create_environment_hook('lidar_tracking', 'cmake_prefix_path')
[0.633s] INFO:colcon.colcon_core.shell:Creating environment hook '/home/aiv/ev_ws/perception/install/lidar_tracking/share/lidar_tracking/hook/cmake_prefix_path.ps1'
[0.633s] INFO:colcon.colcon_core.shell:Creating environment descriptor '/home/aiv/ev_ws/perception/install/lidar_tracking/share/lidar_tracking/hook/cmake_prefix_path.dsv'
[0.633s] INFO:colcon.colcon_core.shell:Creating environment hook '/home/aiv/ev_ws/perception/install/lidar_tracking/share/lidar_tracking/hook/cmake_prefix_path.sh'
[0.634s] Level 1:colcon.colcon_core.environment:checking '/home/aiv/ev_ws/perception/install/lidar_tracking/lib'
[0.634s] Level 1:colcon.colcon_core.shell:create_environment_hook('lidar_tracking', 'ld_library_path_lib')
[0.634s] INFO:colcon.colcon_core.shell:Creating environment hook '/home/aiv/ev_ws/perception/install/lidar_tracking/share/lidar_tracking/hook/ld_library_path_lib.ps1'
[0.634s] INFO:colcon.colcon_core.shell:Creating environment descriptor '/home/aiv/ev_ws/perception/install/lidar_tracking/share/lidar_tracking/hook/ld_library_path_lib.dsv'
[0.634s] INFO:colcon.colcon_core.shell:Creating environment hook '/home/aiv/ev_ws/perception/install/lidar_tracking/share/lidar_tracking/hook/ld_library_path_lib.sh'
[0.635s] Level 1:colcon.colcon_core.environment:checking '/home/aiv/ev_ws/perception/install/lidar_tracking/bin'
[0.635s] Level 1:colcon.colcon_core.environment:checking '/home/aiv/ev_ws/perception/install/lidar_tracking/lib/pkgconfig/lidar_tracking.pc'
[0.635s] Level 1:colcon.colcon_core.environment:checking '/home/aiv/ev_ws/perception/install/lidar_tracking/lib/python3.10/site-packages'
[0.635s] Level 1:colcon.colcon_core.environment:checking '/home/aiv/ev_ws/perception/install/lidar_tracking/bin'
[0.635s] INFO:colcon.colcon_core.shell:Creating package script '/home/aiv/ev_ws/perception/install/lidar_tracking/share/lidar_tracking/package.ps1'
[0.635s] INFO:colcon.colcon_core.shell:Creating package descriptor '/home/aiv/ev_ws/perception/install/lidar_tracking/share/lidar_tracking/package.dsv'
[0.636s] INFO:colcon.colcon_core.shell:Creating package script '/home/aiv/ev_ws/perception/install/lidar_tracking/share/lidar_tracking/package.sh'
[0.636s] INFO:colcon.colcon_core.shell:Creating package script '/home/aiv/ev_ws/perception/install/lidar_tracking/share/lidar_tracking/package.bash'
[0.636s] INFO:colcon.colcon_core.shell:Creating package script '/home/aiv/ev_ws/perception/install/lidar_tracking/share/lidar_tracking/package.zsh'
[0.636s] Level 1:colcon.colcon_core.environment:create_file_with_runtime_dependencies(/home/aiv/ev_ws/perception/install/lidar_tracking/share/colcon-core/packages/lidar_tracking)
[0.638s] DEBUG:colcon.colcon_core.event_handler.log_command:Invoked command in '/home/aiv/ev_ws/perception/build/velodyne_driver' returned '0': CMAKE_PREFIX_PATH=/home/aiv/ev_ws/perception/install/velodyne_msgs:/home/aiv/ev_ws/perception/install/velodyne:/home/aiv/ev_ws/perception/install/lidar_launch:/home/aiv/ev_ws/perception/install/velodyne_pointcloud:/home/aiv/ev_ws/perception/install/velodyne_driver:/home/aiv/ev_ws/perception/install/velodyne_laserscan:/home/aiv/ev_ws/perception/install/velodyne_cropbox:/home/aiv/ev_ws/perception/install/patchworkpp:/home/aiv/ev_ws/perception/install/lidar_voxel_grid:/home/aiv/ev_ws/perception/install/lidar_tracking:/home/aiv/ev_ws/perception/install/cluster_filter:/home/aiv/ev_ws/perception/install/lidar_interfaces:/home/aiv/ev_ws/perception/install/lidar_clustering:/home/aiv/ev_ws/carsa_gazebo/install/carsa_gazebo:/home/aiv/ev_ws/erp42_ros/install/erp42_serial:/home/aiv/ev_ws/erp42_ros/install/erp42_rqt_plugin:/home/aiv/ev_ws/erp42_ros/install/erp42_gazebo:/home/aiv/ev_ws/erp42_ros/install/erp42_util:/home/aiv/ev_ws/erp42_ros/install/erp42_msgs:/home/aiv/ev_ws/erp42_ros/install/erp42_description:/home/aiv/ev_ws/erp42_ros/install/erp42_cmake:/opt/ros/humble LD_LIBRARY_PATH=/home/aiv/ev_ws/perception/install/velodyne_msgs/lib:/home/aiv/ev_ws/perception/install/velodyne_pointcloud/lib:/home/aiv/ev_ws/perception/install/velodyne_driver/lib:/home/aiv/ev_ws/perception/install/velodyne_laserscan/lib:/home/aiv/ev_ws/perception/install/velodyne_cropbox/lib:/home/aiv/ev_ws/perception/install/patchworkpp/lib:/home/aiv/ev_ws/perception/install/lidar_voxel_grid/lib:/home/aiv/ev_ws/perception/install/lidar_tracking/lib:/home/aiv/ev_ws/perception/install/cluster_filter/lib:/home/aiv/ev_ws/perception/install/lidar_interfaces/lib:/home/aiv/ev_ws/perception/install/lidar_clustering/lib:/home/aiv/ev_ws/erp42_ros/install/erp42_serial/lib:/home/aiv/ev_ws/erp42_ros/install/erp42_rqt_plugin/lib:/home/aiv/ev_ws/erp42_ros/install/erp42_gazebo/lib:/home/aiv/ev_ws/erp42_ros/install/erp42_util/lib:/home/aiv/ev_ws/erp42_ros/install/erp42_msgs/lib:/usr/local/cuda-12.6/lib64:/usr/local/cuda-12.6/lib64:/usr/lib/x86_64-linux-gnu/gazebo-11/plugins:/opt/ros/humble/opt/rviz_ogre_vendor/lib:/opt/ros/humble/lib/x86_64-linux-gnu:/opt/ros/humble/lib:/usr/local/cuda-12.6/lib64 /usr/bin/cmake --build /home/aiv/ev_ws/perception/build/velodyne_driver -- -j28 -l28
[0.639s] DEBUG:colcon.colcon_core.event_handler.log_command:Invoking command in '/home/aiv/ev_ws/perception/build/velodyne_driver': CMAKE_PREFIX_PATH=/home/aiv/ev_ws/perception/install/velodyne_msgs:/home/aiv/ev_ws/perception/install/velodyne:/home/aiv/ev_ws/perception/install/lidar_launch:/home/aiv/ev_ws/perception/install/velodyne_pointcloud:/home/aiv/ev_ws/perception/install/velodyne_driver:/home/aiv/ev_ws/perception/install/velodyne_laserscan:/home/aiv/ev_ws/perception/install/velodyne_cropbox:/home/aiv/ev_ws/perception/install/patchworkpp:/home/aiv/ev_ws/perception/install/lidar_voxel_grid:/home/aiv/ev_ws/perception/install/lidar_tracking:/home/aiv/ev_ws/perception/install/cluster_filter:/home/aiv/ev_ws/perception/install/lidar_interfaces:/home/aiv/ev_ws/perception/install/lidar_clustering:/home/aiv/ev_ws/carsa_gazebo/install/carsa_gazebo:/home/aiv/ev_ws/erp42_ros/install/erp42_serial:/home/aiv/ev_ws/erp42_ros/install/erp42_rqt_plugin:/home/aiv/ev_ws/erp42_ros/install/erp42_gazebo:/home/aiv/ev_ws/erp42_ros/install/erp42_util:/home/aiv/ev_ws/erp42_ros/install/erp42_msgs:/home/aiv/ev_ws/erp42_ros/install/erp42_description:/home/aiv/ev_ws/erp42_ros/install/erp42_cmake:/opt/ros/humble LD_LIBRARY_PATH=/home/aiv/ev_ws/perception/install/velodyne_msgs/lib:/home/aiv/ev_ws/perception/install/velodyne_pointcloud/lib:/home/aiv/ev_ws/perception/install/velodyne_driver/lib:/home/aiv/ev_ws/perception/install/velodyne_laserscan/lib:/home/aiv/ev_ws/perception/install/velodyne_cropbox/lib:/home/aiv/ev_ws/perception/install/patchworkpp/lib:/home/aiv/ev_ws/perception/install/lidar_voxel_grid/lib:/home/aiv/ev_ws/perception/install/lidar_tracking/lib:/home/aiv/ev_ws/perception/install/cluster_filter/lib:/home/aiv/ev_ws/perception/install/lidar_interfaces/lib:/home/aiv/ev_ws/perception/install/lidar_clustering/lib:/home/aiv/ev_ws/erp42_ros/install/erp42_serial/lib:/home/aiv/ev_ws/erp42_ros/install/erp42_rqt_plugin/lib:/home/aiv/ev_ws/erp42_ros/install/erp42_gazebo/lib:/home/aiv/ev_ws/erp42_ros/install/erp42_util/lib:/home/aiv/ev_ws/erp42_ros/install/erp42_msgs/lib:/usr/local/cuda-12.6/lib64:/usr/local/cuda-12.6/lib64:/usr/lib/x86_64-linux-gnu/gazebo-11/plugins:/opt/ros/humble/opt/rviz_ogre_vendor/lib:/opt/ros/humble/lib/x86_64-linux-gnu:/opt/ros/humble/lib:/usr/local/cuda-12.6/lib64 /usr/bin/cmake --install /home/aiv/ev_ws/perception/build/velodyne_driver
[0.647s] Level 1:colcon.colcon_core.environment:create_environment_scripts_only(velodyne_driver)
[0.647s] Level 1:colcon.colcon_core.environment:checking '/home/aiv/ev_ws/perception/install/velodyne_driver' for CMake module files
[0.648s] DEBUG:colcon.colcon_core.event_handler.log_command:Invoked command in '/home/aiv/ev_ws/perception/build/velodyne_driver' returned '0': CMAKE_PREFIX_PATH=/home/aiv/ev_ws/perception/install/velodyne_msgs:/home/aiv/ev_ws/perception/install/velodyne:/home/aiv/ev_ws/perception/install/lidar_launch:/home/aiv/ev_ws/perception/install/velodyne_pointcloud:/home/aiv/ev_ws/perception/install/velodyne_driver:/home/aiv/ev_ws/perception/install/velodyne_laserscan:/home/aiv/ev_ws/perception/install/velodyne_cropbox:/home/aiv/ev_ws/perception/install/patchworkpp:/home/aiv/ev_ws/perception/install/lidar_voxel_grid:/home/aiv/ev_ws/perception/install/lidar_tracking:/home/aiv/ev_ws/perception/install/cluster_filter:/home/aiv/ev_ws/perception/install/lidar_interfaces:/home/aiv/ev_ws/perception/install/lidar_clustering:/home/aiv/ev_ws/carsa_gazebo/install/carsa_gazebo:/home/aiv/ev_ws/erp42_ros/install/erp42_serial:/home/aiv/ev_ws/erp42_ros/install/erp42_rqt_plugin:/home/aiv/ev_ws/erp42_ros/install/erp42_gazebo:/home/aiv/ev_ws/erp42_ros/install/erp42_util:/home/aiv/ev_ws/erp42_ros/install/erp42_msgs:/home/aiv/ev_ws/erp42_ros/install/erp42_description:/home/aiv/ev_ws/erp42_ros/install/erp42_cmake:/opt/ros/humble LD_LIBRARY_PATH=/home/aiv/ev_ws/perception/install/velodyne_msgs/lib:/home/aiv/ev_ws/perception/install/velodyne_pointcloud/lib:/home/aiv/ev_ws/perception/install/velodyne_driver/lib:/home/aiv/ev_ws/perception/install/velodyne_laserscan/lib:/home/aiv/ev_ws/perception/install/velodyne_cropbox/lib:/home/aiv/ev_ws/perception/install/patchworkpp/lib:/home/aiv/ev_ws/perception/install/lidar_voxel_grid/lib:/home/aiv/ev_ws/perception/install/lidar_tracking/lib:/home/aiv/ev_ws/perception/install/cluster_filter/lib:/home/aiv/ev_ws/perception/install/lidar_interfaces/lib:/home/aiv/ev_ws/perception/install/lidar_clustering/lib:/home/aiv/ev_ws/erp42_ros/install/erp42_serial/lib:/home/aiv/ev_ws/erp42_ros/install/erp42_rqt_plugin/lib:/home/aiv/ev_ws/erp42_ros/install/erp42_gazebo/lib:/home/aiv/ev_ws/erp42_ros/install/erp42_util/lib:/home/aiv/ev_ws/erp42_ros/install/erp42_msgs/lib:/usr/local/cuda-12.6/lib64:/usr/local/cuda-12.6/lib64:/usr/lib/x86_64-linux-gnu/gazebo-11/plugins:/opt/ros/humble/opt/rviz_ogre_vendor/lib:/opt/ros/humble/lib/x86_64-linux-gnu:/opt/ros/humble/lib:/usr/local/cuda-12.6/lib64 /usr/bin/cmake --install /home/aiv/ev_ws/perception/build/velodyne_driver
[0.648s] Level 1:colcon.colcon_core.environment:checking '/home/aiv/ev_ws/perception/install/velodyne_driver' for CMake config files
[0.648s] Level 1:colcon.colcon_core.shell:create_environment_hook('velodyne_driver', 'cmake_prefix_path')
[0.648s] INFO:colcon.colcon_core.shell:Creating environment hook '/home/aiv/ev_ws/perception/install/velodyne_driver/share/velodyne_driver/hook/cmake_prefix_path.ps1'
[0.648s] INFO:colcon.colcon_core.shell:Creating environment descriptor '/home/aiv/ev_ws/perception/install/velodyne_driver/share/velodyne_driver/hook/cmake_prefix_path.dsv'
[0.649s] INFO:colcon.colcon_core.shell:Creating environment hook '/home/aiv/ev_ws/perception/install/velodyne_driver/share/velodyne_driver/hook/cmake_prefix_path.sh'
[0.649s] Level 1:colcon.colcon_core.environment:checking '/home/aiv/ev_ws/perception/install/velodyne_driver/lib'
[0.649s] Level 1:colcon.colcon_core.shell:create_environment_hook('velodyne_driver', 'ld_library_path_lib')
[0.649s] INFO:colcon.colcon_core.shell:Creating environment hook '/home/aiv/ev_ws/perception/install/velodyne_driver/share/velodyne_driver/hook/ld_library_path_lib.ps1'
[0.649s] INFO:colcon.colcon_core.shell:Creating environment descriptor '/home/aiv/ev_ws/perception/install/velodyne_driver/share/velodyne_driver/hook/ld_library_path_lib.dsv'
[0.650s] INFO:colcon.colcon_core.shell:Creating environment hook '/home/aiv/ev_ws/perception/install/velodyne_driver/share/velodyne_driver/hook/ld_library_path_lib.sh'
[0.650s] Level 1:colcon.colcon_core.environment:checking '/home/aiv/ev_ws/perception/install/velodyne_driver/bin'
[0.650s] Level 1:colcon.colcon_core.environment:checking '/home/aiv/ev_ws/perception/install/velodyne_driver/lib/pkgconfig/velodyne_driver.pc'
[0.650s] Level 1:colcon.colcon_core.environment:checking '/home/aiv/ev_ws/perception/install/velodyne_driver/lib/python3.10/site-packages'
[0.650s] Level 1:colcon.colcon_core.environment:checking '/home/aiv/ev_ws/perception/install/velodyne_driver/bin'
[0.650s] INFO:colcon.colcon_core.shell:Creating package script '/home/aiv/ev_ws/perception/install/velodyne_driver/share/velodyne_driver/package.ps1'
[0.651s] INFO:colcon.colcon_core.shell:Creating package descriptor '/home/aiv/ev_ws/perception/install/velodyne_driver/share/velodyne_driver/package.dsv'
[0.651s] INFO:colcon.colcon_core.shell:Creating package script '/home/aiv/ev_ws/perception/install/velodyne_driver/share/velodyne_driver/package.sh'
[0.651s] INFO:colcon.colcon_core.shell:Creating package script '/home/aiv/ev_ws/perception/install/velodyne_driver/share/velodyne_driver/package.bash'
[0.651s] INFO:colcon.colcon_core.shell:Creating package script '/home/aiv/ev_ws/perception/install/velodyne_driver/share/velodyne_driver/package.zsh'
[0.651s] Level 1:colcon.colcon_core.environment:create_file_with_runtime_dependencies(/home/aiv/ev_ws/perception/install/velodyne_driver/share/colcon-core/packages/velodyne_driver)
[0.652s] Level 1:colcon.colcon_core.environment:create_environment_scripts_only(velodyne_driver)
[0.652s] Level 1:colcon.colcon_core.environment:checking '/home/aiv/ev_ws/perception/install/velodyne_driver' for CMake module files
[0.652s] Level 1:colcon.colcon_core.environment:checking '/home/aiv/ev_ws/perception/install/velodyne_driver' for CMake config files
[0.652s] Level 1:colcon.colcon_core.shell:create_environment_hook('velodyne_driver', 'cmake_prefix_path')
[0.652s] INFO:colcon.colcon_core.shell:Creating environment hook '/home/aiv/ev_ws/perception/install/velodyne_driver/share/velodyne_driver/hook/cmake_prefix_path.ps1'
[0.653s] INFO:colcon.colcon_core.shell:Creating environment descriptor '/home/aiv/ev_ws/perception/install/velodyne_driver/share/velodyne_driver/hook/cmake_prefix_path.dsv'
[0.653s] INFO:colcon.colcon_core.shell:Creating environment hook '/home/aiv/ev_ws/perception/install/velodyne_driver/share/velodyne_driver/hook/cmake_prefix_path.sh'
[0.653s] Level 1:colcon.colcon_core.environment:checking '/home/aiv/ev_ws/perception/install/velodyne_driver/lib'
[0.653s] Level 1:colcon.colcon_core.shell:create_environment_hook('velodyne_driver', 'ld_library_path_lib')
[0.653s] INFO:colcon.colcon_core.shell:Creating environment hook '/home/aiv/ev_ws/perception/install/velodyne_driver/share/velodyne_driver/hook/ld_library_path_lib.ps1'
[0.653s] INFO:colcon.colcon_core.shell:Creating environment descriptor '/home/aiv/ev_ws/perception/install/velodyne_driver/share/velodyne_driver/hook/ld_library_path_lib.dsv'
[0.654s] INFO:colcon.colcon_core.shell:Creating environment hook '/home/aiv/ev_ws/perception/install/velodyne_driver/share/velodyne_driver/hook/ld_library_path_lib.sh'
[0.654s] Level 1:colcon.colcon_core.environment:checking '/home/aiv/ev_ws/perception/install/velodyne_driver/bin'
[0.654s] Level 1:colcon.colcon_core.environment:checking '/home/aiv/ev_ws/perception/install/velodyne_driver/lib/pkgconfig/velodyne_driver.pc'
[0.654s] Level 1:colcon.colcon_core.environment:checking '/home/aiv/ev_ws/perception/install/velodyne_driver/lib/python3.10/site-packages'
[0.654s] Level 1:colcon.colcon_core.environment:checking '/home/aiv/ev_ws/perception/install/velodyne_driver/bin'
[0.654s] INFO:colcon.colcon_core.shell:Creating package script '/home/aiv/ev_ws/perception/install/velodyne_driver/share/velodyne_driver/package.ps1'
[0.655s] INFO:colcon.colcon_core.shell:Creating package descriptor '/home/aiv/ev_ws/perception/install/velodyne_driver/share/velodyne_driver/package.dsv'
[0.655s] INFO:colcon.colcon_core.shell:Creating package script '/home/aiv/ev_ws/perception/install/velodyne_driver/share/velodyne_driver/package.sh'
[0.655s] INFO:colcon.colcon_core.shell:Creating package script '/home/aiv/ev_ws/perception/install/velodyne_driver/share/velodyne_driver/package.bash'
[0.655s] INFO:colcon.colcon_core.shell:Creating package script '/home/aiv/ev_ws/perception/install/velodyne_driver/share/velodyne_driver/package.zsh'
[0.656s] Level 1:colcon.colcon_core.environment:create_file_with_runtime_dependencies(/home/aiv/ev_ws/perception/install/velodyne_driver/share/colcon-core/packages/velodyne_driver)
[0.657s] DEBUG:colcon.colcon_core.event_handler.log_command:Invoked command in '/home/aiv/ev_ws/perception/build/velodyne_pointcloud' returned '0': CMAKE_PREFIX_PATH=/home/aiv/ev_ws/perception/install/velodyne_msgs:/home/aiv/ev_ws/perception/install/velodyne:/home/aiv/ev_ws/perception/install/lidar_launch:/home/aiv/ev_ws/perception/install/velodyne_pointcloud:/home/aiv/ev_ws/perception/install/velodyne_driver:/home/aiv/ev_ws/perception/install/velodyne_laserscan:/home/aiv/ev_ws/perception/install/velodyne_cropbox:/home/aiv/ev_ws/perception/install/patchworkpp:/home/aiv/ev_ws/perception/install/lidar_voxel_grid:/home/aiv/ev_ws/perception/install/lidar_tracking:/home/aiv/ev_ws/perception/install/cluster_filter:/home/aiv/ev_ws/perception/install/lidar_interfaces:/home/aiv/ev_ws/perception/install/lidar_clustering:/home/aiv/ev_ws/carsa_gazebo/install/carsa_gazebo:/home/aiv/ev_ws/erp42_ros/install/erp42_serial:/home/aiv/ev_ws/erp42_ros/install/erp42_rqt_plugin:/home/aiv/ev_ws/erp42_ros/install/erp42_gazebo:/home/aiv/ev_ws/erp42_ros/install/erp42_util:/home/aiv/ev_ws/erp42_ros/install/erp42_msgs:/home/aiv/ev_ws/erp42_ros/install/erp42_description:/home/aiv/ev_ws/erp42_ros/install/erp42_cmake:/opt/ros/humble LD_LIBRARY_PATH=/home/aiv/ev_ws/perception/install/velodyne_msgs/lib:/home/aiv/ev_ws/perception/install/velodyne_pointcloud/lib:/home/aiv/ev_ws/perception/install/velodyne_driver/lib:/home/aiv/ev_ws/perception/install/velodyne_laserscan/lib:/home/aiv/ev_ws/perception/install/velodyne_cropbox/lib:/home/aiv/ev_ws/perception/install/patchworkpp/lib:/home/aiv/ev_ws/perception/install/lidar_voxel_grid/lib:/home/aiv/ev_ws/perception/install/lidar_tracking/lib:/home/aiv/ev_ws/perception/install/cluster_filter/lib:/home/aiv/ev_ws/perception/install/lidar_interfaces/lib:/home/aiv/ev_ws/perception/install/lidar_clustering/lib:/home/aiv/ev_ws/erp42_ros/install/erp42_serial/lib:/home/aiv/ev_ws/erp42_ros/install/erp42_rqt_plugin/lib:/home/aiv/ev_ws/erp42_ros/install/erp42_gazebo/lib:/home/aiv/ev_ws/erp42_ros/install/erp42_util/lib:/home/aiv/ev_ws/erp42_ros/install/erp42_msgs/lib:/usr/local/cuda-12.6/lib64:/usr/local/cuda-12.6/lib64:/usr/lib/x86_64-linux-gnu/gazebo-11/plugins:/opt/ros/humble/opt/rviz_ogre_vendor/lib:/opt/ros/humble/lib/x86_64-linux-gnu:/opt/ros/humble/lib:/usr/local/cuda-12.6/lib64 /usr/bin/cmake --build /home/aiv/ev_ws/perception/build/velodyne_pointcloud -- -j28 -l28
[0.657s] DEBUG:colcon.colcon_core.event_handler.log_command:Invoking command in '/home/aiv/ev_ws/perception/build/velodyne_pointcloud': CMAKE_PREFIX_PATH=/home/aiv/ev_ws/perception/install/velodyne_msgs:/home/aiv/ev_ws/perception/install/velodyne:/home/aiv/ev_ws/perception/install/lidar_launch:/home/aiv/ev_ws/perception/install/velodyne_pointcloud:/home/aiv/ev_ws/perception/install/velodyne_driver:/home/aiv/ev_ws/perception/install/velodyne_laserscan:/home/aiv/ev_ws/perception/install/velodyne_cropbox:/home/aiv/ev_ws/perception/install/patchworkpp:/home/aiv/ev_ws/perception/install/lidar_voxel_grid:/home/aiv/ev_ws/perception/install/lidar_tracking:/home/aiv/ev_ws/perception/install/cluster_filter:/home/aiv/ev_ws/perception/install/lidar_interfaces:/home/aiv/ev_ws/perception/install/lidar_clustering:/home/aiv/ev_ws/carsa_gazebo/install/carsa_gazebo:/home/aiv/ev_ws/erp42_ros/install/erp42_serial:/home/aiv/ev_ws/erp42_ros/install/erp42_rqt_plugin:/home/aiv/ev_ws/erp42_ros/install/erp42_gazebo:/home/aiv/ev_ws/erp42_ros/install/erp42_util:/home/aiv/ev_ws/erp42_ros/install/erp42_msgs:/home/aiv/ev_ws/erp42_ros/install/erp42_description:/home/aiv/ev_ws/erp42_ros/install/erp42_cmake:/opt/ros/humble LD_LIBRARY_PATH=/home/aiv/ev_ws/perception/install/velodyne_msgs/lib:/home/aiv/ev_ws/perception/install/velodyne_pointcloud/lib:/home/aiv/ev_ws/perception/install/velodyne_driver/lib:/home/aiv/ev_ws/perception/install/velodyne_laserscan/lib:/home/aiv/ev_ws/perception/install/velodyne_cropbox/lib:/home/aiv/ev_ws/perception/install/patchworkpp/lib:/home/aiv/ev_ws/perception/install/lidar_voxel_grid/lib:/home/aiv/ev_ws/perception/install/lidar_tracking/lib:/home/aiv/ev_ws/perception/install/cluster_filter/lib:/home/aiv/ev_ws/perception/install/lidar_interfaces/lib:/home/aiv/ev_ws/perception/install/lidar_clustering/lib:/home/aiv/ev_ws/erp42_ros/install/erp42_serial/lib:/home/aiv/ev_ws/erp42_ros/install/erp42_rqt_plugin/lib:/home/aiv/ev_ws/erp42_ros/install/erp42_gazebo/lib:/home/aiv/ev_ws/erp42_ros/install/erp42_util/lib:/home/aiv/ev_ws/erp42_ros/install/erp42_msgs/lib:/usr/local/cuda-12.6/lib64:/usr/local/cuda-12.6/lib64:/usr/lib/x86_64-linux-gnu/gazebo-11/plugins:/opt/ros/humble/opt/rviz_ogre_vendor/lib:/opt/ros/humble/lib/x86_64-linux-gnu:/opt/ros/humble/lib:/usr/local/cuda-12.6/lib64 /usr/bin/cmake --install /home/aiv/ev_ws/perception/build/velodyne_pointcloud
[0.668s] Level 1:colcon.colcon_core.environment:create_environment_scripts_only(velodyne_pointcloud)
[0.669s] Level 1:colcon.colcon_core.environment:checking '/home/aiv/ev_ws/perception/install/velodyne_pointcloud' for CMake module files
[0.669s] DEBUG:colcon.colcon_core.event_handler.log_command:Invoked command in '/home/aiv/ev_ws/perception/build/velodyne_pointcloud' returned '0': CMAKE_PREFIX_PATH=/home/aiv/ev_ws/perception/install/velodyne_msgs:/home/aiv/ev_ws/perception/install/velodyne:/home/aiv/ev_ws/perception/install/lidar_launch:/home/aiv/ev_ws/perception/install/velodyne_pointcloud:/home/aiv/ev_ws/perception/install/velodyne_driver:/home/aiv/ev_ws/perception/install/velodyne_laserscan:/home/aiv/ev_ws/perception/install/velodyne_cropbox:/home/aiv/ev_ws/perception/install/patchworkpp:/home/aiv/ev_ws/perception/install/lidar_voxel_grid:/home/aiv/ev_ws/perception/install/lidar_tracking:/home/aiv/ev_ws/perception/install/cluster_filter:/home/aiv/ev_ws/perception/install/lidar_interfaces:/home/aiv/ev_ws/perception/install/lidar_clustering:/home/aiv/ev_ws/carsa_gazebo/install/carsa_gazebo:/home/aiv/ev_ws/erp42_ros/install/erp42_serial:/home/aiv/ev_ws/erp42_ros/install/erp42_rqt_plugin:/home/aiv/ev_ws/erp42_ros/install/erp42_gazebo:/home/aiv/ev_ws/erp42_ros/install/erp42_util:/home/aiv/ev_ws/erp42_ros/install/erp42_msgs:/home/aiv/ev_ws/erp42_ros/install/erp42_description:/home/aiv/ev_ws/erp42_ros/install/erp42_cmake:/opt/ros/humble LD_LIBRARY_PATH=/home/aiv/ev_ws/perception/install/velodyne_msgs/lib:/home/aiv/ev_ws/perception/install/velodyne_pointcloud/lib:/home/aiv/ev_ws/perception/install/velodyne_driver/lib:/home/aiv/ev_ws/perception/install/velodyne_laserscan/lib:/home/aiv/ev_ws/perception/install/velodyne_cropbox/lib:/home/aiv/ev_ws/perception/install/patchworkpp/lib:/home/aiv/ev_ws/perception/install/lidar_voxel_grid/lib:/home/aiv/ev_ws/perception/install/lidar_tracking/lib:/home/aiv/ev_ws/perception/install/cluster_filter/lib:/home/aiv/ev_ws/perception/install/lidar_interfaces/lib:/home/aiv/ev_ws/perception/install/lidar_clustering/lib:/home/aiv/ev_ws/erp42_ros/install/erp42_serial/lib:/home/aiv/ev_ws/erp42_ros/install/erp42_rqt_plugin/lib:/home/aiv/ev_ws/erp42_ros/install/erp42_gazebo/lib:/home/aiv/ev_ws/erp42_ros/install/erp42_util/lib:/home/aiv/ev_ws/erp42_ros/install/erp42_msgs/lib:/usr/local/cuda-12.6/lib64:/usr/local/cuda-12.6/lib64:/usr/lib/x86_64-linux-gnu/gazebo-11/plugins:/opt/ros/humble/opt/rviz_ogre_vendor/lib:/opt/ros/humble/lib/x86_64-linux-gnu:/opt/ros/humble/lib:/usr/local/cuda-12.6/lib64 /usr/bin/cmake --install /home/aiv/ev_ws/perception/build/velodyne_pointcloud
[0.670s] Level 1:colcon.colcon_core.environment:checking '/home/aiv/ev_ws/perception/install/velodyne_pointcloud' for CMake config files
[0.670s] Level 1:colcon.colcon_core.shell:create_environment_hook('velodyne_pointcloud', 'cmake_prefix_path')
[0.670s] INFO:colcon.colcon_core.shell:Creating environment hook '/home/aiv/ev_ws/perception/install/velodyne_pointcloud/share/velodyne_pointcloud/hook/cmake_prefix_path.ps1'
[0.671s] INFO:colcon.colcon_core.shell:Creating environment descriptor '/home/aiv/ev_ws/perception/install/velodyne_pointcloud/share/velodyne_pointcloud/hook/cmake_prefix_path.dsv'
[0.671s] INFO:colcon.colcon_core.shell:Creating environment hook '/home/aiv/ev_ws/perception/install/velodyne_pointcloud/share/velodyne_pointcloud/hook/cmake_prefix_path.sh'
[0.672s] Level 1:colcon.colcon_core.environment:checking '/home/aiv/ev_ws/perception/install/velodyne_pointcloud/lib'
[0.672s] Level 1:colcon.colcon_core.shell:create_environment_hook('velodyne_pointcloud', 'ld_library_path_lib')
[0.672s] INFO:colcon.colcon_core.shell:Creating environment hook '/home/aiv/ev_ws/perception/install/velodyne_pointcloud/share/velodyne_pointcloud/hook/ld_library_path_lib.ps1'
[0.672s] INFO:colcon.colcon_core.shell:Creating environment descriptor '/home/aiv/ev_ws/perception/install/velodyne_pointcloud/share/velodyne_pointcloud/hook/ld_library_path_lib.dsv'
[0.673s] INFO:colcon.colcon_core.shell:Creating environment hook '/home/aiv/ev_ws/perception/install/velodyne_pointcloud/share/velodyne_pointcloud/hook/ld_library_path_lib.sh'
[0.673s] Level 1:colcon.colcon_core.environment:checking '/home/aiv/ev_ws/perception/install/velodyne_pointcloud/bin'
[0.673s] Level 1:colcon.colcon_core.environment:checking '/home/aiv/ev_ws/perception/install/velodyne_pointcloud/lib/pkgconfig/velodyne_pointcloud.pc'
[0.673s] Level 1:colcon.colcon_core.environment:checking '/home/aiv/ev_ws/perception/install/velodyne_pointcloud/lib/python3.10/site-packages'
[0.674s] Level 1:colcon.colcon_core.environment:checking '/home/aiv/ev_ws/perception/install/velodyne_pointcloud/bin'
[0.674s] INFO:colcon.colcon_core.shell:Creating package script '/home/aiv/ev_ws/perception/install/velodyne_pointcloud/share/velodyne_pointcloud/package.ps1'
[0.674s] INFO:colcon.colcon_core.shell:Creating package descriptor '/home/aiv/ev_ws/perception/install/velodyne_pointcloud/share/velodyne_pointcloud/package.dsv'
[0.675s] INFO:colcon.colcon_core.shell:Creating package script '/home/aiv/ev_ws/perception/install/velodyne_pointcloud/share/velodyne_pointcloud/package.sh'
[0.675s] INFO:colcon.colcon_core.shell:Creating package script '/home/aiv/ev_ws/perception/install/velodyne_pointcloud/share/velodyne_pointcloud/package.bash'
[0.675s] INFO:colcon.colcon_core.shell:Creating package script '/home/aiv/ev_ws/perception/install/velodyne_pointcloud/share/velodyne_pointcloud/package.zsh'
[0.675s] Level 1:colcon.colcon_core.environment:create_file_with_runtime_dependencies(/home/aiv/ev_ws/perception/install/velodyne_pointcloud/share/colcon-core/packages/velodyne_pointcloud)
[0.675s] Level 1:colcon.colcon_core.environment:create_environment_scripts_only(velodyne_pointcloud)
[0.676s] Level 1:colcon.colcon_core.environment:checking '/home/aiv/ev_ws/perception/install/velodyne_pointcloud' for CMake module files
[0.676s] Level 1:colcon.colcon_core.environment:checking '/home/aiv/ev_ws/perception/install/velodyne_pointcloud' for CMake config files
[0.676s] Level 1:colcon.colcon_core.shell:create_environment_hook('velodyne_pointcloud', 'cmake_prefix_path')
[0.676s] INFO:colcon.colcon_core.shell:Creating environment hook '/home/aiv/ev_ws/perception/install/velodyne_pointcloud/share/velodyne_pointcloud/hook/cmake_prefix_path.ps1'
[0.676s] INFO:colcon.colcon_core.shell:Creating environment descriptor '/home/aiv/ev_ws/perception/install/velodyne_pointcloud/share/velodyne_pointcloud/hook/cmake_prefix_path.dsv'
[0.676s] INFO:colcon.colcon_core.shell:Creating environment hook '/home/aiv/ev_ws/perception/install/velodyne_pointcloud/share/velodyne_pointcloud/hook/cmake_prefix_path.sh'
[0.677s] Level 1:colcon.colcon_core.environment:checking '/home/aiv/ev_ws/perception/install/velodyne_pointcloud/lib'
[0.677s] Level 1:colcon.colcon_core.shell:create_environment_hook('velodyne_pointcloud', 'ld_library_path_lib')
[0.677s] INFO:colcon.colcon_core.shell:Creating environment hook '/home/aiv/ev_ws/perception/install/velodyne_pointcloud/share/velodyne_pointcloud/hook/ld_library_path_lib.ps1'
[0.677s] INFO:colcon.colcon_core.shell:Creating environment descriptor '/home/aiv/ev_ws/perception/install/velodyne_pointcloud/share/velodyne_pointcloud/hook/ld_library_path_lib.dsv'
[0.677s] INFO:colcon.colcon_core.shell:Creating environment hook '/home/aiv/ev_ws/perception/install/velodyne_pointcloud/share/velodyne_pointcloud/hook/ld_library_path_lib.sh'
[0.677s] Level 1:colcon.colcon_core.environment:checking '/home/aiv/ev_ws/perception/install/velodyne_pointcloud/bin'
[0.677s] Level 1:colcon.colcon_core.environment:checking '/home/aiv/ev_ws/perception/install/velodyne_pointcloud/lib/pkgconfig/velodyne_pointcloud.pc'
[0.678s] Level 1:colcon.colcon_core.environment:checking '/home/aiv/ev_ws/perception/install/velodyne_pointcloud/lib/python3.10/site-packages'
[0.678s] Level 1:colcon.colcon_core.environment:checking '/home/aiv/ev_ws/perception/install/velodyne_pointcloud/bin'
[0.678s] INFO:colcon.colcon_core.shell:Creating package script '/home/aiv/ev_ws/perception/install/velodyne_pointcloud/share/velodyne_pointcloud/package.ps1'
[0.678s] INFO:colcon.colcon_core.shell:Creating package descriptor '/home/aiv/ev_ws/perception/install/velodyne_pointcloud/share/velodyne_pointcloud/package.dsv'
[0.679s] INFO:colcon.colcon_core.shell:Creating package script '/home/aiv/ev_ws/perception/install/velodyne_pointcloud/share/velodyne_pointcloud/package.sh'
[0.679s] INFO:colcon.colcon_core.shell:Creating package script '/home/aiv/ev_ws/perception/install/velodyne_pointcloud/share/velodyne_pointcloud/package.bash'
[0.679s] INFO:colcon.colcon_core.shell:Creating package script '/home/aiv/ev_ws/perception/install/velodyne_pointcloud/share/velodyne_pointcloud/package.zsh'
[0.679s] Level 1:colcon.colcon_core.environment:create_file_with_runtime_dependencies(/home/aiv/ev_ws/perception/install/velodyne_pointcloud/share/colcon-core/packages/velodyne_pointcloud)
[0.680s] INFO:colcon.colcon_ros.task.ament_cmake.build:Building ROS package in '/home/aiv/ev_ws/perception/src/lidar_launch' with build type 'ament_cmake'
[0.680s] INFO:colcon.colcon_cmake.task.cmake.build:Building CMake package in '/home/aiv/ev_ws/perception/src/lidar_launch'
[0.680s] INFO:colcon.colcon_core.shell:Skip shell extension 'powershell' for command environment: Not usable outside of PowerShell
[0.680s] DEBUG:colcon.colcon_core.shell:Skip shell extension 'dsv' for command environment
[0.683s] INFO:colcon.colcon_ros.task.ament_cmake.build:Building ROS package in '/home/aiv/ev_ws/perception/src/lidar/velodyne' with build type 'ament_cmake'
[0.683s] INFO:colcon.colcon_cmake.task.cmake.build:Building CMake package in '/home/aiv/ev_ws/perception/src/lidar/velodyne'
[0.683s] INFO:colcon.colcon_core.shell:Skip shell extension 'powershell' for command environment: Not usable outside of PowerShell
[0.683s] DEBUG:colcon.colcon_core.shell:Skip shell extension 'dsv' for command environment
[0.695s] DEBUG:colcon.colcon_core.event_handler.log_command:Invoking command in '/home/aiv/ev_ws/perception/build/velodyne': CMAKE_PREFIX_PATH=/home/aiv/ev_ws/perception/install/velodyne_pointcloud:/home/aiv/ev_ws/perception/install/velodyne_driver:/home/aiv/ev_ws/perception/install/velodyne_msgs:/home/aiv/ev_ws/perception/install/velodyne_laserscan:/home/aiv/ev_ws/perception/install/velodyne:/home/aiv/ev_ws/perception/install/lidar_launch:/home/aiv/ev_ws/perception/install/velodyne_cropbox:/home/aiv/ev_ws/perception/install/patchworkpp:/home/aiv/ev_ws/perception/install/lidar_voxel_grid:/home/aiv/ev_ws/perception/install/lidar_tracking:/home/aiv/ev_ws/perception/install/cluster_filter:/home/aiv/ev_ws/perception/install/lidar_interfaces:/home/aiv/ev_ws/perception/install/lidar_clustering:/home/aiv/ev_ws/carsa_gazebo/install/carsa_gazebo:/home/aiv/ev_ws/erp42_ros/install/erp42_serial:/home/aiv/ev_ws/erp42_ros/install/erp42_rqt_plugin:/home/aiv/ev_ws/erp42_ros/install/erp42_gazebo:/home/aiv/ev_ws/erp42_ros/install/erp42_util:/home/aiv/ev_ws/erp42_ros/install/erp42_msgs:/home/aiv/ev_ws/erp42_ros/install/erp42_description:/home/aiv/ev_ws/erp42_ros/install/erp42_cmake:/opt/ros/humble /usr/bin/cmake --build /home/aiv/ev_ws/perception/build/velodyne -- -j28 -l28
[0.703s] DEBUG:colcon.colcon_core.event_handler.log_command:Invoking command in '/home/aiv/ev_ws/perception/build/lidar_launch': CMAKE_PREFIX_PATH=/home/aiv/ev_ws/perception/install/velodyne_pointcloud:/home/aiv/ev_ws/perception/install/velodyne_driver:/home/aiv/ev_ws/perception/install/lidar_tracking:/home/aiv/ev_ws/perception/install/cluster_filter:/home/aiv/ev_ws/perception/install/velodyne_msgs:/home/aiv/ev_ws/perception/install/velodyne_cropbox:/home/aiv/ev_ws/perception/install/patchworkpp:/home/aiv/ev_ws/perception/install/lidar_voxel_grid:/home/aiv/ev_ws/perception/install/lidar_interfaces:/home/aiv/ev_ws/perception/install/lidar_clustering:/home/aiv/ev_ws/perception/install/velodyne:/home/aiv/ev_ws/perception/install/lidar_launch:/home/aiv/ev_ws/perception/install/velodyne_laserscan:/home/aiv/ev_ws/carsa_gazebo/install/carsa_gazebo:/home/aiv/ev_ws/erp42_ros/install/erp42_serial:/home/aiv/ev_ws/erp42_ros/install/erp42_rqt_plugin:/home/aiv/ev_ws/erp42_ros/install/erp42_gazebo:/home/aiv/ev_ws/erp42_ros/install/erp42_util:/home/aiv/ev_ws/erp42_ros/install/erp42_msgs:/home/aiv/ev_ws/erp42_ros/install/erp42_description:/home/aiv/ev_ws/erp42_ros/install/erp42_cmake:/opt/ros/humble LD_LIBRARY_PATH=/home/aiv/ev_ws/perception/install/velodyne_pointcloud/lib:/home/aiv/ev_ws/perception/install/velodyne_driver/lib:/home/aiv/ev_ws/perception/install/lidar_tracking/lib:/home/aiv/ev_ws/perception/install/cluster_filter/lib:/home/aiv/ev_ws/perception/install/velodyne_msgs/lib:/home/aiv/ev_ws/perception/install/velodyne_cropbox/lib:/home/aiv/ev_ws/perception/install/patchworkpp/lib:/home/aiv/ev_ws/perception/install/lidar_voxel_grid/lib:/home/aiv/ev_ws/perception/install/lidar_interfaces/lib:/home/aiv/ev_ws/perception/install/lidar_clustering/lib:/home/aiv/ev_ws/perception/install/velodyne_laserscan/lib:/home/aiv/ev_ws/erp42_ros/install/erp42_serial/lib:/home/aiv/ev_ws/erp42_ros/install/erp42_rqt_plugin/lib:/home/aiv/ev_ws/erp42_ros/install/erp42_gazebo/lib:/home/aiv/ev_ws/erp42_ros/install/erp42_util/lib:/home/aiv/ev_ws/erp42_ros/install/erp42_msgs/lib:/usr/local/cuda-12.6/lib64:/usr/local/cuda-12.6/lib64:/usr/lib/x86_64-linux-gnu/gazebo-11/plugins:/opt/ros/humble/opt/rviz_ogre_vendor/lib:/opt/ros/humble/lib/x86_64-linux-gnu:/opt/ros/humble/lib:/usr/local/cuda-12.6/lib64 /usr/bin/cmake --build /home/aiv/ev_ws/perception/build/lidar_launch -- -j28 -l28
[0.725s] DEBUG:colcon.colcon_core.event_handler.log_command:Invoked command in '/home/aiv/ev_ws/perception/build/velodyne' returned '0': CMAKE_PREFIX_PATH=/home/aiv/ev_ws/perception/install/velodyne_pointcloud:/home/aiv/ev_ws/perception/install/velodyne_driver:/home/aiv/ev_ws/perception/install/velodyne_msgs:/home/aiv/ev_ws/perception/install/velodyne_laserscan:/home/aiv/ev_ws/perception/install/velodyne:/home/aiv/ev_ws/perception/install/lidar_launch:/home/aiv/ev_ws/perception/install/velodyne_cropbox:/home/aiv/ev_ws/perception/install/patchworkpp:/home/aiv/ev_ws/perception/install/lidar_voxel_grid:/home/aiv/ev_ws/perception/install/lidar_tracking:/home/aiv/ev_ws/perception/install/cluster_filter:/home/aiv/ev_ws/perception/install/lidar_interfaces:/home/aiv/ev_ws/perception/install/lidar_clustering:/home/aiv/ev_ws/carsa_gazebo/install/carsa_gazebo:/home/aiv/ev_ws/erp42_ros/install/erp42_serial:/home/aiv/ev_ws/erp42_ros/install/erp42_rqt_plugin:/home/aiv/ev_ws/erp42_ros/install/erp42_gazebo:/home/aiv/ev_ws/erp42_ros/install/erp42_util:/home/aiv/ev_ws/erp42_ros/install/erp42_msgs:/home/aiv/ev_ws/erp42_ros/install/erp42_description:/home/aiv/ev_ws/erp42_ros/install/erp42_cmake:/opt/ros/humble /usr/bin/cmake --build /home/aiv/ev_ws/perception/build/velodyne -- -j28 -l28
[0.726s] DEBUG:colcon.colcon_core.event_handler.log_command:Invoking command in '/home/aiv/ev_ws/perception/build/velodyne': CMAKE_PREFIX_PATH=/home/aiv/ev_ws/perception/install/velodyne_pointcloud:/home/aiv/ev_ws/perception/install/velodyne_driver:/home/aiv/ev_ws/perception/install/velodyne_msgs:/home/aiv/ev_ws/perception/install/velodyne_laserscan:/home/aiv/ev_ws/perception/install/velodyne:/home/aiv/ev_ws/perception/install/lidar_launch:/home/aiv/ev_ws/perception/install/velodyne_cropbox:/home/aiv/ev_ws/perception/install/patchworkpp:/home/aiv/ev_ws/perception/install/lidar_voxel_grid:/home/aiv/ev_ws/perception/install/lidar_tracking:/home/aiv/ev_ws/perception/install/cluster_filter:/home/aiv/ev_ws/perception/install/lidar_interfaces:/home/aiv/ev_ws/perception/install/lidar_clustering:/home/aiv/ev_ws/carsa_gazebo/install/carsa_gazebo:/home/aiv/ev_ws/erp42_ros/install/erp42_serial:/home/aiv/ev_ws/erp42_ros/install/erp42_rqt_plugin:/home/aiv/ev_ws/erp42_ros/install/erp42_gazebo:/home/aiv/ev_ws/erp42_ros/install/erp42_util:/home/aiv/ev_ws/erp42_ros/install/erp42_msgs:/home/aiv/ev_ws/erp42_ros/install/erp42_description:/home/aiv/ev_ws/erp42_ros/install/erp42_cmake:/opt/ros/humble /usr/bin/cmake --install /home/aiv/ev_ws/perception/build/velodyne
[0.734s] DEBUG:colcon.colcon_core.event_handler.log_command:Invoked command in '/home/aiv/ev_ws/perception/build/lidar_launch' returned '0': CMAKE_PREFIX_PATH=/home/aiv/ev_ws/perception/install/velodyne_pointcloud:/home/aiv/ev_ws/perception/install/velodyne_driver:/home/aiv/ev_ws/perception/install/lidar_tracking:/home/aiv/ev_ws/perception/install/cluster_filter:/home/aiv/ev_ws/perception/install/velodyne_msgs:/home/aiv/ev_ws/perception/install/velodyne_cropbox:/home/aiv/ev_ws/perception/install/patchworkpp:/home/aiv/ev_ws/perception/install/lidar_voxel_grid:/home/aiv/ev_ws/perception/install/lidar_interfaces:/home/aiv/ev_ws/perception/install/lidar_clustering:/home/aiv/ev_ws/perception/install/velodyne:/home/aiv/ev_ws/perception/install/lidar_launch:/home/aiv/ev_ws/perception/install/velodyne_laserscan:/home/aiv/ev_ws/carsa_gazebo/install/carsa_gazebo:/home/aiv/ev_ws/erp42_ros/install/erp42_serial:/home/aiv/ev_ws/erp42_ros/install/erp42_rqt_plugin:/home/aiv/ev_ws/erp42_ros/install/erp42_gazebo:/home/aiv/ev_ws/erp42_ros/install/erp42_util:/home/aiv/ev_ws/erp42_ros/install/erp42_msgs:/home/aiv/ev_ws/erp42_ros/install/erp42_description:/home/aiv/ev_ws/erp42_ros/install/erp42_cmake:/opt/ros/humble LD_LIBRARY_PATH=/home/aiv/ev_ws/perception/install/velodyne_pointcloud/lib:/home/aiv/ev_ws/perception/install/velodyne_driver/lib:/home/aiv/ev_ws/perception/install/lidar_tracking/lib:/home/aiv/ev_ws/perception/install/cluster_filter/lib:/home/aiv/ev_ws/perception/install/velodyne_msgs/lib:/home/aiv/ev_ws/perception/install/velodyne_cropbox/lib:/home/aiv/ev_ws/perception/install/patchworkpp/lib:/home/aiv/ev_ws/perception/install/lidar_voxel_grid/lib:/home/aiv/ev_ws/perception/install/lidar_interfaces/lib:/home/aiv/ev_ws/perception/install/lidar_clustering/lib:/home/aiv/ev_ws/perception/install/velodyne_laserscan/lib:/home/aiv/ev_ws/erp42_ros/install/erp42_serial/lib:/home/aiv/ev_ws/erp42_ros/install/erp42_rqt_plugin/lib:/home/aiv/ev_ws/erp42_ros/install/erp42_gazebo/lib:/home/aiv/ev_ws/erp42_ros/install/erp42_util/lib:/home/aiv/ev_ws/erp42_ros/install/erp42_msgs/lib:/usr/local/cuda-12.6/lib64:/usr/local/cuda-12.6/lib64:/usr/lib/x86_64-linux-gnu/gazebo-11/plugins:/opt/ros/humble/opt/rviz_ogre_vendor/lib:/opt/ros/humble/lib/x86_64-linux-gnu:/opt/ros/humble/lib:/usr/local/cuda-12.6/lib64 /usr/bin/cmake --build /home/aiv/ev_ws/perception/build/lidar_launch -- -j28 -l28
[0.734s] DEBUG:colcon.colcon_core.event_handler.log_command:Invoking command in '/home/aiv/ev_ws/perception/build/lidar_launch': CMAKE_PREFIX_PATH=/home/aiv/ev_ws/perception/install/velodyne_pointcloud:/home/aiv/ev_ws/perception/install/velodyne_driver:/home/aiv/ev_ws/perception/install/lidar_tracking:/home/aiv/ev_ws/perception/install/cluster_filter:/home/aiv/ev_ws/perception/install/velodyne_msgs:/home/aiv/ev_ws/perception/install/velodyne_cropbox:/home/aiv/ev_ws/perception/install/patchworkpp:/home/aiv/ev_ws/perception/install/lidar_voxel_grid:/home/aiv/ev_ws/perception/install/lidar_interfaces:/home/aiv/ev_ws/perception/install/lidar_clustering:/home/aiv/ev_ws/perception/install/velodyne:/home/aiv/ev_ws/perception/install/lidar_launch:/home/aiv/ev_ws/perception/install/velodyne_laserscan:/home/aiv/ev_ws/carsa_gazebo/install/carsa_gazebo:/home/aiv/ev_ws/erp42_ros/install/erp42_serial:/home/aiv/ev_ws/erp42_ros/install/erp42_rqt_plugin:/home/aiv/ev_ws/erp42_ros/install/erp42_gazebo:/home/aiv/ev_ws/erp42_ros/install/erp42_util:/home/aiv/ev_ws/erp42_ros/install/erp42_msgs:/home/aiv/ev_ws/erp42_ros/install/erp42_description:/home/aiv/ev_ws/erp42_ros/install/erp42_cmake:/opt/ros/humble LD_LIBRARY_PATH=/home/aiv/ev_ws/perception/install/velodyne_pointcloud/lib:/home/aiv/ev_ws/perception/install/velodyne_driver/lib:/home/aiv/ev_ws/perception/install/lidar_tracking/lib:/home/aiv/ev_ws/perception/install/cluster_filter/lib:/home/aiv/ev_ws/perception/install/velodyne_msgs/lib:/home/aiv/ev_ws/perception/install/velodyne_cropbox/lib:/home/aiv/ev_ws/perception/install/patchworkpp/lib:/home/aiv/ev_ws/perception/install/lidar_voxel_grid/lib:/home/aiv/ev_ws/perception/install/lidar_interfaces/lib:/home/aiv/ev_ws/perception/install/lidar_clustering/lib:/home/aiv/ev_ws/perception/install/velodyne_laserscan/lib:/home/aiv/ev_ws/erp42_ros/install/erp42_serial/lib:/home/aiv/ev_ws/erp42_ros/install/erp42_rqt_plugin/lib:/home/aiv/ev_ws/erp42_ros/install/erp42_gazebo/lib:/home/aiv/ev_ws/erp42_ros/install/erp42_util/lib:/home/aiv/ev_ws/erp42_ros/install/erp42_msgs/lib:/usr/local/cuda-12.6/lib64:/usr/local/cuda-12.6/lib64:/usr/lib/x86_64-linux-gnu/gazebo-11/plugins:/opt/ros/humble/opt/rviz_ogre_vendor/lib:/opt/ros/humble/lib/x86_64-linux-gnu:/opt/ros/humble/lib:/usr/local/cuda-12.6/lib64 /usr/bin/cmake --install /home/aiv/ev_ws/perception/build/lidar_launch
[0.735s] Level 1:colcon.colcon_core.environment:create_environment_scripts_only(velodyne)
[0.735s] Level 1:colcon.colcon_core.environment:checking '/home/aiv/ev_ws/perception/install/velodyne' for CMake module files
[0.735s] DEBUG:colcon.colcon_core.event_handler.log_command:Invoked command in '/home/aiv/ev_ws/perception/build/velodyne' returned '0': CMAKE_PREFIX_PATH=/home/aiv/ev_ws/perception/install/velodyne_pointcloud:/home/aiv/ev_ws/perception/install/velodyne_driver:/home/aiv/ev_ws/perception/install/velodyne_msgs:/home/aiv/ev_ws/perception/install/velodyne_laserscan:/home/aiv/ev_ws/perception/install/velodyne:/home/aiv/ev_ws/perception/install/lidar_launch:/home/aiv/ev_ws/perception/install/velodyne_cropbox:/home/aiv/ev_ws/perception/install/patchworkpp:/home/aiv/ev_ws/perception/install/lidar_voxel_grid:/home/aiv/ev_ws/perception/install/lidar_tracking:/home/aiv/ev_ws/perception/install/cluster_filter:/home/aiv/ev_ws/perception/install/lidar_interfaces:/home/aiv/ev_ws/perception/install/lidar_clustering:/home/aiv/ev_ws/carsa_gazebo/install/carsa_gazebo:/home/aiv/ev_ws/erp42_ros/install/erp42_serial:/home/aiv/ev_ws/erp42_ros/install/erp42_rqt_plugin:/home/aiv/ev_ws/erp42_ros/install/erp42_gazebo:/home/aiv/ev_ws/erp42_ros/install/erp42_util:/home/aiv/ev_ws/erp42_ros/install/erp42_msgs:/home/aiv/ev_ws/erp42_ros/install/erp42_description:/home/aiv/ev_ws/erp42_ros/install/erp42_cmake:/opt/ros/humble /usr/bin/cmake --install /home/aiv/ev_ws/perception/build/velodyne
[0.736s] Level 1:colcon.colcon_core.environment:checking '/home/aiv/ev_ws/perception/install/velodyne' for CMake config files
[0.736s] Level 1:colcon.colcon_core.shell:create_environment_hook('velodyne', 'cmake_prefix_path')
[0.736s] INFO:colcon.colcon_core.shell:Creating environment hook '/home/aiv/ev_ws/perception/install/velodyne/share/velodyne/hook/cmake_prefix_path.ps1'
[0.737s] INFO:colcon.colcon_core.shell:Creating environment descriptor '/home/aiv/ev_ws/perception/install/velodyne/share/velodyne/hook/cmake_prefix_path.dsv'
[0.737s] INFO:colcon.colcon_core.shell:Creating environment hook '/home/aiv/ev_ws/perception/install/velodyne/share/velodyne/hook/cmake_prefix_path.sh'
[0.737s] Level 1:colcon.colcon_core.environment:checking '/home/aiv/ev_ws/perception/install/velodyne/bin'
[0.737s] Level 1:colcon.colcon_core.environment:checking '/home/aiv/ev_ws/perception/install/velodyne/lib/pkgconfig/velodyne.pc'
[0.738s] Level 1:colcon.colcon_core.environment:checking '/home/aiv/ev_ws/perception/install/velodyne/lib/python3.10/site-packages'
[0.738s] Level 1:colcon.colcon_core.environment:checking '/home/aiv/ev_ws/perception/install/velodyne/bin'
[0.738s] INFO:colcon.colcon_core.shell:Creating package script '/home/aiv/ev_ws/perception/install/velodyne/share/velodyne/package.ps1'
[0.739s] INFO:colcon.colcon_core.shell:Creating package descriptor '/home/aiv/ev_ws/perception/install/velodyne/share/velodyne/package.dsv'
[0.739s] INFO:colcon.colcon_core.shell:Creating package script '/home/aiv/ev_ws/perception/install/velodyne/share/velodyne/package.sh'
[0.739s] INFO:colcon.colcon_core.shell:Creating package script '/home/aiv/ev_ws/perception/install/velodyne/share/velodyne/package.bash'
[0.740s] INFO:colcon.colcon_core.shell:Creating package script '/home/aiv/ev_ws/perception/install/velodyne/share/velodyne/package.zsh'
[0.740s] Level 1:colcon.colcon_core.environment:create_file_with_runtime_dependencies(/home/aiv/ev_ws/perception/install/velodyne/share/colcon-core/packages/velodyne)
[0.740s] Level 1:colcon.colcon_core.environment:create_environment_scripts_only(velodyne)
[0.741s] Level 1:colcon.colcon_core.environment:checking '/home/aiv/ev_ws/perception/install/velodyne' for CMake module files
[0.741s] Level 1:colcon.colcon_core.environment:checking '/home/aiv/ev_ws/perception/install/velodyne' for CMake config files
[0.741s] Level 1:colcon.colcon_core.shell:create_environment_hook('velodyne', 'cmake_prefix_path')
[0.741s] INFO:colcon.colcon_core.shell:Creating environment hook '/home/aiv/ev_ws/perception/install/velodyne/share/velodyne/hook/cmake_prefix_path.ps1'
[0.742s] INFO:colcon.colcon_core.shell:Creating environment descriptor '/home/aiv/ev_ws/perception/install/velodyne/share/velodyne/hook/cmake_prefix_path.dsv'
[0.742s] INFO:colcon.colcon_core.shell:Creating environment hook '/home/aiv/ev_ws/perception/install/velodyne/share/velodyne/hook/cmake_prefix_path.sh'
[0.742s] Level 1:colcon.colcon_core.environment:checking '/home/aiv/ev_ws/perception/install/velodyne/bin'
[0.742s] Level 1:colcon.colcon_core.environment:checking '/home/aiv/ev_ws/perception/install/velodyne/lib/pkgconfig/velodyne.pc'
[0.743s] Level 1:colcon.colcon_core.environment:checking '/home/aiv/ev_ws/perception/install/velodyne/lib/python3.10/site-packages'
[0.743s] Level 1:colcon.colcon_core.environment:checking '/home/aiv/ev_ws/perception/install/velodyne/bin'
[0.743s] INFO:colcon.colcon_core.shell:Creating package script '/home/aiv/ev_ws/perception/install/velodyne/share/velodyne/package.ps1'
[0.744s] INFO:colcon.colcon_core.shell:Creating package descriptor '/home/aiv/ev_ws/perception/install/velodyne/share/velodyne/package.dsv'
[0.744s] INFO:colcon.colcon_core.shell:Creating package script '/home/aiv/ev_ws/perception/install/velodyne/share/velodyne/package.sh'
[0.744s] INFO:colcon.colcon_core.shell:Creating package script '/home/aiv/ev_ws/perception/install/velodyne/share/velodyne/package.bash'
[0.745s] INFO:colcon.colcon_core.shell:Creating package script '/home/aiv/ev_ws/perception/install/velodyne/share/velodyne/package.zsh'
[0.745s] Level 1:colcon.colcon_core.environment:create_file_with_runtime_dependencies(/home/aiv/ev_ws/perception/install/velodyne/share/colcon-core/packages/velodyne)
[0.746s] Level 1:colcon.colcon_core.environment:create_environment_scripts_only(lidar_launch)
[0.746s] Level 1:colcon.colcon_core.environment:checking '/home/aiv/ev_ws/perception/install/lidar_launch' for CMake module files
[0.747s] DEBUG:colcon.colcon_core.event_handler.log_command:Invoked command in '/home/aiv/ev_ws/perception/build/lidar_launch' returned '0': CMAKE_PREFIX_PATH=/home/aiv/ev_ws/perception/install/velodyne_pointcloud:/home/aiv/ev_ws/perception/install/velodyne_driver:/home/aiv/ev_ws/perception/install/lidar_tracking:/home/aiv/ev_ws/perception/install/cluster_filter:/home/aiv/ev_ws/perception/install/velodyne_msgs:/home/aiv/ev_ws/perception/install/velodyne_cropbox:/home/aiv/ev_ws/perception/install/patchworkpp:/home/aiv/ev_ws/perception/install/lidar_voxel_grid:/home/aiv/ev_ws/perception/install/lidar_interfaces:/home/aiv/ev_ws/perception/install/lidar_clustering:/home/aiv/ev_ws/perception/install/velodyne:/home/aiv/ev_ws/perception/install/lidar_launch:/home/aiv/ev_ws/perception/install/velodyne_laserscan:/home/aiv/ev_ws/carsa_gazebo/install/carsa_gazebo:/home/aiv/ev_ws/erp42_ros/install/erp42_serial:/home/aiv/ev_ws/erp42_ros/install/erp42_rqt_plugin:/home/aiv/ev_ws/erp42_ros/install/erp42_gazebo:/home/aiv/ev_ws/erp42_ros/install/erp42_util:/home/aiv/ev_ws/erp42_ros/install/erp42_msgs:/home/aiv/ev_ws/erp42_ros/install/erp42_description:/home/aiv/ev_ws/erp42_ros/install/erp42_cmake:/opt/ros/humble LD_LIBRARY_PATH=/home/aiv/ev_ws/perception/install/velodyne_pointcloud/lib:/home/aiv/ev_ws/perception/install/velodyne_driver/lib:/home/aiv/ev_ws/perception/install/lidar_tracking/lib:/home/aiv/ev_ws/perception/install/cluster_filter/lib:/home/aiv/ev_ws/perception/install/velodyne_msgs/lib:/home/aiv/ev_ws/perception/install/velodyne_cropbox/lib:/home/aiv/ev_ws/perception/install/patchworkpp/lib:/home/aiv/ev_ws/perception/install/lidar_voxel_grid/lib:/home/aiv/ev_ws/perception/install/lidar_interfaces/lib:/home/aiv/ev_ws/perception/install/lidar_clustering/lib:/home/aiv/ev_ws/perception/install/velodyne_laserscan/lib:/home/aiv/ev_ws/erp42_ros/install/erp42_serial/lib:/home/aiv/ev_ws/erp42_ros/install/erp42_rqt_plugin/lib:/home/aiv/ev_ws/erp42_ros/install/erp42_gazebo/lib:/home/aiv/ev_ws/erp42_ros/install/erp42_util/lib:/home/aiv/ev_ws/erp42_ros/install/erp42_msgs/lib:/usr/local/cuda-12.6/lib64:/usr/local/cuda-12.6/lib64:/usr/lib/x86_64-linux-gnu/gazebo-11/plugins:/opt/ros/humble/opt/rviz_ogre_vendor/lib:/opt/ros/humble/lib/x86_64-linux-gnu:/opt/ros/humble/lib:/usr/local/cuda-12.6/lib64 /usr/bin/cmake --install /home/aiv/ev_ws/perception/build/lidar_launch
[0.747s] Level 1:colcon.colcon_core.environment:checking '/home/aiv/ev_ws/perception/install/lidar_launch' for CMake config files
[0.747s] Level 1:colcon.colcon_core.shell:create_environment_hook('lidar_launch', 'cmake_prefix_path')
[0.747s] INFO:colcon.colcon_core.shell:Creating environment hook '/home/aiv/ev_ws/perception/install/lidar_launch/share/lidar_launch/hook/cmake_prefix_path.ps1'
[0.748s] INFO:colcon.colcon_core.shell:Creating environment descriptor '/home/aiv/ev_ws/perception/install/lidar_launch/share/lidar_launch/hook/cmake_prefix_path.dsv'
[0.748s] INFO:colcon.colcon_core.shell:Creating environment hook '/home/aiv/ev_ws/perception/install/lidar_launch/share/lidar_launch/hook/cmake_prefix_path.sh'
[0.748s] Level 1:colcon.colcon_core.environment:checking '/home/aiv/ev_ws/perception/install/lidar_launch/bin'
[0.748s] Level 1:colcon.colcon_core.environment:checking '/home/aiv/ev_ws/perception/install/lidar_launch/lib/pkgconfig/lidar_launch.pc'
[0.748s] Level 1:colcon.colcon_core.environment:checking '/home/aiv/ev_ws/perception/install/lidar_launch/lib/python3.10/site-packages'
[0.748s] Level 1:colcon.colcon_core.environment:checking '/home/aiv/ev_ws/perception/install/lidar_launch/bin'
[0.749s] INFO:colcon.colcon_core.shell:Creating package script '/home/aiv/ev_ws/perception/install/lidar_launch/share/lidar_launch/package.ps1'
[0.749s] INFO:colcon.colcon_core.shell:Creating package descriptor '/home/aiv/ev_ws/perception/install/lidar_launch/share/lidar_launch/package.dsv'
[0.749s] INFO:colcon.colcon_core.shell:Creating package script '/home/aiv/ev_ws/perception/install/lidar_launch/share/lidar_launch/package.sh'
[0.749s] INFO:colcon.colcon_core.shell:Creating package script '/home/aiv/ev_ws/perception/install/lidar_launch/share/lidar_launch/package.bash'
[0.749s] INFO:colcon.colcon_core.shell:Creating package script '/home/aiv/ev_ws/perception/install/lidar_launch/share/lidar_launch/package.zsh'
[0.749s] Level 1:colcon.colcon_core.environment:create_file_with_runtime_dependencies(/home/aiv/ev_ws/perception/install/lidar_launch/share/colcon-core/packages/lidar_launch)
[0.750s] Level 1:colcon.colcon_core.environment:create_environment_scripts_only(lidar_launch)
[0.750s] Level 1:colcon.colcon_core.environment:checking '/home/aiv/ev_ws/perception/install/lidar_launch' for CMake module files
[0.750s] Level 1:colcon.colcon_core.environment:checking '/home/aiv/ev_ws/perception/install/lidar_launch' for CMake config files
[0.750s] Level 1:colcon.colcon_core.shell:create_environment_hook('lidar_launch', 'cmake_prefix_path')
[0.750s] INFO:colcon.colcon_core.shell:Creating environment hook '/home/aiv/ev_ws/perception/install/lidar_launch/share/lidar_launch/hook/cmake_prefix_path.ps1'
[0.750s] INFO:colcon.colcon_core.shell:Creating environment descriptor '/home/aiv/ev_ws/perception/install/lidar_launch/share/lidar_launch/hook/cmake_prefix_path.dsv'
[0.751s] INFO:colcon.colcon_core.shell:Creating environment hook '/home/aiv/ev_ws/perception/install/lidar_launch/share/lidar_launch/hook/cmake_prefix_path.sh'
[0.751s] Level 1:colcon.colcon_core.environment:checking '/home/aiv/ev_ws/perception/install/lidar_launch/bin'
[0.751s] Level 1:colcon.colcon_core.environment:checking '/home/aiv/ev_ws/perception/install/lidar_launch/lib/pkgconfig/lidar_launch.pc'
[0.751s] Level 1:colcon.colcon_core.environment:checking '/home/aiv/ev_ws/perception/install/lidar_launch/lib/python3.10/site-packages'
[0.751s] Level 1:colcon.colcon_core.environment:checking '/home/aiv/ev_ws/perception/install/lidar_launch/bin'
[0.751s] INFO:colcon.colcon_core.shell:Creating package script '/home/aiv/ev_ws/perception/install/lidar_launch/share/lidar_launch/package.ps1'
[0.752s] INFO:colcon.colcon_core.shell:Creating package descriptor '/home/aiv/ev_ws/perception/install/lidar_launch/share/lidar_launch/package.dsv'
[0.752s] INFO:colcon.colcon_core.shell:Creating package script '/home/aiv/ev_ws/perception/install/lidar_launch/share/lidar_launch/package.sh'
[0.752s] INFO:colcon.colcon_core.shell:Creating package script '/home/aiv/ev_ws/perception/install/lidar_launch/share/lidar_launch/package.bash'
[0.752s] INFO:colcon.colcon_core.shell:Creating package script '/home/aiv/ev_ws/perception/install/lidar_launch/share/lidar_launch/package.zsh'
[0.752s] Level 1:colcon.colcon_core.environment:create_file_with_runtime_dependencies(/home/aiv/ev_ws/perception/install/lidar_launch/share/colcon-core/packages/lidar_launch)
[0.752s] DEBUG:colcon.colcon_parallel_executor.executor.parallel:closing loop
[0.753s] DEBUG:colcon.colcon_parallel_executor.executor.parallel:loop closed
[0.753s] DEBUG:colcon.colcon_parallel_executor.executor.parallel:run_until_complete finished with '0'
[0.753s] DEBUG:colcon.colcon_core.event_reactor:joining thread
[0.756s] INFO:colcon.colcon_core.plugin_system:Skipping extension 'colcon_notification.desktop_notification.terminal_notifier': Not used on non-Darwin systems
[0.756s] INFO:colcon.colcon_core.plugin_system:Skipping extension 'colcon_notification.desktop_notification.win32': Not used on non-Windows systems
[0.756s] INFO:colcon.colcon_notification.desktop_notification:Sending desktop notification using 'notify2'
[0.763s] DEBUG:colcon.colcon_core.event_reactor:joined thread
[0.763s] INFO:colcon.colcon_core.shell:Creating prefix script '/home/aiv/ev_ws/perception/install/local_setup.ps1'
[0.764s] INFO:colcon.colcon_core.shell:Creating prefix util module '/home/aiv/ev_ws/perception/install/_local_setup_util_ps1.py'
[0.765s] INFO:colcon.colcon_core.shell:Creating prefix chain script '/home/aiv/ev_ws/perception/install/setup.ps1'
[0.765s] INFO:colcon.colcon_core.shell:Creating prefix script '/home/aiv/ev_ws/perception/install/local_setup.sh'
[0.766s] INFO:colcon.colcon_core.shell:Creating prefix util module '/home/aiv/ev_ws/perception/install/_local_setup_util_sh.py'
[0.766s] INFO:colcon.colcon_core.shell:Creating prefix chain script '/home/aiv/ev_ws/perception/install/setup.sh'
[0.767s] INFO:colcon.colcon_core.shell:Creating prefix script '/home/aiv/ev_ws/perception/install/local_setup.bash'
[0.767s] INFO:colcon.colcon_core.shell:Creating prefix chain script '/home/aiv/ev_ws/perception/install/setup.bash'
[0.768s] INFO:colcon.colcon_core.shell:Creating prefix script '/home/aiv/ev_ws/perception/install/local_setup.zsh'
[0.768s] INFO:colcon.colcon_core.shell:Creating prefix chain script '/home/aiv/ev_ws/perception/install/setup.zsh'
